-200.0
-572.1293489273387
-1489.4718362203005
-125.46485104261662
-2459.2479928565444
-10571.174019571145
-2190.90361962273
-5134.392408373077
534.3407752039101
-200.0
382.7504119851785
-42402.93385915769
-4109.036215347434
-4943.9184517294225
-56048.88294435964
-6900.572065777674
-27094.0517418013
-26646.36863303997
-1970.9059397691367
-200.0
-5465.254113138098
-16460.158420793472
-1418.344622162998
-16200.807650208577
-13022.168075740301
643.7600459627805
380.535723174949
-2464.554480104641
-11674.350989708413
-6822.955752052964
-5535.947445076028
-5965.704311809372
-24884.390992072473
-2233.7302083802624
-1557.0551616211792
-31298.286774064112
-15089.754723379749
-3198.8198422230553
-371.2127459671319
332.54645713946707
-1495.05983994783
-200.0
-2211.873343082282
-5754.5920147368015
-25263.349450376736
-4976.435849994598
-3801.5598619837447
-200.0
-107.5806357412961
-200.0
-32624.02644267682
-200.0
311.5267028098541
-200.0
-13410.551496918712
-29043.381668530892
1915.126623533824
-19254.596291318
-200.0
-40735.66668267062
-200.0
-23787.095063454126
-52037.51848997426
-14696.543583008268
-128461.42782435095
-5261.081416481607
-200.0
-2640.2544495085604
6.285270775698308
-15274.9800775326
-5331.579424988845
-6471.357657205643
-200.0
-200.0
273.6983946532558
-5674.758565624501
-17177.232671765792
-1086.1831841702037
-7470.825235811885
-1477.5390846240043
-13633.455554086051
-43561.31706579099
-200.0
-11441.000746266827
-5926.863565353299
-11871.225179721801
-9817.55138501544
319.95842541292075
-8697.288769152874
-3736.9294400039316
-40777.68358995552
-200.0
-4097.602072743559
222.53750357563803
-1193.7453778072684
-2698.5472601155825
-4946.487438428189
-15881.480726376925
-177.5531917208217
-392774.91912207037
-34604.736680992755
-10199.318910682952
-14115.928277402138
275.76354727711583
-2953.675072834807
-6530.415102001214
-200.0
-200.0
-1727.446769009144
-3972.292605446265
-2332.3821101374733
-243063.48725734517
-17973.848541472777
-1784.239071609441
-3973.6731535106987
-122.79484827151173
-2527.293654107242
-200.0
-3702.7498887104152
6.495829042921258
-3762.7208999266672
-4072.3347422040715
-9700.8380866208
-9467.013406609458
-6616.836855692472
-200.0
-200.0
-15352.313309806275
-1257.9317681235702
-3266.4429958442647
-200.0
-25127.410659047928
-2077.9342627573797
-5453.435656669317
-200.0
-200.0
-2977.0442618045563
547.3982305800814
-115287.35400409585
118.1729506636413
-4504.804148494466
-3109.091769286765
393.44640323827684
-111891.09021862615
-1918.0197231412756
-231.79807277866465
-2131.3679082261483
-244.28871796869936
-2883.663149817487
-24538.192430799463
-439798.7269397559
-200.0
-18166.767282245994
-2593.983708418551
-15236.184804474071
-7351.165602905005
-2901.9179839910635
-26468.929730213495
-11722.92245067011
-1208.6700443311556
-17653.763498080447
-200.0
-242.45567220982522
-1107.5891138140555
-1378.7063820094577
-20215.407243779915
-9224.903274086248
-8444.349670212036
-16138.68449118697
-3089.871662219568
-13726.105592401902
-7886.270161763136
-694.095699545305
-18051.528056453404
-1887.4057298945147
-801.7118038123399
-5195.995122133928
-54851.95327085557
-200.0
-6013.391446757184
122.31784395979423
-200.0
130.00830604885482
-8159.891475865344
-15521.146039233921
-9389.452345116457
-3522.411078034228
-3020.5332913574903
-200.0
-13333.715030020863
-200.0
-200.0
-17068.71264881158
-200.0
-19690.074027458486
-36951.79636230466
100.0
-12166.227049874215
-14429.396744256075
-4773.17989884591
-22060.753654843957
-3066.9656383070096
-2153.9336765629832
-24823.409393084843
-4654.055493667516
-36446.067675321996
-5454.370344148986
-2368.410643594493
317.7799046027344
-3762.1301721464283
-1254.9191233238341
-7102.188854820991
-200.0
-200.0
-4692.05449664026
-5405.250751439429
-1893.2818132989287
-6973.129100080183
-1837.5420717059487
-19812.66057466554
-200.0
-9235.114919845293
-793.3683573572882
181.35383256414536
-667.9021648895819
-1511.3067615409864
-119.66003271909614
-200.0
-13.203538674559212
-2241.836317444523
147.89041081528745
-2494.4056753055147
-200.0
-200.0
-200.0
-6047.690762707165
-2108.4243006175816
-7435.558029133073
-543.1261516424476
-200.0
-5044.299065045527
-178.2556127480718
-58439.103717071506
-16205.716611351221
-16772.982048396647
-604.1971624016901
-15276.472134198342
-125938.56262998769
-32681.201580104607
-15212.660352273711
-15594.260000191363
-4571.058915841204
-3417.632591836127
-200.0
-200.0
-5962.364132797034
-9550.59793536042
-1.7092743703213955
-4568.537886286416
-6090.406263968839
-95.81429869953763
-200.0
-3194.78317008669
-200.0
-14849.1904491724
-14844.829055745024
-67.09493902699214
-86936.8888301459
-1743.5073752656072
-5957.710106234922
-200.0
-6865.830518957529
-63166.538478796865
-6969.463631460732
-6139.380327781654
-200.0
-3256.7767591223414
-200.0
-3628.5056304336517
-200.0
579.4832726166129
201.35422829985737
-14377.3740372332
-1313.6411733608934
-4753.234156830881
-4669.009545931796
-11396.900584956165
-4089.08784811549
-2362.0797160698526
-200.0
-6992.240397608482
-3699.356498304547
-7647.466629758099
-200.0
-200.0
-48504.916423242845
-9171.36134859665
-736.1670296285282
-1201.3833010643161
-18589.79267644242
-6286.364410069039
-200.0
-4596.223599658932
-1366.0305090617114
-3903.508250128935
424.4057204200301
-3628.656903647395
-2471.3506585367263
-219.476320391082
-200.0
-1977.0831468566785
-200.0
-6910.233755607309
-200.0
225.9242842174898
-13699.344959117576
-1331.396141544733
-1953.603163706464
-1054.1782458237383
-13429.618410517047
-1739.490444785331
-3983.290814607901
-200.0
886.4417587119165
-4029.1229106877804
436.4809242879527
-2977.062677326938
-48978.79749026784
-2596.942879903084
-21548.159757614587
-6667.965049773882
-12271.355551877245
185.0127768973785
-200.0
-16774.16893874656
-200.0
-7403.9447062669105
-8689.634112806078
-3938.669386201788
-7209.092405429851
-2219.469225256121
-15398.275662034132
-200.0
-173.17575784223288
501.94494369469794
-200.0
-3926.499385125175
-424.9341374803831
-11078.313873348548
-4001.1666747302675
-657.6633594158868
-3426.880969099932
-4310.774871977612
-2339.6747017360394
-12068.85943334047
-6965.681315576505
-3252.2663846517185
-6288.554016022394
-7160.008537009833
-200.0
-1932.1487215833156
-916.0855253123591
-40387.37305080453
-200.0
-156.50769928956817
-12465.720429385266
-712.7042430264888
94.41225046250571
-1035.8174326898006
-237.47323351760028
-2409.214535251257
-8556.811545153927
-1313.9762528039078
16.078661722155033
-39249.6302594573
-1652.3490500879216
-13350.269686501688
-200.0
-15076.64609577502
-200.0
164.51883503042194
-45279.61071773076
-4220.542213285384
-814.7627416167056
-571.2976822555801
-15050.355574110834
-200.0
-58371.4982610669
-1912.8310553410593
-3631.692611908457
-46849.49688743358
-5004.042273675472
-1296.1065502361885
-13656.648560059926
-14174.79926889601
-1508.1088727342092
-12893.163079242331
-1500.3973913130185
-1085.6799228299333
-6082.073876621768
-18088.342836442123
-2943.2384022998185
-200.0
-35483.90850887315
-64556.16983372687
-1798.1422252553207
-5603.378064383745
-6286.18328210795
-1473.114032749164
-53.685587442471586
-190.96382137612537
-180.29533189822374
-274.40837094427616
764.4433572580925
521.8535934477102
-15616.424663059786
-11747.383755102785
-2632.036231070033
-2971.341058306173
-2732.4808635329405
-1386.9632509690439
-6767.768357522283
-200.0
-979.6200077851367
-4594.37666412994
-3846.27367115942
-308790.9214985631
-5864.6986868248605
-1571.602112288232
-200.0
-61.648500795744155
-337.12675384998283
-3426.7648222205426
-54072.59902118615
-136.59254159677891
-11652.707132002726
-663.9228934102159
2212.938868919677
-175.81614010647215
-24181.750955462798
-200.0
1389.9386881392115
-169.81805578304545
77.4932313440919
-43032.880180096145
357.61897310486904
-34663.5283588846
-3145.1344978104084
-1377.8254950960632
-1905.6206007730361
244.32331416265924
-17290.063545438275
-24177.239737316948
-74340.40733204043
-82893.97234572684
-2103.7105886993654
-350.07632903737783
-5677.094880695972
-6389.689829511864
-200.0
100.0
-6142.138591335322
-8342.627060201577
-211.50672604142622
-165.83664095290808
-6046.532391671327
-503777.32702015137
-2185.62236561334
-13326.328775724676
-3747.2562325464883
-200.0
-532.8711684714053
-85922.52511390312
-890.2787887647211
-1834.5982280158448
-2352.2711457397004
-201.7253863628888
-356.1953419088616
-2058.284084152988
-200.0
-200.0
-200.0
-46141.29191648711
-5563.394476722146
-1002.3364246789954
-200.0
-5640.842241591977
-1845.1369978757975
-2714.3032756923008
-6619.726187660813
-200.0
264.1576266601905
-415.30084347214824
-6176.273480696823
-9896.454459363145
-5706.2876006441975
-200.0
-200.0
-8904.621630914568
-5422.84871988839
-162.0580824136805
-13295.997021462825
-496.1687050262469
-10069.150784445841
-3806.6339127773163
-1461.6311527897064
255.05684343653326
-7277.554280705529
-53124.4225401746
-4211.427530852868
-555.1370351868286
-200.0
-48899.935442927934
-200.0
-5695.924138404787
-8536.738562261817
-200.0
-7517.074687509088
-4574.617856337464
-200.0
-8763.914592806745
-12349.521849626168
-2846.9860232126175
-8460.655875033532
-5232.9046314159905
-1763.504276511661
-62997.76824012118
280.72033566189987
132.646547024631
-5422.997978428717
-16019.033405291868
-8719.177754071563
-8516.341564597238
-29907.662921698335
-6448.401280867941
673.3306190952911
-4353.144206134531
-6705.6363986575725
-233.37289553947775
-200.0
-19164.243664579484
-200.0
1098.2485092468387
-71021.41187788981
-20832.923675378486
-133.47815230551885
-66.47748118655252
-4041.7946138551483
-9681.757923839212
-33627.46612631865
-13920.220004012486
-629.1787100955831
-200.0
-2223.2539055970165
-5074.143906669315
-5176.6350630769775
-3404.5468935212884
-30022.59524338389
-189560.0333759367
-2404.117298195748
-872.8987672389821
-6424.942161817648
-200.0
-200.0
-200.0
-14029.78363137447
-57731.76375834831
-57557.33277175294
-4598.259853107575
-9467.285333736352
-200.0
-4981.668998191032
-3601.953968440491
-200.0
-12071.783419284322
-26075.065421721167
-200.0
-429.36148201221715
-200.0
280.2320648557889
-178.4667857157126
-200.0
408.3041817342221
-200.0
-173.3592125672096
-68.60876529913136
-6020.06735908757
-5695.5090389731
-339871.434859453
-495.42269924273603
-15906.891004335637
-28584.779338012584
-1064.729768451816
-6519.190242031374
-6189.67188993417
-200.0
-200.0
-33075.57347901205
-39881.60707000453
-200.0
-10000.06505193193
-3237.2840751111107
-21494.135450043537
-3420.19302523621
-1326.7076819829342
-10499.876924480654
-58634.1216812349
-16913.74742593955
-2295.352277717337
-3629.085200417987
-9720.391744898037
-2298.6076236240824
-940.6543256332303
-200.0
-7274.984151370318
-1091.3163616945492
-200.0
-3228.9310425321437
-12601.841896759961
147.2366898577257
-30925.63303953186
-39644.18377144243
-2540.9891698327915
-19707.673922962647
-32218.349613355163
-18278.16108284431
-484.30590578002557
-34633.801607025234
-16335.624755278692
-5774.219731531435
-53910.61689533402
-2822.0107633000093
-173.41285550662687
-64488.15376922568
-223.01168474413285
-7034.163729018621
-1308.3984910085744
-8056.291697121378
-36756.669518620736
-3621.9540610658187
-10535.808198566225
-10023.110822034625
-200.0
-19018.88093029445
-9412.080719907002
-70810.33672560661
-5537.886336661669
-2772.099147145439
-21605.51243066321
-200.0
-3357.492907859145
-9016.722711326416
-200.0
-9871.49210765328
-5239.371378957323
-200.0
-200.0
-12075.366906042855
488.7308306955026
-36284.456954917194
-16181.776315005733
-6366.4485449958065
-12406.539525478402
-6749.541151411547
-200.0
-200.0
-12481.816549062643
-4423.647155341539
-4793.569454511057
-137691.16288254576
-606.7525674813785
714.4013867735946
-17445.524613390473
-53097.94205771825
-680.2871860686172
-14750.510662329361
-8055.231491728103
-200.0
-4023.7879661565594
-5162.762227177128
-200.0
-12107.040368251832
-1850.6609037142246
-31259.5159648465
-444.0964562141371
-42928.03963195079
-11201.267621443392
-345.92508895005426
-23137.27222349241
-27052.83344742518
-30024.5930305469
-29752.915744661106
-200.0
-200.0
-28296.707381578773
-2577.9271378995395
-81.48236205705456
-3638.7005922880257
-8638.991804002922
-2018.2341469199923
-200.0
-200.0
-27742.58074207897
-9509.594932713184
293.98029961652287
-50533.24857975844
-56069.10572735029
-1347.5782395055155
349.58475717535634
-21522.06397215947
-8249.454944174671
-109.28624841137126
-3764.2373323516545
100.0
-2369.924841981184
-7581.1037369912265
483.18570208002416
-790.0236959940348
-200.0
-1805.3574253525044
-1586.977751885536
-27112.57593861395
-15874.165325643413
-96.5112532019549
-200.0
-2967.836915723756
-4491.887612079759
-1488.5951516762184
-1955.9095394069607
-3940.8716433627155
-1821.9111023709079
-200.0
-2151.6791023030646
-7008.834804358666
-2093.2700536752654
-3540.3769442156236
-108146.59366528488
-12513.733670946798
-3571.771494468128
-8818.364483103713
332.7194716944449
-12321.291123767489
-144260.91194558397
-41933.57121737377
-1122.3262657667228
-2227.6306938949274
-200.0
-11388.40749929095
-7260.4378248961275
-200.0
-67367.67476978138
105.95574585696147
-176.6470189613408
854.0210947603889
-5238.518364461765
-63832.8593353093
-14465.361912320976
-494.2789421075044
-200.0
684.7931337885304
-27628.30871422587
-200.0
-1981.4897802807704
-200.0
-200.0
-7630.190584822834
-11714.364493492954
-1183.4005172811471
75.30309544053182
-200.0
-18053.77320880852
-344.9019246766121
-5823.755966498903
-11558.489933018514
-200.0
-200.0
-198.00086463222826
-1733.7706159945053
-2901.6486575512363
-196.00044045089666
-5988.967555167037
284.6600186129386
-1751.212391648755
-200.0
384.5822448461238
-3515.500947661192
-1099.8097999444396
-20821.079669131934
-200.0
-200.0
-540.8595108935424
-200.0
162.88190723435991
-1901.3814465585228
-200.0
678.0856734729879
-31516.28509574104
267.2539815960781
-5065.720956638667
-252.52071245332831
-8168.660677302337
-200.0
-11347.562290974498
-21502.35648651634
-200.0
-200.0
2278.2719686160135
-78.66679997366647
-10750.292342535418
-18.54607020885689
-495.10706867022543
-2408.4093483378556
-200.0
-11563.606463413353
-12835.940939278202
-1535.1232183369298
-200.0
-4253.829747584526
-501.10185228773156
-18123.55198358164
-10069.109023341787
-5187.186398463929
282.6156910001605
335.72941435760197
-2370.165063955292
-20163.83115711422
-47546.15433455562
-359.111207511362
-2428.2249337351973
-1968.1211550822022
-216.23039327420497
-2818.703743285968
-1702.052692402001
-1811.1958567552106
-83952.22823710507
120.9794970308048
2128.75702515062
-3349.941247256561
-200.0
-21539.006180411852
-1787.1629204578667
-19356.329447354146
-7868.432297729471
-8349.090466014259
-1606.3663723517689
-37598.003123506
-118.86518053505888
-9149.550888255253
-520.5372348101616
-11531.569572643699
-36325.12156957869
523.82639179805
-1219.3347102353607
-200.0
-5077.168573629457
-6130.668351900772
-200.0
-200.0
885.8102975378113
-10871.252157917237
-115233.94532333141
-6017.363424226155
-31002.60884516235
445.4646650426894
-14362.896334218394
-101105.4457659783
-200.0
-88664.7223838773
-200.0
-12001.897692806444
-17125.01233832967
-23067.616479749893
-200.0
-14775.366660799284
-1393.5740750938796
-171.57124343451994
-200.0
-67.77232535310299
-29140.026462397083
-1674.2544419956123
-32096.127685571984
-45643.228931938014
-200.0
-200.0
-3294.429140038298
227.26967759470216
-20408.20277214639
-52.369555219616785
431.1085592519403
-16760.287629486524
100.0
-1859.4853092655092
606.365225929549
-34803.180778334536
-133.09229114840025
-2103.6034896464425
-3084.9461654540505
-3502.185956081865
-14204.474357423309
-3842.303963900791
-200.0
-33851.36118270934
-1534.0080121654496
4032.4318208227733
-9701.823690006342
-6649.53145245826
-18301.75406942183
-11492.787298574958
-200.0
-4772.458603930204
-200.0
-3774.3282172403465
-2251.0753542736047
-4420.751040631855
-17666.21225054852
-59583.29436614667
-15990.852916946038
160.89059622260436
-16862.800021682917
-26940.91298495074
-2571.3515499932682
-1663.1067387550406
-200.0
1151.5107254432075
1315.6222475559696
-4091.09292665966
-11783.109216450504
625.4710066149784
-1937.8652637754979
-6574.243982983634
210.0854338689345
-1615.266584661751
-1305.8444907487828
-200.0
-200.0
-200.0
-200.0
-77376.62941563332
-7820.245312230571
941.1753876773225
659.1882363943847
-200.0
-87.31149225041736
-74081.35867685579
334.41009588080715
-2704.970389038019
-7590.433097456025
-200.0
-6746.6489296378795
-7773.324060516682
-2955.3288253916753
-3131.4317116650996
-4250.371876925157
-200.0
-2549.1481346170494
-11779.67661392493
977.1887768344645
-15965.187460705196
-21948.856202076135
-12897.949491585954
-200.0
467.05912474493107
-8823.218798224396
-200.0
-200.0
-1375.1620534263106
-2085.0942516728937
-1557.5583743152479
1045.2659095100398
-6646.242265593933
-109758.57898093396
-4503.389186738333
36.530590508727755
-41134.330309827936
-200.0
-42785.50441313238
-675.5547366362716
-52263.49880932322
-1411.0700605555012
-65716.25273894728
3539.03617973793
-438719.48684123857
-15866.271909559553
-3595.594854660983
-24455.336963275127
-9880.06359257049
3366.3013163107535
-19012.92719470503
876.815902591959
-1420.4168810044905
-1232.713204259901
-5088.881331900787
-3292.1527601458497
-28157.583312680254
-53577.50716196601
-7458.28271659535
-85177.82232330221
536.5835761323124
-63418.789271097194
-13447.061978655258
-9908.174435004916
904.1694659551285
-2346.6591846187694
-200.0
-7081.373297677606
-19546.935665391295
-7098.540114430149
-812.5489048496646
-200.0
-285.1578058494102
-250.8551968369586
146.33590847128067
-4155.1164227075315
-252.28521988478587
-200.0
-21514.26096632632
-69271.28525604405
-8584.563310254556
-200.0
-5850.803509203373
-56759.69249024595
-4918.017045717673
-883.4959658512327
-9575.57628354591
-29.914954657799626
-8111.8454704926
-422.9272972950537
140.93672616898198
-932.30007437183
89.71055744781484
467.98589827261094
199.44029124424958
-7818.782480431705
-1110.4929532128542
1201.4747624611516
-18500.87542129532
-27592.3218174764
422.26725220456785
-4034.7674733117906
-2302.812530311251
-1566.0286319986412
-35059.91832670163
-152.4221048973458
-200.0
-8312.594584904773
-143741.207351339
-717.2330319127105
783.3515592514028
-5099.172508315694
-1713.1531603162466
-515.4029147570916
-723.1694515053684
-18007.341631715684
-909.9649866525001
-1643.7879810221584
-2879.460570520358
-107.40746287550132
-30561.199789185855
204.56518761388924
-14445.178565722317
548.6193481457752
1847.9274814729067
-68165.91053264747
-200.0
-8600.166153707825
7538.3090366821
-5807.274941603716
1040.3230670957896
-40381.93824579627
-7692.070159355102
-35985.26457967591
-1906.7360064616905
437.7403301192204
-200.0
2907.0876402136582
579.2509610464209
1096.392944164495
432.56654928749276
-24320.000475775167
-2545.021806170545
-13486.062781334484
-5353.581731489779
-12571.516627026771
-6603.4843189008025
-46044.90062568765
-30614.668035587103
770.4564152304488
-48728.289282048405
-7499.547330328587
-34859.94207696698
-2264.327024645932
-200.0
-3680.012974117907
-3994.0827222783596
-25991.69274473951
-200.0
-5736.800254170017
-1007.6854106446895
-200.0
-3885.9118273306362
-200.0
-100235.09115835877
-16657.910112628066
1040.0910049415877
-4265.628456852915
525.7990414165972
-16489.091442792334
-41032.085993977904
-59388.53172624131
-200.0
-2126.640575413575
901.043272397925
-21320.483729884505
-166.83507535967337
-5670.837811039592
-16422.234550957084
-8216.493046597967
-31648.777141690687
-200.0
35.76456013044651
-3304.2219184970413
-10980.078374076482
-4724.601396117344
-200.0
-200.0
-3524.9232769749133
-5334.398774872703
-15284.672201254718
-200.0
-200.0
-4938.5334156185
-54.373611329273615
-2372.0482622217123
-10854.004263096764
-9572.150436247553
-16816.413337847414
798.9020205088932
-4801.400259376698
746.1613370906165
-25392.9440763417
-1539.434961400123
-5130.773459525456
-3924.604422200827
-5675.054959567961
-3708.3159947152503
-48152.73851852043
-200.0
464.37678270992194
-7552.300986559197
-2507.303787830862
-20225.869191679507
-7427.050229405705
-119.8131027352517
-36860.69886969759
-2974.8640017251773
-7343.008300049739
-10833.815159644793
-19414.560434370072
240.2398867291423
-3956.502179685604
-200.0
-2445.6623132991604
-2082.1045314474077
-200.0
-200.0
-3829.413325647041
-1355.708034089202
-4122.030237130394
-21163.607673629584
-200.0
109.3804717919773
-3866.1963616028697
-5938.187900408453
1056.3977648076632
-200.0
447.37448338605543
-37435.66103907236
-806.0447973178692
-7903.983442690736
-1818.1288682395225
-200.0
-200.0
-2437.362534945031
-2816.7374676170925
-260.46211601123855
-200.0
-200.0
-18879.80885467008
-9356.886161254277
-1921.5900632229027
-378.64980657697436
705.3238088060078
-200.0
-8159.880701164313
-3099.13875002598
-102222.17308001891
-12545.769187906166
-989.731098642866
-2963.5831112961246
-3421.753563755676
-8644.175695562893
-200.0
-33465.205609904464
-15923.842333098823
-30095.19891164567
-296.3074954857801
1038.3696606622254
-3779.2285738196165
-200.0
-54405.40901246076
-7127.817270866712
-23063.314967368166
-57600.093791442865
-1834.6723629731102
-779.9240918670714
-374.1682439565393
-740.1936336457826
-200.0
-916.2924818490611
-28595.911472870823
-19396.03573976148
-20945.251751678352
-246.34142423471584
-3220.7605946241774
-3675.8686358134205
-177.37583802320142
-5631.901606382128
-15131.342474835936
-200.0
-4520.739186003165
-200.0
-200.0
-1036.6841917179397
-7397.09426628079
-11024.42297272707
-88.34501594302213
-200.0
-7381.396729036848
-5.190322954581262
-9739.410805882257
-200.0
-200.0
-4034.748747871649
-6906.387153059531
-1278.122213942148
-16206.463506830787
-5756.089413965081
-10689.422574268912
-276.07946864569556
71.32019876862074
-50001.26934852297
-10233.370919154377
-200.0
-249661.33920241203
-15848.915164270968
-92919.39153950947
-5956.13309975287
-23701.137410945146
-292.7386398102007
-200.0
-262.5126210162023
-24568.108915329118
1566.4795023622944
-562.7509317527936
334.5847122851153
-159.30181549251955
3324.606305089074
-5521.709817128855
-258.21708877105897
-200.0
1500.9138877864661
-10466.927232222017
-816.0749819477755
-8565.212880434121
-13266.828704309262
-44991.715538144206
224.13781222498682
-42843.09801114411
-6937.458381941491
-72996.93778552648
235.94033684161224
-200.0
-8624.860408564935
783.9515345443511
5295.735143759214
193.81096615322946
-200.0
-269.0824074642446
4036.6155397211537
-5591.0338313111415
2880.490367161466
-29798.89284999957
-10950.955679357949
-2187.6827474992115
-12907.103843678398
-157.54741162861373
-698.1919955795194
-200.0
-112382.11613954524
-18285.40818268225
-51342.22961563016
-18624.69025564841
-473.8128177842925
83.85621032422591
-169687.3613944635
-2682.477759689483
-3190.1767166888403
-200.0
283.9800517680326
-25119.765936756103
-7202.269035503643
-22479.37065431711
-11096.675141231593
-7088.935637035994
-938.9539551190624
-12917.202560030339
-262.3871358683486
-200.0
-6578.546940520095
-3843.2823299696183
-17700.205127023804
-417.0306247270504
-3771.6878387978286
-47797.77476399793
-127188.44533862245
-8550.664434554448
-10070.92871947842
-108753.28401571015
-6864.831053710233
-200.0
-1192.4653234912062
-1201.6750636261086
-200.0
-9216.940507816298
-9985.588374816756
-2164.302127193313
-200.0
-18265.417086515943
100.0
-4826.967868054625
-33355.793391982916
-4408.226815741646
-1708.770347843174
-200.0
543.447865656979
-2583.262331335466
7719.297098197301
-9717.24781808996
-4109.015794949901
-42793.75818509763
-18680.597118449088
-1283.4826168418012
577.5095188064299
-134874.5926603175
-8631.399946608843
709.8927206661206
-2010.353345724713
-63718.96575023249
-340.6828924286345
-2087.4293168787094
-3986.1151549603724
-839.0742952689303
-33219.718735500035
-74570.33586509307
-381.19152711677236
-33162.32065710727
-5701.447454618938
-11640.03802339195
-9553.938751628071
-7146.318839917531
-29649.03786000972
508.03191029223876
-1504.2464573768693
9757.398787600947
-200.0
727.0413866926835
-6941.069380638836
3663.034606786628
-138737.78023068723
682.9829464381336
9352.48068419864
2527.8955871152275
-4996.840384209781
-5069.57551371206
2825.623042628105
-7523.7730504816545
-33933.04277205069
-16415.581978006743
-113.14864021584266
-2202.191067225406
33.77922362821948
-12884.132562308367
-3291.981290658467
-38639.889318670146
1601.2976978715485
-200.0
148.25684930675493
-3688.9711246249203
-22593.868821486318
-20861.554847369665
-167492.53714003265
-12041.831731499511
-7774.394063561715
-2288.62115025464
5500.723944620275
-28889.560698835434
-304.74959948802336
-1016.3048411730581
-200.0
-13054.431370354303
-7445.233484709993
-3267.9075314569177
-5987.092352290254
-56740.483013878606
-18342.616816808775
-5932.055296593394
-200.0
-10030.893555177016
-2167.935503093587
-6724.942182492289
48.62864861984713
-9704.010520037715
-32361.382017644726
-4991.4623588347495
498.9189426455787
1152.4396206459262
-23786.168392222946
-66741.68483342239
-49766.280504196904
-27105.057439927517
-200.0
428.9358650632371
-13551.146453114836
-99.766523588304
-2799.6551552371825
-9425.2716237883
-12788.776765869436
409.2067723531703
-603.9165547046624
1193.0261069189633
1059.9924204936233
-12920.050509151411
-7687.43137066424
-138117.05722248845
-36006.90972239583
-21445.105441433923
958.4875494860821
-200.0
-15025.782404358888
-6642.736428832735
-7956.738824910888
-2280.8408969013094
470.8723083747062
-200.0
-2144.4164554711447
-200.0
-10431.570951487482
-200.0
-24308.301551442244
-200.0
-3181.546507379756
417.2379908445529
-200.0
478.9340752711562
-8113.109691129457
-3324.4009166203864
-14062.949812671557
-4769.14870495438
-2657.65640356729
-3154.59461525597
-3321.247402994157
-3408.543578209948
-4713.791834771316
-9094.098816248994
-4364.447284927677
-1327.0448276729219
1285.1773177093153
-1435.291546117624
-200.0
1067.2325519274264
-21108.89590461042
-59099.00958109275
-69903.86302495783
-11086.80320954485
-26572.4495715458
365.3078449090415
-1443.1395394425922
-28882.19605608267
748.0994801578703
1883.1611120081966
-200.0
-3390.4949535946225
-200.0
-60761.369685694204
-596.9802645076473
-1761.1834351556968
1635.9443251402504
1424.640602842117
-3563.3195679768605
-114.58336511451657
-24151.551676538595
-7821.756471554815
-2249.321601178374
-2341.1498593960855
-32892.284982285084
-200.0
-3860.032531314756
-4274.529283568534
-675.9538770801549
-200.0
-200.0
-9939.86623977277
-200.0
-200.0
-200.0
-18595.810642463013
-15402.4635245059
-3243.935170185276
-200.0
-5855.152086932716
-1143.5910700187583
-6070.357320523966
585.8128472197455
-67587.57804139877
-514.1879133200562
-200.0
-24445.435020964218
-25939.58377880758
-200.0
-18738.618705585326
-240103.48895311067
-6843.092818509493
-200.0
-200.0
-33226.99798966119
-38687.22888748174
-104.9047009668117
-9738.200578464348
-15791.550564405774
-197.00056602691905
-18578.1478741848
-6915.214200466088
-197.00067510804888
-5013.894135951406
-45823.29365358771
-24600.437687185324
-2648.451319132816
-5174.2139643145165
-1194.0648306330013
-6272.7143776891
-26736.366787497846
-8374.309297546544
-9982.74472845379
1197.7952173697367
-200.0
-22399.523728438642
-8930.64419317028
-51276.9336070005
-919.9076964451749
1023.2157431961875
-1915.7774481490153
-200.0
-2170.6161008328354
-16146.908009895502
62.67765154268244
-8636.071429036467
-15214.196236738922
-4649.621544801554
-17006.721006727737
-10033.225186219282
-23000.355523452385
1876.1656758541553
-642.3372083560823
-41078.02085428968
-200.0
-6024.472633690376
-3964.736706300979
-11783.114879142808
-2936.4940222893215
718.8184449428832
-13455.7903176141
-1047.731163548118
-9109.335684106849
-20992.289645244313
-9512.946334152337
-7784.130957943453
-566.4876081009609
-3832.2698616776765
1147.6058334142647
-2117.5860393700286
-200.0
-8251.591945727167
-8279.927904917477
-1303.2264915527023
-13733.456782761703
-10346.548679026624
-200.0
-200.0
-15257.224430084318
-585.696824475276
3842.7411926982263
984.6267290291521
-15690.189497865238
-581.6149871217774
-16808.45536063377
-32629.594716605265
1644.7056053177005
-200.0
-28220.10942568629
-42024.96968835568
-30745.440737475597
-48269.86964667362
4804.519076558003
7218.255905467983
-79614.81952554321
7730.908118672285
-1325.848306701237
1827.0621440767547
787.2558497170046
-295.00015558523853
-9515.850507106663
-200.0
-7508.615796849586
-6279.5561851405955
867.2050455279166
-9365.005428184924
-6658.921004430257
-638.9471266145766
-6762.20355754325
-4963.74293093244
352.72107069756555
-200.0
-17135.523905707323
-200.0
-8023.365417646975
491.766839048577
459.35059237698044
-22826.9385295576
-7318.018610711689
-61114.98462468798
-38931.45253987971
-33178.84869793416
-10673.124259543942
-2212.636393728164
-200.0
-200.0
-31454.206239519906
-697.3104374330514
-2988.647801086566
-8854.0660592741
1229.6874782233963
-200.0
-10979.603256040076
-529.1365474382671
-1111.8732941527805
-200.0
-200.0
-2562.8522513828652
-3408.7964306499252
-2440.8490188986902
414.5173011514553
-6227.321026148852
3265.55540866717
-6989.635985715277
2062.8778341240068
-6391.447478576582
-3006.9261053439677
-200.0
-1713.6479752575942
-8799.938077797955
100.0
-441.87508919036225
-4982.21675066751
-42256.88171478257
-3312.487415832426
-93221.85765543325
1107.429736647435
-148.22559282674706
-157.88354592296326
-1152.743221550586
-3754.2207417001027
-102.24360634307168
-411.1283891424904
-200.0
-200.0
-1097.4443871578515
-3980.802785728791
-259.57587159244105
-44.02315287875214
-5484.580969039299
-3836.8572259391235
-425.5604877082517
232.56530973654435
-200.0
-1140.0525749029944
-4138.054550919341
-200.0
-15796.917950837256
-3672.6628079828633
-1509.0434073053075
-2784.7682637250496
-2872.2772520690846
-30325.81054906758
-3043.0695703466736
-200.0
-3040.0861239857527
-3992.821184911011
-464.8755859991909
-8058.317773272513
-293.6961816697831
-13473.385784564505
-8096.633609818467
-7374.943451420608
3998.5459525077495
1202.9355977738703
-7032.665287154183
382.16192226152737
-200.0
-12480.506936677246
-159.49034884705995
-5442.805413273627
-9075.785480680199
542.4443345953881
537.0188838910592
-6467.574404488839
-3828.4802614675814
-37494.086707069335
-1221.8477131126817
-200.0
-6462.696849582247
-65021.53052777476
-15655.595927054577
-634.7778701711702
-9252.065691755595
-200.0
-200.0
-8464.106753216654
-11951.332820382742
-279.578303341287
-3267.3926157450587
-4525.632816394055
2607.586718689657
-1339.2333539939357
-5551.549536376703
168.61424530563107
-200.0
-4043.4732765721596
-4080.4818321830303
-23375.36688413108
-1678.439259502014
702.2141316436371
-200.0
-200.0
-31294.041599741693
-24742.301357561293
-200.0
1102.3090465726984
-198.0010908756225
-285.44495136158116
-200.0
-2180.235413224611
-9654.098604166878
-27345.673214803828
-13670.33222847569
-13690.15555205752
-1691.4634819246508
-9273.235103527124
-11983.66495770777
-200.0
-9849.058282308992
-16933.647355076053
-785.7759369166477
-14894.75349658033
-2320.3534119649935
-688.7701863843986
230.4403374875356
-7705.609313639292
-23291.278587479792
-3715.4284637726314
-26115.475151966337
-4169.098966213353
-200.0
-5075.851848475826
-6089.496278823873
-7078.621691199067
-200.0
-7489.10436106564
-1054.0243402490364
-9539.20130366945
-31960.79792629778
-54.48525979959504
-6027.365608190507
-2971.111389555432
-19475.042085396235
-3735.6799195577723
-2174.701715018664
-1334.3635889092766
-28263.81790128426
-200.0
-195.00199518216763
-200.0
-19915.178040240717
-10335.252415479805
-1233.1904207635844
-78958.22106330567
-840.7907691889689
-14089.260011463077
-5413.957361903001
575.3512163312249
-7764.113081346205
7481.970378201458
-24913.645303755155
-200.0
-4294.0365205728285
-198886.5209866777
-2778.279753803115
-51875.55191318311
-8305.799912828985
-9740.249662218695
-200.0
-200.0
-200.0
-1242.388007193977
-9953.234055628898
-29262.833155659275
-9996.420129271037
-26920.148852293114
-1904.6193357273696
-6004.707482104016
1244.9621994414492
-6097.297488438831
-694.7969443337889
-3603.139555179755
-200.0
2100.5557710770777
-7389.809695217798
-3958.1773501125645
-14501.229675514638
4518.022066262852
-200.0
-19210.302213878436
-2884.2155957199507
-3943.877664742989
-45195.94109428679
-6541.306822407085
-40271.71016873023
-3489.1360978712532
-486545.7619966503
-200.0
-94.0880988183265
411.11210240162325
-45333.61672795725
-24071.752030506304
-501.16274028432616
-3293.016966325438
-1045.7116300181576
-200.0
-12716.878259424635
-1817.8606137915024
-16057.742907451502
-1560.1264963201957
-9796.540751159117
-200.0
-200.0
-312.6168999261793
-5296.861340004166
458.5812063556896
-6890.48471060577
-5412.435481017344
-21360.61884858063
-200.0
587.7364095008888
-11338.223835843253
-167.07752997622322
-2949.806595146245
853.5679397133415
-11211.091598284864
-200.0
-7525.978611421425
-12627.233986608115
3756.8744572474725
-7017.94066579845
-12017.760248879938
-200.0
-698.8134259072128
4702.013822549399
349.8754739895098
-200.0
83.5662041467707
-2295.0917074812437
-45139.33477418684
672.0635518069578
928.8116219563028
-200.0
-16584.910670059347
-2549.2210260552197
-10187.72257335455
-4930.290476055407
-62327.92694102484
-200.0
934.7452217272091
-1256.363877633736
-86676.26601519359
-35557.60404537167
43.33284637143737
-7501.41401385863
-22071.252713501017
-18447.50539996493
-13349.10648622931
-200.0
-8413.330981171897
-200.0
-11133.591244783818
-98724.65224882313
-552.6701622424691
-200.0
-2519.137339808024
-2462.127861281271
946.75252573789
-28832.192758267738
-22733.360699469362
-30062.623520638335
-8111.277142567674
-179.00009876839653
-7956.665081602558
-7811.54739370808
-9222.14932279369
-4813.899283054263
-200.0
-4732.3830793436
-57442.4375774182
-38718.00033984337
-13401.510792671708
-7499.780476171658
-2850.099696639543
-29702.556930020004
-200.0
-200.0
-105623.25669432025
1649.755751607531
-200.0
-200.0
-58.80847964972156
1200.6487096324418
-44039.89577897824
-200.0
-200.0
-9354.149986067885
-8484.943935172698
-2881.998152510576
-7771.599609468534
-135038.1253873819
-2116.6182083742883
-200.0
-16662.508292846633
-200.0
-2877.5749628621284
-5878.4721011922975
-3432.080743762244
-4325.273970043332
-8443.20611146226
-4107.723112059176
-200.0
-6683.315741426746
104.67377191875988
-11096.790161664816
-200.0
-4908.263490251307
-5709.631565815386
870.7114014851206
-2517.4618698474737
-122.68749332715886
-4473.679717181729
1524.2304631344173
-8472.299746981278
-200.0
-3430.445173191294
-666.4099025863732
-11501.377280937075
339.78947714731066
121.57635508143369
-3377.6947935374947
589.9054508161524
-4878.727805984547
-8092.586115127522
-4337.059990983157
97.96253323211334
-200.0
-862.9265940891974
-9827.688469062357
-1224.679930338752
-4621.074584408277
-38899.34603632776
-71.05702510914364
8170.945230858476
4825.007462647754
1086.9051062118488
4265.668932258098
-10165.558362443726
-155408.2739799744
-200.0
286.7955015634384
-52986.096332139015
596.086953511754
1551.3049096412585
-11433.433214877019
-200.0
-12605.81311482205
-15343.697387233047
83.48662152536195
1623.4745169104237
3001.9476258348986
-27.847650225220093
-4358.0892682150925
-610.3050919587354
-168.4092386001134
-743.9980032882988
-17548.603906039123
-4807.423559774417
-28295.894860787284
-200.0
-773.6100000791488
-15483.11579230788
-87.3736778296548
-6821.736054331454
-21883.692237865802
-7347.038512671557
-6827.646132713207
313.7423656414328
-45863.30410294013
-200.0
-65668.50526090144
-19170.949836001393
-2966.910163254329
1623.4943201755027
-7346.017575744014
-4740.778551705105
-3901.9272955487404
-13548.081806958573
-20337.31043057862
-200.0
-34380.73169772896
-2320.6251076534045
-630.3922832701388
-21271.926841597673
-18518.00680492947
-16880.39267670695
-317.78346444472163
-3419.350451809627
-200.0
-19165.835330882783
-1765.7498796445643
-200.0
-35.376562974373115
-8620.918245881041
-55.747828977419516
-12066.70272354401
-105950.63692838307
-26729.61242045972
-17756.588214757212
-13117.566740086659
-4121.256696311061
-12851.51075196998
-3194.5073821243095
-20497.8477822124
-19826.60121519093
-200.0
-7565.96112849656
-8492.994142702222
-4577.357392920391
-8332.975773748662
-5358.120038390522
-49656.011787595766
-19250.14639584156
-8400.673447894302
-42467.88196816995
-169.74157927989728
-2657.0871089835896
-57174.35022542541
-9394.909040795688
-135353.41717039378
-1679.323431191248
-37193.661830141646
-200.0
-200.0
-200.0
-683.189323593494
-35823.20055696137
-200.0
4368.224434500011
-200.0
-3694.5508234970166
-2502.18786923613
-7132.294211781755
367.96796593141255
-11140.665639197872
2216.0216758419574
-2243.452098556102
-200.0
-2292.180846039812
-1272.480233363448
-12941.524314763004
-2306.8894639506616
-200.0
-200.0
-25141.748320777275
-1455.9901729662881
-7687.89380812231
-3743.8295402153262
-7441.500181834048
-1101.828056570626
-749.5726207378407
-200.0
-6270.856621680224
-6650.617046184729
-55849.78422998047
58.476133771844104
-200.0
-19112.612243923984
-16347.353490212967
-31603.049453105865
-46481.869085733495
-16042.723530419782
-7244.6300924930865
-200.0
-6029.65831762285
-95547.80913586303
-200.0
-2111.20766825173
-17558.225158700614
-46736.6000232777
-1334.7690184263215
-783.3782658249895
-372.2877935068078
-76265.36326620553
-90086.62915409454
-7971.196544461612
-3179.953936960652
-10480.991133378018
-1799.2106526968284
-1956.7545824435454
-12000.829811924474
-50400.916862870115
-134663.7704124705
-16521.634109748593
-89.52659274885733
-585.8724641881672
-13964.35314824423
-135322.47792598975
-2365.516996352232
-7183.262871186209
-5783.94366488362
-200.0
-13532.62225736479
815.6361850122247
-362.8639563629609
-1081.2810472373071
-12419.647156512116
-1569.6846489241127
-9763.45347417152
-9988.81933645931
-200.0
-36928.01037335177
-6955.324216889652
-18129.434958777383
-2900.116122445538
-200.0
-28122.430687577813
-6501.997355206701
1176.167471221149
-528.1763538664683
-200.0
1196.9522866293846
-2098.7239360791714
-6434.866519354933
-200.0
-108.92996422646469
1594.9230938093374
1388.0372688735392
-8182.665973409199
-126.79932226195267
2532.605458084473
38.51579916896023
-3548.8716727215524
70.76570147741432
-29139.73965609769
-10178.236926897947
-276.17409286212904
-200.0
-864558.2282398904
-4241.846974906392
-6690.39693769391
-2246.3923144710466
-2402.699688219472
-42502.80684066607
-3584.185886296183
-3918.4085441817615
-9659.204072062068
-7824.37357580764
-676.1791829455545
5859.717465841105
9105.303705340939
-200.0
-4253.070963981854
-32254.68115542597
-31940.37313707232
-1569.120579790223
-2362.1235613874687
12205.830740248184
-200.0
-302.33372444756424
-200.0
6673.151192899648
-5454.946795593735
14987.874394105917
-200.0
135.1232934413614
-6322.507027702813
-1867.1344579496783
-13949.713250157181
382.06760109809534
-6602.486770222587
-6512.563395501645
-200.0
-13340.579261760055
-200.0
-8329.26053614428
-8801.842580040833
-5740.968250683849
-7652.878008221583
1535.8347885792982
-200.0
-5576.335803626113
6781.409666479484
-5146.314037024356
-137173.09390330923
617.5965570483257
-1148.7393798442044
-7696.134824907798
-200.0
-200.0
4051.5642088336194
961.4755675244037
-200.0
-13664.984998368553
-900.7374296642804
100.0
-11142.961641678477
-16403.863566179352
-129850.82163918637
-8653.7735798084
-200.0
105.80436725549725
-42671.69084564698
-0.5239667714398593
-47142.119427127844
-48426.457945278955
-26091.072616814166
-9980.738270835116
1691.6418415912021
-29264.223255142115
-9023.525667083197
-6902.163536029616
-97587.49105003962
-9095.370231042649
-200.0
-32920.63791266728
-200.0
-4632.245460545496
700.2299951805675
-4567.222187563324
-30733.54543414284
-321.3708379928013
-5491.698644828588
-4744.063173248767
-3138.171240764609
-292020.9534105454
-68961.87503724606
-22685.059235173692
-15873.11102583626
1067.4565528879482
1981.4525949856802
-1252.3134172188181
-200.0
791.5158319616121
-34486.08913136638
-86604.25287909764
-200.0
-12185.89990132942
-200.0
-6270.766329325336
-6697.380967426945
-37626.154788213025
-35835.81603932502
-7570.017133779553
-9669.80215658414
-27047.43066967026
-200.0
-3395.132839530304
-200.0
-10618.3633904295
291.171567159825
-1748.7655860005955
-217670.4580596054
-17487.0911374135
-6686.403180792898
-7370.000917010334
-10184.88055623404
-3130.5722595392
-22928.43419433544
8943.996652626778
-200.0
-15438.099375558852
-1404.8078099669322
-200.0
1389.6795994081986
-3989.4249582911675
-200.0
-3706.7693524574274
3036.6620402645863
1233.2915782149958
-12651.483731899025
-73.23319180918928
-618.8552637872026
-1024.353096504974
-7565.751015185717
-27540.4135029701
-54356.10486705865
-14044.80357162402
-159.0358457327415
-200.0
-830.4948707605043
-48781.21853964215
-51162.72943618968
-2916.682509657433
-15023.7867161205
-13911.009118030528
-5875.106283014965
-43637.68357073869
-1090.3581431177713
-6810.181223178222
-7258.730240622783
-17254.35311848075
1064.6496520765309
1281.7108786319861
-200.0
-17321.222736185155
-12416.938461491032
-8523.523891400459
-200.0
-200.0
-38276.13488215976
-17471.755830089918
-10446.797186288626
-200.0
-8684.87798725153
-16664.951323504632
-22852.719241210063
-18139.258476520754
-6687.155818571218
-59512.11638439935
-200.0
-6559.588790135591
-1182.000261624552
1190.2834851319833
-25027.09043811866
455.83181825466545
-542.4538220901817
-200.0
-2233.2766399891543
-200.0
-14597.95586410883
-13360.73096195688
100.0
528.793287623224
-6235.195458255856
-200.0
-10438.810097244186
-3755.200914034341
-91.36788728862336
-200.0
2553.323574398835
1420.9036534701886
-11032.033426097334
-3488.8676282844253
-102202.0956550056
8464.74658788775
-2917.150044482255
1632.1789370425508
307.44815735199023
4403.749416053658
-92351.21618952182
-6201.249759998366
-93.47726798264057
-16811.154560749128
-14906.514228071548
-200.0
-200.0
-12832.069347202987
234.08866475103048
-36419.60855007112
-16923.955674228222
-8617.890101353601
-3847.2013396166185
-2475.8057480662396
-56572.88338670709
-6734.065754932045
-83092.00340469743
-54926.87856122397
-37932.573603342855
-13071.29874795375
-4653.634440180855
-65180.31490222931
-4080.00749835483
1206.3113161801732
-3509.1822078891246
-3781.78227855679
195.54726592412584
-1596.5468634597867
-3663.7174439586443
550.11938647527
1487.271498590576
-8850.603265155743
1397.0177949359952
-200.0
10290.335451265135
-269.2024974244641
11835.357783714204
-4674.824128343393
-234.24364829203074
-3820.2536817203177
2556.4006288055266
3501.5702194097275
-14877.758837044856
-1234.7109442552014
1067.7657502770933
1420.4215251330324
1491.6786428460482
3815.991465946126
-200.0
-26878.843301530207
-200.0
100.0
-7456.929641227525
-3744.960787332453
4535.3107366310605
-24990.942005370904
689.0714770288755
2423.9249476200102
-200.0
-666.1363766126608
-12848.256865586935
-44630.77332216654
-3873.114454064496
-4229.138321455068
254.97198520041093
-300.5675013235526
-200.0
-1613.3785077304346
-22300.36079390652
-14300.501124529348
-9651.027386319676
-200.0
3752.2975787752976
984.6875816259344
-638.9110319386244
1293.1478456175437
-200.0
-200.0
-30907.29989688326
-6272.14702874924
2428.155855138282
2130.0434680628982
-182.19573854751204
-747.1555207104924
-200.0
-200.0
-200.0
-3626.376256641002
-5671.209552762026
-341.54452987184334
-822.5084914633264
-15925.064702940883
-29629.41807287302
-4201.604074563949
-90356.20495118316
1140.4516416306906
-2949.1306789819614
-46988.12452799032
1315.8780399066552
-8049.265094552919
-3716.0699648928785
-160.5971851092014
-4673.801622781726
-6998.9734276576655
-37865.51586050859
-3987.928325783968
6201.696260105954
-16811.589621615738
-7322.795024474925
-200.0
-14874.78376605904
-4504.205297091974
-4383.538242474245
-200.0
-53565.479700614946
-7832.212857386065
-85599.5548356309
-5089.66028983941
-2498.6669115863942
1346.3832525711396
-2395.5711330086315
-21910.49639259927
-200.0
-200.0
355.42856595284354
-9914.761182598717
-293.8048255488728
-14563.780573588048
-22183.237645507426
-9435.171866974792
-61889.627728782274
-4545.316693949366
-22532.839906934467
-3944.340329298672
-30843.40736863301
-28409.5324601456
-4059.7684203807216
366.38987108305923
715.7887173576906
-27083.58479784611
14954.11073108747
9018.845092811429
-5778.747240693079
-1553.052251850837
1010.8684066232136
10433.55219290207
11521.100684390642
721.431850263715
-23418.476672443714
-21682.73912871573
8945.211872304317
-187.20158718172124
1229.3308951766574
-18476.894337256745
-200.0
-31210.599031522557
-5427.137667676914
2858.7559561526755
-18414.40918713454
12254.87011315846
-22791.663084406355
1755.6627153466827
-200.0
-12463.621017389834
-1909.2831698511
-200.0
-38930.00972103913
-107581.22449015864
1193.7093648890757
6654.538330472551
-6224.78095115371
-200.0
266.8124532815235
-1720.7581234885897
-2217.330128383005
8580.857091651154
-6203.836050528157
-200.0
-200.0
-5065.821651547396
-7377.889017119011
-1389.7097479417646
-3945.4075460910844
-8658.222615291752
-41375.769910265764
-161.40419221581107
-18316.30242682559
-200.0
-15944.262470669473
-377.2898186540461
-1766.629495760731
-8178.225283186442
23.859870467735902
-18197.723296151697
-8848.072551337922
-27794.41483952714
-8294.294006151285
-59994.90375522632
-200.0
3850.5525083856364
-779.662925741242
-200.0
-200.0
-49151.08884502055
-11860.941923791686
-307.12100654117717
-510.90434661378794
-7219.224109821552
-200.0
-200.0
-4522.269529162352
-8142.134433176305
466.85578063821447
2064.528912824152
2850.437392150932
-200.0
1412.7344947682416
1945.3490979019402
5516.956468027189
-775.7961794191167
3617.340110768181
-3316.8435344865343
-39523.535264544334
-147.7940278035673
-200.0
-9027.401133796477
-5978.587862831328
-64321.50020893391
-22430.787034236855
-1753.4578503080727
-44979.75941589428
-28974.678048993665
-200.0
1015.3568224670921
-200.0
-4308.66470213659
722.8478856470031
-200.0
-200.0
6685.927256404838
-200.0
-5514.011559595588
-6890.752111874789
-121.0339867712865
2277.3878884044384
-1123.6935674222113
7199.099400420526
-272.46246584942463
-200.0
-200.0
12811.734410244748
7272.114972711789
-31717.740920606553
-200.0
-233.60276184200023
-2701.6999062467044
-10442.661885219071
-20179.541073438464
-4751.551551204263
-5329.719660216964
-149502.6696610914
-15311.451423200164
-6975.530392970071
4.1183447297975135
-429.45742054733995
14896.62678775143
2802.218261147797
-200.0
13222.830617039599
1278.402041393299
2062.368598719085
9375.670047577918
13182.818356555914
9345.264593146923
-17371.007017591648
-4136.8556209282215
-200.0
2124.4118710681914
-2779.952909864654
-1114.2958435534078
-17586.035808793942
-5335.589674545327
3371.210356357976
-2840.5188095683147
-200.0
-37720.469823706226
-95109.91254716905
-48.59599740674054
-1290.2694807387284
-63.39300868590274
-18058.58992230121
-2185.771155528485
-1191.6510416740653
-68126.2350362469
-9283.434600658797
-5314.769820589924
-34819.23889946111
-5904.599927878623
-2994.2997671673115
-10558.829522966882
-9405.003360347637
429.2561474842079
10780.012470752134
-10835.015539858663
6626.143745105264
1803.6052643619098
3326.100097793749
-11642.297935559067
-17414.870213025068
-1706.9163096656566
709.5356380437705
961.8862242704645
1114.6292700288407
-906.8927375634698
-2966.2988154398795
-3596.6989231414227
-52180.1620118015
-2994.936306678735
-1740.6500171109403
-10756.44475439367
-1834.6487771655184
-2836.265358322558
222.54176413572685
-1073.448821429493
-12061.919764067232
-22022.331804686175
-3677.3907972623006
-1516.079292787693
-1020.7571694255882
978.8269008317245
729.6980018938413
10098.72495729785
-31967.726039873905
-39948.05564979359
-155.38632473819405
521.8457132864673
-14441.503231260614
-2075.3185264149815
-14485.51130571287
-200.0
-193.04563877792262
-2656.7053214462576
-4642.057017325633
-200.0
-938.3403081243509
-5086.925845765741
1918.1347053749396
-10515.469745211576
-200.0
2899.999931781225
-161.58965377140012
2360.3621149661935
837.4171872394357
-200.0
4778.974280075832
-42496.298338574365
2951.9592039383606
-309.3384826492225
29.448727343533733
-10075.191264133246
-200.0
-5435.628803338244
-200.0
-1106.8563394515338
-319.8686531007836
-5847.247653994468
-155.61400076651705
-1314.5861136864605
-20147.598737769087
-2387.251316668526
-218.49558444737258
-200.0
13561.01707907502
2750.5357883018555
-6822.227678799278
-200.0
-1653.4003113767403
896.7974696943149
-621.9234466752013
-2318.652640971373
-200.0
-9150.229114361648
-14452.609578553802
1779.4048778972415
-4709.488836328029
-1699.2940925874213
-2730.026360966564
-200.0
329.32510962710467
-2501.1397080125985
-1345.556650374447
100.0
-3409.0791459902157
15769.365970686767
-200.0
-3871.540763055481
100.0
-53242.48910474033
2938.2801233430005
1400.5106526464122
3675.9633514174416
-1547.5212917693907
-9918.240975688124
-200.0
1149.0831246209025
-200.0
-2756.1195169870543
3608.0903900398325
-39834.707432622075
1080.6253836240928
-9185.745951992987
-3171.4096954589645
528.1798323150076
1872.7956323243557
2724.3179806377293
-200.0
6542.7937032803
1222.2193613459542
1525.428194558442
2145.783054318654
-1048.595297832294
-7586.236551084946
7187.014667188241
-13745.308484249246
-4851.990749734613
-8136.978347030092
-9525.12061236811
723.5566265265135
-2091.9997048450905
171.10738558773028
-44.73008376950676
-200.0
-12968.681962762506
-288.4420742078674
804.5541185288928
-76997.20475117539
-200.0
-200.0
100.0
1168.6553955865024
-200.0
-10459.759254335448
-281.5523145367044
-156.32856397896282
-9520.03918344844
336.598699578024
3136.991724569529
-200.0
-13317.909882790718
-234.89873965790048
965.8135063706925
-27912.943931093178
8270.33235108558
-10288.216368548778
-200.0
-2639.518418440911
-27137.90979045698
16088.582138136324
1962.2130583253083
-29976.078553059368
-77297.29757086092
1901.2110297761114
15345.483068600573
-32024.39507588655
-163.46902821417802
-197.00031582360768
-12718.933509491651
191.00163731643806
-200.0
-23723.017179473034
-200.0
-412.73445933489063
-26678.892762324183
-1532.6295703702792
6154.493147256679
-62177.26874546419
388.1933481992618
2784.624806201281
-47890.13066345672
-975.865383655288
-140.20340732378997
-680106.4193958956
10655.666708265035
-18899.026674029505
922.1927403645841
-25203.75617794831
-15587.803953807106
-6770.871585211552
-680.8876252519485
-6770.796819273712
-3311.9154640294682
4618.950425525627
-2266.6612426218403
-200.0
1249.3900732752343
-4194.572375006858
-9127.391424217483
-80755.59310082684
-1028.5284342019936
1428.8161100102827
-200.0
-242.59911120904286
-200.0
-952.0658228395807
4225.9261776439735
4412.822067618798
6202.988865801123
2179.1217955684
-47803.554585956714
-7401.762340352026
-19515.816270531046
-14829.999483608099
-310.95701071409735
-2984.075645876795
-86215.66411636818
-200.0
-26320.584962270088
4249.627558743871
1925.388040524921
-91567.90447186386
-8043.223351187622
-2551.036293220304
-3268.8986437976964
-10468.67389623413
-3551.476628683915
-5831.143865109532
-200.0
-200.0
-200.0
-5848.11219220917
-9519.612148906166
-1085.7702689462078
-200.0
7822.9321096194135
-1218.6060698456427
-13993.175315646316
-200.0
-15684.148994515483
-17709.23495574495
-6075.140001801964
-200.0
-3735.9453944319484
-69528.69579521987
-170.57123452169512
-55476.518560011384
107.46688734465818
1586.4012339851868
-9223.429702940026
-200.0
-961.6820000811547
1929.1932446008532
-4761.241702972857
-200.0
-9529.089833880302
-13409.067063546396
-15203.372276870636
-72885.84153489712
1084.5510608771224
-200.0
-39452.804842380356
-10188.842971032094
-9416.726807287883
-200.0
-22847.182806281126
-222.28359633135665
-89273.14205452414
-200.0
-72966.10121219463
1620.6930525346074
2764.6698840276204
-25746.67011996058
-2805.440844178024
2697.001815009679
10808.846544638447
6948.959519750913
4283.314904826663
10045.250091664475
6577.546092402998
-200.0
-200.0
-0.47248617991905917
-200.0
-2835.8971862208796
-35667.1177937695
-7731.165622717908
-35051.737088920534
-84245.66207216312
-78098.20331397837
-3863.3648362926415
-21089.25053067366
-5333.550635287908
-200.0
2718.835359230565
10316.815949119331
13022.419057022087
4896.8249246009245
-24732.973339426488
-87014.24157839897
-9739.017788589677
-14066.186773331692
163.70629597654795
-8783.782444657925
-200.0
45.80405631320315
-8505.971389550297
-21443.442064898994
-36340.77597154997
-200.0
-200.0
-8597.624672295717
-4690.210514038045
871.6420338491462
-2361.8127461083754
-21595.765981418026
-200.0
-9456.278965381
-833.6943153202957
11302.330623532402
-200.0
6702.637710382362
-1244.9501034291782
-9658.491805850694
-4402.210702268234
-6457.237831169173
-200.0
2799.4877244291156
503.2284608063968
4025.8528309412904
-18875.526150921636
-8516.4641477504
723.9976122152432
2067.5873934059073
12355.187332642869
-3904.3104474913184
11706.560276465432
11320.669564784983
-722.9250986579063
-200.0
-200.0
-939.0402675488298
-571.5712561030394
882.4400852935439
4735.023348278739
-8849.945622548812
-77348.70941151874
-200.0
10397.488462222023
1800.1892259857818
2514.692768002485
-98.87532588676721
4104.964592341522
-200.0
5322.393962156447
446.68938107984684
-589.5823757203099
-21539.32633214703
-4370.677904135922
708.4792211283379
-6248.741819212966
-11373.607412127783
-8719.636059437817
-200.0
-2032.1998245450043
-1226.0594082028604
-451.6451053476998
-1222.1147237486894
-33869.96358135179
-122003.18582832247
-33490.658238476244
-21360.00302363481
-200.0
-5113.92765883975
-200.0
-200.0
6745.045102224672
1291.307546617099
3646.0892034487765
593.9893143623138
-3195.1941253844348
-3438.2772570185325
-635.4954673174839
-4174.109572361063
-382.11443574296345
-274.2051754290694
-11916.385815410344
-21977.355537472675
-18082.635855249573
11785.550987209468
574.9129875100051
4311.268603712067
-12362.72056339555
18912.46398288864
-200.0
11464.948045483487
4740.565449957465
-2150.6958076715423
5999.463927671053
-200.0
8156.403820032539
3632.3878253935904
7227.485126624547
-200.0
2741.861157905955
-2087.9264468078004
-10429.781844910804
-12427.831064919654
-781.3700237590539
-76882.57743517695
-3473.62067206815
-1363.3877012576527
-27527.77161379491
-200.0
10770.068679032163
12005.669865612172
-7376.272583563693
10194.750506898721
-78193.5323168766
-34070.28620784883
-5752.4161210672055
209.71579310102413
-200.0
-1951.410768675638
-16711.271875782495
7516.937347997473
-200.0
-200.0
-51249.19114347471
1733.0135168006134
2057.584950014838
19726.189961234933
-94753.17353069456
-5732.196892914303
-18186.22755205841
-10932.995279542767
-489.4695313221847
1069.6788559829233
-1079.6023964978767
-90.42383352207425
-350137.33778975846
-91494.94596592984
-13610.058255613583
-2737.0769152341236
-33795.04366642081
-64892.02628293051
-4068.2254804623967
-43285.20675843885
-37807.07893987659
-7002.854956815526
-5749.090463034468
-51943.455478640506
8169.985963650687
14014.49699887836
-4787.2336775514705
-4648.382152263336
-200.0
-882.6362322103635
-5467.633820384126
100.0
-2492.050196644513
-200.0
-27638.775102776603
-31044.29885070389
-45744.87122161402
-200.0
-10049.594766618022
-25207.09537669056
705.5925062294399
-200.0
-50641.0741108056
-22585.149065472622
-50942.19168465239
-16449.773439249795
-49332.73359058597
-16363.499617085672
-3042.5271153195004
-848.9999703523895
-1866.5303577436093
-590.9942296522906
-14037.452427303919
3988.2937163642646
-12751.310889814771
-200.0
-13663.524782191225
-100662.10639408728
-46799.90057868926
-11432.558843947863
-5318.40268502513
-1341.853289610109
-3405.3777807135953
-26003.483369458896
-61.33244238757459
-200.0
30.588765828348727
-3747.4202046823198
-37166.826063846245
-1508.6706764831013
2.8770862931913825
-7869.0066315609565
-200.0
-38039.80618130754
-12144.127803248768
-15227.718128061335
-18722.071540907513
1390.0430369291212
-10847.775329253243
-200.0
-2088.8214233140916
-645.8231975116689
5440.283425378105
-2970.3105394452346
-64509.38212958815
-6236.09416596192
4547.631778496828
-66841.34520784732
-46288.022898886986
751.7089877180617
-748.0440158200951
10924.749713394502
15276.20586827277
-200.0
571.4172131919214
-3228.7592029032094
14457.0085694806
-45789.466698467
-200.0
-2936.121695589014
865.0927124474183
694.6063667182542
-34484.58460975584
-580.7639851591464
10.419722552642469
-4831.562016530368
5734.415526443356
-3443.709000643065
2307.3339772116897
-2144.9889594619517
-228.26111939570094
-200.0
4360.9462501791595
5149.186163484638
1410.5953386419208
-477.7727602038826
-50257.96729922629
-200.0
-56134.06062325748
-12928.734778712345
-1415.1039673800303
-43716.27271543806
-4623.266480695886
-85387.63607020093
-16271.363972722353
-326.4811698106223
-200.0
-1700.5872131240185
-2711.0255978464997
-350.9594462383047
-9631.643052901945
-13135.986297865566
-200.0
-978.5854110045685
10243.08296760763
-200.0
-3095.689041198533
823.8209324837587
18533.28467309327
-22660.28759219778
2384.8127129456498
-15147.721851416289
-6472.286120883062
-200.0
2549.141305199632
-3731.222267867435
-200.0
-4846.83887529992
-11571.49981978145
859.8468690711777
-2610.1086470053806
1034.7495270622342
2918.8246274750013
-200.0
1157.6286422129954
-25131.234906429298
236.94385056631938
-200.0
-35802.05856050682
-7380.022800528243
10064.45330546994
-200.0
765.505120380454
-200.0
5564.84983676587
-287.47556968936794
1454.2631228098926
-1433.6759579742645
-26311.572014583304
-28303.76870455733
-9813.46767696137
-5484.158539338533
419.1193539069528
-200.0
-1218.5563843049817
-100250.06807072453
1458.3287539329299
6438.494675517519
698.3329969735066
-987.2743654280405
20.206542410126616
-10195.38208754799
-4221.3025658848965
-6709.431714091637
-13799.576501911253
55.46034862692994
-6300.390024717257
645.8647817486318
-1526.1734578508726
444.79707519748763
660.4731171830676
-200.0
1063.4283579033681
12279.412276630244
-2654.6560614765203
207.10839414567346
925.5956620134552
-200.0
5335.713619496163
-2000.05076439782
-2640.751580108595
-36.87726013866512
-200.0
-88.17873533674316
3924.620475608138
14665.069329822996
-200.0
-4401.475589795338
-26780.578091178595
777.4342368823266
-207.198750791586
2667.319558267008
1617.9412406785552
-9593.470739705457
-8484.76553381803
9895.183889397855
-56649.09804260869
696.2485233251161
3948.738364995409
-7759.464154727814
173.6396125929968
-200.0
-18303.286421377627
-163.2129617916588
403.5424189462417
-200.0
-1953.5930504188852
253.17608619849574
-24.38171487042453
-13197.818128443594
-26288.75868646663
-44231.38860606349
-200.0
-103017.70339949272
-6457.293128829406
-1729.5103406085975
-153166.15314616123
-200.0
-200.0
-89823.30606826297
-17025.05048661851
-200.0
-200.0
-102627.95689226645
-200.0
-19314.743455765132
-200.0
-16792.281107185845
-1117.9454761028665
-5080.541881746363
-200.0
10328.571355496239
129.7459854623388
-31265.909191325925
1713.436342739777
-200.0
3953.9614251510384
-12284.1161057133
-13938.224266255686
-20519.767573503585
-68476.56878197864
-200.0
-70425.9842127773
-3476.010581693926
-2662.4764801005913
-6638.548563948052
5631.648104988314
4628.1872600317965
5788.074812641677
3072.7941958500087
-555.0005729981262
-15892.497832046809
6291.207810709196
1393.2337203364452
-18589.00544375594
-21397.47821848894
6064.660883976798
-40990.801923962
2081.604244195307
-200.0
1937.510355984385
-200.0
2847.2447402533494
-200.0
295.10082851541216
-135.99053370777423
-36502.602424493896
3477.6101125320365
-200.0
-55183.867099271876
-30118.742990146995
5521.175539032239
-58935.88971963739
-200.0
3432.4229685189334
730.7412380962957
-323.087512683301
1604.8888191011124
359.1653136167049
8948.981474318465
-200.0
-13862.629185121525
-1693.8835839691217
-139627.3121932939
-56520.083079589094
-5103.118540796662
-2354.919617638388
-1399.1805927876858
-10210.784362481776
-6038.232229389366
-2027.0632434185313
-338.8966740985211
-2405.6827564073437
522.025274584483
674.7362329567259
-78.00564646666953
-2488.0136245955505
-1331.787219730089
-200.0
320.48176921750303
-4120.160237795595
-8748.364038407159
-7083.490817312071
833.0354213114169
1171.2334250564952
-200.0
-200.0
-530.9792319852758
-200.0
-4285.72904553635
-15629.87661450573
-6303.575825170163
-200.0
1248.1697539759873
-3282.984608762371
-7001.973637994409
-24517.834826204125
-20175.850518225714
-2106.9780709122874
-2827.252101406928
-98258.68645176147
-200.0
22736.58017880694
-3727.342265927088
-31906.335189727088
10661.858866113884
-64113.7555777319
-19905.61119003244
-1779.7852838655535
-8045.457445578056
-4330.941882958557
-77474.96367729158
-200.0
-38436.28301293684
-11504.54944599826
-200.0
-200.0
-2155.778652358841
-89613.0353279997
-11923.387353229675
-29058.891896542442
1295.888220494739
-11985.692697725384
3975.498706616223
-11230.466167010098
-4.896460640671933
-238078.4409224274
-56460.4582583196
-3245.923188720961
1775.5746316262967
6202.196297765537
-50914.870844324425
-2869.0043230005845
-196.00173778945828
-13492.43460732876
-13884.839708136931
-31289.603988256436
-880.1941338147486
-200.0
-200.0
-200.0
-200.0
-8817.036899941502
-55408.77976022297
-314.1331442043605
-200.0
-8734.957768243097
-71872.27911416185
-200.0
-51772.74378787642
-12177.509186928766
-6150.212310362322
8516.847317910091
7048.248292983815
-12971.814097045773
-2691.6600234392718
2091.9490813852344
-200.0
-5996.082956126507
-107260.54412791545
-5115.955621346009
100.0
-5551.9561682652065
-9234.53882885039
7097.063500281328
907.4107105874052
-200.0
-200.0
-7188.671141756893
-7094.084690794843
-1379.525285498885
2990.065837838565
-25346.08673046327
-10548.120328018964
-200.0
-555446.540781242
-3561.0128866960267
-28077.441554108213
-16740.692348358196
-5079.834784449119
-200.0
-142.07428664660273
-200.0
-2853.997443546859
-298.229012897852
-18091.007476103125
126.91253575752688
-86033.85908300232
216.4751288009992
-14132.434999005356
-35918.767196916204
-31231.233251473535
-3703.7938726301904
-3824.747520693733
5865.3280696849715
-200.0
-29974.78548115882
-200.0
-200.0
-3026.5549841949382
4117.502779097856
-200.0
-428.30562808492584
1000.6646686063395
1491.9463155438689
-1074.2545511320438
-39237.547588581554
5.187401722080153
-5741.068053627492
3023.3594375338994
-11398.776833582808
4716.248483314686
-200.0
-18767.388584737644
-8171.379478657784
-151991.39922282362
-200.0
-3977.556841666088
-766.0162286246193
-1553.0349499767121
-500.41144342747543
-7184.371718918866
-23195.677666642812
1272.105700329451
-200.0
-1823.4984982682397
-6174.943044445839
564.1756152418153
-200.0
17971.8270697095
-3302.814436815447
-7497.127380594518
-29991.60784316495
4850.718175120263
-19696.98707430226
2423.144452974518
-10093.545395530376
-2785.859692892528
5021.884610510562
955.8698379369548
-200.0
6790.460689057922
-77949.24375506949
11143.072112680966
7398.774115946579
20497.637759702666
-200.0
4004.826251244016
-1889.0802571698391
2510.9070283037013
5521.828815682629
-10061.43037969341
-1321.6006202401513
-9700.087733086028
-4682.215161870242
1264.1831887354142
-200.0
1257.3425437751557
-61301.58035113295
3185.2638324417267
-12013.126753658249
-777.8390434937152
3435.3712372635637
5302.525586305739
-929.5831552833712
-125412.99255082734
-3640.7988138305213
-11555.140913788615
-17308.64975622272
-60913.359510971124
6392.826736392961
2129.6751830772105
-28142.377267447468
-5265.654941457346
-29889.316080739798
-4086.0447161236107
-3639.5750767006434
1426.1374455641862
-200.0
-5285.695700867416
4038.7504802224785
7111.527141325998
3353.253849738493
-12973.136604727282
-200.0
-9059.58520218508
-4167.708910384108
-31903.680285446393
-41259.65841734429
-46625.71586294788
1718.7561620234571
-200.0
-19987.18617349012
5079.177930355113
-11506.524340793141
-2951.668713539098
-30210.796982572596
547.9645050425974
-24364.03284939771
-2669.358318011378
-9127.864284447742
-2593.460136590888
-36743.04489775584
-200.0
9886.286710564289
-13586.776494171405
-200.0
14889.680585900192
-9067.227608451696
950.972012009416
429.82194872147545
160.65943921636102
761.579047831162
-200.0
-16703.755390369082
-54333.17421991163
-7874.8461082702615
-63713.72756087592
-1857.043969003731
-17758.8421869101
-46548.27679186591
-744.5891230846922
16634.485524492527
-532.6501697708949
625.2867662669549
8430.193162258007
-328.33841374773476
-26777.435683888765
-711.3143577429989
7639.695184063685
-834.4388427011523
-200.0
2440.8902653471887
1061.5994220227549
-319.41500275770875
19132.073976508775
-200.0
2042.2817662481302
-64506.17671264179
-707.3302312315104
-153.3148780319581
-200.0
2354.1162795725204
-64963.42742088202
-47768.346662016105
-1738.4513440275882
-64990.414146538744
415.82081088189057
-71496.93044677566
1259.909107456855
-20903.320696549887
-33055.11677517766
-2575.0988170793335
-39173.1778838089
837.1572863736126
951.9918152328612
-36270.638130745865
-200.0
-2065.4042801960195
9418.13598136255
13582.581057748752
3333.163564404722
-36023.34784293538
-200.0
-200.0
-3184.096972454171
15201.933461652885
8434.579364582956
-15780.634438431825
12046.43164915235
-1352.2747297877738
-966.5504630380435
-1874.4353379390145
-200.0
-65.37853173769267
-14279.341370262595
-8399.404251932046
-20065.375918991867
4730.28137511577
3074.9815969004185
-609.02194885303
-11303.627873458669
-15314.01578339203
1413.7747362801238
1214.2284074398628
-1985.814799921718
-8467.631176226127
-200.0
-281.7149634097176
15154.184563069697
-809.485723275368
-1401.9951216083573
4885.657448727186
-4051.7629907613677
-62499.31284679037
-33698.11262265761
-36232.680082151426
-58.26847402589158
970.3372549802336
4544.943824792774
1741.3954437652192
7888.514198055573
-6255.020407449901
-15608.546363777656
9973.390228425793
-8269.833063417516
-764.2399894869305
-200.0
-200.0
-200.0
-6090.26869145695
-1653.9633516519443
2087.6941152636427
-157.56591069150198
-196.0003136290752
-11199.075301544643
-5534.296090145687
-1955.4324914774863
-200.0
-46577.933071775056
744.8955139119957
5235.933017768189
-7196.843032841056
-59251.03194637724
-21013.035185934023
-200.0
-200.0
17880.229351928927
-22566.269484793447
4939.690348441646
-200.0
-124.80363810315143
-434.3924117442989
208.79359197937453
18943.381277480927
-30922.78019763453
9328.560671781224
21679.93247305296
-200.0
-188.00049617227197
10542.124857062207
-11179.310895049273
4005.2619014315587
793.8106121256445
-7937.881959717826
-200.0
18593.01596085009
7911.398768240397
16788.902543364944
-17620.12962895493
748.5789310217656
3561.638719648133
-32824.92951466124
-5272.339699461815
15261.372977525301
-4258.42155796591
-200.0
-35249.4814038628
-23482.237611118588
-181.43924738205453
-6784.589744344583
-55854.34750246018
1160.322366449576
75.87920856664834
1905.8832939098857
-360.1967937655571
513.1959975517732
-8977.718435816605
-10174.73104862072
-49977.60687457438
-18001.86896421875
-891.4188517336231
2157.554902835149
100.0
-37848.06107036332
-200.0
7637.2790089143355
-155.2635516292778
-1591.2982207039086
-1288.6836527830926
-91.12065854180975
12252.253169162504
-64141.29432406356
448.89496202268117
-5433.0574697326065
-3574.856972917784
-121829.73027460776
14849.807326620665
10081.298938638223
5257.766318748757
-3678.692985799509
1424.9598553250928
5440.909806755209
-2538.8585180604596
-4987.067804521723
8625.139959921893
-200.0
-173.1233785403619
-51814.8010782121
1733.8097834332618
-7577.576378909332
-200.0
-3636.3469469302013
-3257.130842492556
-9138.156928015693
-7822.0532741533625
-11882.754859677007
-200.0
-6579.638389897271
-5439.203014957627
10331.212113498405
-26206.825916008896
18472.336988150324
12005.504604762602
-6791.062777137288
-200.0
-156057.5050485688
14461.79153811013
-200.0
1893.0472030673673
-200.0
229.40409872146518
-30102.588816886055
-11614.990784511856
6191.891030585777
-107402.14989271884
1222.8828408576378
-10144.960231764177
-3221.5184270948725
-11651.668971368235
-9826.848867743127
-87020.1314519286
-6863.189383011209
4188.838869662889
-8665.022704401845
-4662.948001904996
-4289.939000897194
-200.0
12727.694600359167
12774.275710167674
606.2336519052479
1825.171772411198
16148.065485342362
-3189.5094494576583
-5402.929943990558
-1760.3097670379716
-5747.500952090387
5978.538293957742
-4571.995198791423
2824.616137182714
-10807.602640451187
-28833.45634337029
-29811.449946654633
-24159.168367360624
3762.5217192528703
16888.25111257807
-13366.50365974613
-38996.78394827602
-200.0
-35826.5328174518
-9182.12182462761
-200.0
-8571.050531904293
-200.0
-200.0
1558.5216659386506
-6715.3369834772075
1851.644106566977
1646.7841004655304
-27630.51420341213
-9587.003151459054
11990.76678188404
2525.6802505599467
-6015.368408567595
-27412.47330268249
-69751.26272219537
-200.0
-49234.77062294464
-200.0
-56566.911755713714
-6755.614199167831
-10735.907618529553
6995.643934650226
-200.0
9481.290512735775
-200.0
1566.4610946570601
853.314570641259
-200.0
4116.921017265357
-10952.733405953664
-4653.085524371529
7238.194690912546
-196639.82732206635
5209.238261384166
17778.034594290948
-200.0
-51457.3661089225
-1945.9261287680326
-21013.234872074543
-23344.558052471024
-4307.262347898084
-8334.36840042411
-72977.48376536333
-5164.856704965648
543.8368951633682
-107502.87387037107
-200.0
-13475.692409154923
488.56337642984226
-44466.77874544395
-32827.32830076334
-200.0
1367.070137299841
32.73892278820966
-15384.954265569608
-44860.563320834946
11075.013961324263
-200.0
-16611.07179693943
-7099.664754594373
-200.0
-54806.794983765525
-200.0
1938.0688908802144
2198.560122803176
-128.86707616066275
-30103.238605760267
1138.0482126538107
-60590.44812885187
-56587.25804189294
-200.0
-40578.24576960824
-38679.49111886041
-200.0
-114362.58344244718
-7393.3757007145405
-27786.618039890498
-748.5970507704602
-1450.3274179490888
-16843.992711160972
-200.0
19931.153606252847
2104.4096278078973
9348.043026383966
17.636509151246088
1401.9271388152022
-974.7950984091229
1738.3505046639132
-200.0
-378.4140557231783
3294.7368812511613
2012.544420238802
4258.482237640954
-51417.65430879322
-200.0
-200.0
2702.245543966173
-9110.372398366277
-8914.349884079487
1154.5015554312313
-200.0
-8086.041040368803
-200.0
-26114.155830563734
-8600.475574100199
-57210.69177715244
7187.0109287330115
1868.5478609771199
1500.3498428835478
8750.06697299664
134.5998693372618
-200.0
-40357.06473500637
7.797248801392271
-2365.509365554837
-200.0
4236.566692289683
-714.4750373763684
1057.005325140189
-2703.0952269880545
1441.5326045577242
12036.018372345394
-200.0
4565.570776484051
-7101.288356124896
-54472.5885654567
-1564.2313673941383
576.1716050114013
-200.0
-21387.144908727645
738.5246658723455
-353.6052082075075
-200.0
1112.0283446790954
-200.0
-36651.52262794848
-200.0
8188.62889516915
1832.8399421152642
38.807742554386316
-3280.2152360572686
-27276.856210705428
-200.0
-6825.733707127423
13572.949803160256
-62339.97025259454
-14337.275928637138
-8105.489634475956
-2320.3733694894568
-200.0
-3463.600324589502
11180.133727823297
2916.308327323564
-28887.77174480021
1228.0878956889626
-1083.5458882178475
-19838.623072881062
-28899.59107077845
-200.0
-140.98741474570832
1614.7834349355776
3174.0444380226636
-200.0
845.4848408656394
-352.20773907979844
10870.083648227921
6593.919011902218
7292.479476976512
-4899.371158570431
2650.146715143093
13182.683885601888
4375.509183258171
-6.630697675679329
-18746.25783250699
-200.0
-18287.507004021743
-5898.7136889988615
-4469.719457306714
-7534.235120419366
-3432.61749484872
-50691.36589702324
1584.7505956009359
-4203.652772468671
-62219.16714139479
-7245.276065083613
-11008.570484587952
1573.859650640239
-23958.99445445272
-4450.910814282535
409.7663805088646
-200.0
-1968.3727915258835
826.059735581877
-36844.75111752733
-4684.223890943069
-497.73589529345134
-1032.287771986732
-13497.28178633657
-1099.303283257785
-23316.822896500587
790.0556183133432
-200.0
-14712.205974128818
-361.96123480820677
5006.000039909423
4867.105806664018
-40414.48494000923
-165.2131412061889
2645.9244902016944
217.66309976436202
-200.0
-167928.83765266722
3177.813161270509
-2192.2673774957025
-11034.990369009813
-4774.47169598086
-129.0248230465162
-21547.47531473944
-200.0
-18684.601192681832
-2606.647268910154
-157106.8886614731
-2483.301515682796
1218.5136973619385
-3421.7996836253137
5261.303170434497
-7523.55443958217
-243.15203116704754
-200.0
1436.1372688094943
-17510.302915426037
-18320.009198530162
-200.0
-7435.2123863400275
-200.0
-52212.61340055376
-7507.396266355076
-200.0
-28857.760007817757
180.25819912597808
-3330.779719049215
-1413.5692743244604
5482.5923689441615
21516.31241036125
1956.5148732963362
2132.442395514923
1725.051946719225
20111.09110511032
-200.0
13398.173150511577
-15792.280477342227
-200.0
-4930.441563062244
-200.0
-5128.549482014926
9921.070810834819
4277.239937489337
-597.4453363586213
-357.1124869692309
-200.0
13503.193281574659
-45775.92829004011
1827.5692171151134
-200.0
-49467.0391118272
-2606.7470226326714
-13545.88792177124
17885.351119880295
-10966.655811737925
-28098.023727405107
662.8009866751336
-9658.101516864333
-200.0
-1945.3401710798594
-18619.628243679923
1773.937659924612
-12053.14314042125
-3840.727582115258
-200.0
-200.0
-2902.3154880436223
-200.0
-4996.483502090416
-493.6053917160572
-973.2326464581221
-200.0
-5573.924879282995
557.8695433946536
2672.958427857543
1898.0686554301274
-5940.282454908184
-2971.7070738520856
-18289.024083884597
-5982.0480480140495
-200.0
-11131.449180068721
-3485.6863064368226
-1115.8277854117086
-200.0
-1680.4952165821148
-4904.29829358382
-29382.916695569074
8281.397414288343
-200.0
2273.675369212105
-3127.343923250524
-29917.36390494418
-200.0
17563.23533448993
-200.0
4143.693889788779
8730.955248818505
-200.0
-7540.535439547133
-11851.125466820686
903.9666107117823
22371.81685885673
-11423.812516958424
2215.7559283330525
11065.332523240633
-200.0
-4713.8614225200745
-10743.88527310116
-687.5344405018611
648.5773762102591
3529.3973231025016
4226.105200851298
-106970.56268459052
-4649.949951474105
1237.3115795320018
-200.0
-200.0
-4133.804170967867
-10537.885507985398
-4053.1708482707254
-2400.068978424313
-200.0
21.17754351167096
-20868.82585451502
11950.135337659704
2587.956112593717
-180.5094264529114
-35289.57882250836
-569.97913716415
8408.022702273567
2065.9084609428833
-132193.6094891722
-150.37505468094602
-200.0
-4629.275945003691
8074.559973069645
2487.8440667030327
-19017.62960972586
4525.159116303421
10402.955494406955
-1029.3032544432272
1224.4598798878626
-200.0
19464.44902104452
-200.0
-2302.902725020329
2230.87080777211
18684.23765133653
-309.0944298229632
8810.002759439798
3977.4736874966966
3139.9285283477425
-78521.59923780567
157.40283757449663
-80110.37521983276
-200.0
-47924.44775511465
100.0
277.81671769902465
704.256199080575
-200.0
-836.2301044808291
-48799.48141103742
-7073.739313368336
-6589.323277703469
-2089.657904716991
-200.0
-200.0
-18.16259836510909
-200.0
-30239.525061052896
-5651.820809230904
-21677.4776218167
-166.36210273885376
-10897.883340863904
-332.98974625931965
-200.0
-5081.742077605197
-20722.835819794014
-1533.08600128409
-200.0
1100.9916248967843
2703.2569798027253
2023.6080038204545
7319.50086917005
-200.0
24847.406260498345
-13021.420327561973
-5877.008152264605
806.803758456716
2057.274042132759
1140.37579282709
-11388.411499097003
-2253.3957481880293
1754.182735755654
-200.0
-200.0
-1617.029378003107
5059.1895383648725
-14471.959459457561
4289.540869961071
4525.39460793186
194.53484567636826
2002.2496641140592
4951.19405199046
-10983.564722857287
5740.71288862987
21829.370938492004
-20658.332998951784
-200.0
2589.0596572053187
-200.0
10800.267578556122
-52753.6012156337
-5291.473759247368
-173739.55306576326
-7133.218836912235
-42350.598810831274
-323.1992153592196
-32760.09835388134
1355.1836067637144
-40624.543673044114
-957.75444350394
-3765.7120225694707
6424.898058602221
-74922.46477083364
19167.7032226624
16205.609342765527
7509.705693503184
1349.1074293713823
19869.520593920963
4698.180073471102
-15990.417033909458
10966.311894968132
8433.754729348348
978.0893727434225
7872.829002281154
10929.885371275943
23943.402592087732
-42211.621571703225
15291.669742258908
-8726.947314459207
-23575.096298309647
1780.451770628029
23104.30203410134
-22930.762673349815
-200.0
9338.958131417789
866.3093659160083
4884.497438622349
-5310.47911787406
-19251.818492696046
-177.78206400233518
-13464.784676600195
-16040.989074551951
-116.70047577988431
20896.472476285224
-200.0
-200.0
-200.0
5208.39636258005
19681.835450399063
-33716.86099857809
2286.4929301272664
-42628.86194620168
2682.527984876838
1945.2286089409877
1859.3351038311766
-1530.567542024773
-1369.785539167727
2272.2471873180184
-3554.0320899233666
-2981.7954148398267
1243.1328969138297
927.6666833800555
283.87778204722724
-72869.73389089371
-200.0
-14923.810660205596
-5248.191374457299
-15974.485474877827
-143.95831378393473
-3366.7425357997035
-40157.579072804074
-19985.552381732603
-202756.2544394372
-8685.020862313664
-31905.614652013148
-5555.723382492566
-145199.67949517636
-113452.63056447786
-8181.075228744887
-4021.2710776298272
-200.0
-200.0
-167.0033406010244
452.4301721605856
-10876.614775557797
-2446.0717439604628
-137.01017797858634
-4593.151782656317
4570.0683812376465
-3956.3764073102498
-200.0
845.7377922109838
-200.0
-54430.33456758919
-200.0
-3604.3242924242822
-10705.448031900425
343.9690121245279
19970.24579965666
-29235.916915233487
7829.670100412313
6561.121818818343
-200.0
10348.608725041897
8946.102105650836
-25626.838442960885
-8351.138449955046
1323.277741470746
-200.0
-70227.28977859645
10247.393003824815
-22124.861974754494
-200.0
-10488.004830772426
-5127.045437159698
13427.194374571023
6151.492274981055
-717.83537652249
-68046.01145434439
-200.0
-200.0
2280.6756083567066
25018.289737229687
4153.297369979491
8336.172186585005
-46335.9123394545
-12731.770155453854
-13386.497958122874
-22280.61116141402
-236503.22788871502
-7309.21226107455
1357.3809082655496
388.1822736682142
3287.7095968523217
-1615.6205636276247
890.6075204858171
-306449.1280463745
657.9158605806209
422.186741857363
-200.0
-21550.517395807372
-4517.928868522491
-4593.716504685947
-28894.40778989005
-200.0
-24186.21806375141
-56205.044218412935
572.4750191820501
-8163.476647085215
2419.1464546331304
-11689.033909741649
-2347.2992890621563
136.28882907051582
-200.0
-31592.392240101235
-129.88605187873986
2417.9199290940755
131.83979608220596
10981.979462740801
-1621.906325093824
803.4227955909822
-51957.92249401172
-13378.483871934242
-17500.6239662734
-1005.0110499038733
11478.729220213134
19328.381675485693
11950.228664933102
180.08301227933154
-1425.3262752437145
-13002.519766788586
-8814.790772910954
-6042.623272743689
-3952.644057095192
14732.066097569894
2907.774516782
-200.0
-14313.346031191892
-9877.941747451589
-3941.575561159399
2156.278799944628
-5000.700278829011
2200.80826849225
-200.0
593.640367099916
-12557.095656511208
-128.1478680088354
-200.0
46.44992156392439
-49861.12170928489
5160.218647485232
100.0
-17465.634171755035
9775.49444677532
-2925.11674349014
-10548.226690059866
-14197.44657650572
7235.717899586745
-200.0
-200.0
-6022.532554892858
1491.1843696657652
-9150.670928307152
-200.0
-2390.1808314594373
15224.7634113936
-200.0
-200.0
-200.0
-1503.6567889548915
-5936.596418789501
5433.914052053084
-1399.3946374343593
1047.0562304184962
-200.0
-15673.155746089955
-69458.60419198121
-108643.85962055104
-200.0
-326.86839939906827
1843.5878045244742
-12650.173427569636
-14925.770105829277
-107246.8075197361
-16447.034777185705
-145.12339425884952
-1348.8599970704795
6606.278490747415
701.7506106136876
-200.0
-200.0
-3463.6894416624505
-145.7619867806438
-232.14568646638065
4654.870987785666
-20827.559459932556
717.4384517852878
16917.227274733363
-19175.262701161053
-1866.61346212706
2530.4197335738554
-63577.21119097754
-49889.91504119517
-9247.367970564888
-200.0
-48394.548724559674
1777.8662130023406
11943.419474597054
2578.1914756438096
-200.0
5935.956747783448
2581.51214035442
-42920.927703263784
-12651.063607140457
-7386.278099608404
-46111.04638230164
-22469.104621179646
-158.6789602958288
134.40567295899478
-20711.918990214363
-16687.94856669156
5847.6543562953775
-200.0
-200.0
9144.007096166833
-42080.6511932672
13326.866518128245
22896.56185977972
-8585.428075152675
-58397.73942429856
-53588.29618350349
-7383.873165500395
1577.8672782622234
-19858.252579369502
6649.719373699062
757.3061191960979
19002.203378372513
3014.253622562746
6437.269902435518
-13047.399081205567
-200.0
-3075.911306587605
3184.335778521004
-41997.22792803837
-4116.899478349453
-101.94389715434369
-395.2303363765584
-200.0
1479.2919879060692
-18369.653043287064
-200.0
-200.0
6965.963107543623
-200.0
2390.2679391899724
-7431.6688963925635
-31351.511828530725
19371.379900460714
-200.0
-75758.37560434696
11329.620087722962
-2281.788418479615
12317.856640375941
1180.5530236724194
1118.0132961683398
-27544.95387269373
-51.084079043375255
13776.456138487798
4011.8015124826343
-297.1462413822894
-1071.586148467237
-200.0
1817.5478567293853
-1747.9811781831654
3564.952097032548
-11583.519228601794
1649.286636685095
-200.0
-10466.93144648674
-200.0
1814.9921445564132
-9520.394326183758
-200.0
1371.166366656532
8402.82017142335
-10513.491614008324
831.6530941121816
1748.182621033393
8.822565215486776
4530.564432828804
1766.4003447089556
13355.07029751249
4817.0513184185675
-200.0
-3213.0586736312925
-21851.725523948848
-21965.25436890034
-100963.7064345065
-30571.4102674158
-24173.132589159733
1471.045218921697
15199.930752672584
-396811.1853916861
-13748.869046668875
-12969.668305215035
-200.0
1797.03927571543
-9007.367061797326
-803442.4472162046
16230.920695948156
-130207.96034981981
-200.0
100.0
-11341.794767965332
-5478.83042004033
-44302.71922668848
-14128.761861312329
2621.47931418325
-675.2381042581392
-1154.8814749768571
1245.440531158224
1032.8666524977716
17155.76502547208
2020.4669293447823
-200.0
2819.7777523481377
10700.899867417633
2169.4428695086085
1769.0378386733992
23422.00641634491
8401.038022963772
-1840.929946353941
12089.468015970044
-200.0
-200.0
373.5178481019623
-3176.3407699522613
-8359.576202959357
-6818.416174568313
4685.988133467213
-40114.03248955818
2217.246721088436
14452.582010168579
16786.99579221933
-200.0
-221.8036418516539
-200.0
-16451.265961075118
-200.0
-12835.911417845526
5221.947784547854
-84875.62154335997
-738.3350527680238
-200.0
-8999.640719431927
-8945.559457317113
-200.0
-200.0
-7459.671185205884
-200.0
2242.82941393613
531.2413109252566
6895.698437850068
13627.442219718749
17292.35163536475
3272.5590465615483
-200.0
-4766.00384934381
1991.1376553243244
18053.38959049398
4967.093622843186
-200.0
-2366.559065115032
8940.015820945506
15196.874243500146
-200.0
17360.066063847753
2422.3085299215827
18588.401713564435
-200.0
750.0853303285131
787.9622216619791
-24776.352293815147
-523.2841628346655
-7162.6407367603615
9482.077689729347
-200.0
-200.0
-30280.163069995237
1474.5380602001476
3.211258510788781
-30507.422111063992
6859.874375946233
-35799.32041828215
-68502.23761565224
-55991.99942660844
-32964.92040814839
-250.8739076671703
-3493.3970369951767
-5654.73122564228
-32686.23462236043
-22760.132705700733
-200.0
4532.770293944304
7851.752315106932
7598.541416010379
-200.0
14007.03363988667
-5651.04733455285
709.5844753123508
-16758.757783340265
-276.6668644995643
-56815.08839064898
5303.9869783386175
1939.7317331073618
-3030.5620679132376
-75641.32665647306
11734.396769849602
4860.342607791455
6248.188230094127
5312.0803020233625
-591.0141927044992
-23772.23078323998
5457.665507993887
-1004.3973486481134
-20446.825288671927
-5242.860145615249
3466.9711897462093
19447.879768411505
13759.094250669306
-5447.219972471844
-6569.424218492782
-200.0
-57766.60586531598
1470.6842935344612
14324.53500990396
6778.825167173042
-5991.7862593688305
-8837.065372526255
3640.12844220252
1250.0421627464798
-200.0
-1132.5198276757485
-200.0
-921.1090629801622
160.55603556854817
-200.0
-200.0
-200.0
-200.0
-21260.38248752259
-74598.61577540342
-5390.853728314452
-13249.633442608912
-31952.961806223913
-12187.59295400962
-200.0
-200.0
1837.3455307472518
-44458.076413102644
-29617.216427129228
-3594.8247121514073
15498.71339821592
20514.24006184537
15072.933785076584
3009.0579407319196
860.0829540452141
-16501.16800806801
-200.0
-200.0
-9.01562681922536
1162.0705681991888
-1190.7344920894247
3990.549367190345
-200.0
-200.0
-59843.838460270934
9786.072140238455
-8050.0050207243585
1633.5084754031132
2347.725695869022
-200.0
1275.2007395571106
-8457.174747997577
-200.0
1871.415934662129
11082.29115166826
8718.44636418567
-200.0
-972.9056087392232
-112.00357603238766
4176.370269773483
-82088.89121056347
11733.826032891113
7996.504412962293
3095.5530789699365
-3580.1389815238717
-200.0
-135572.8482747483
3298.3706800750556
-200.0
7403.019258436314
-17754.775481815323
-200.0
-200.0
2340.1046874329095
-200.0
8505.434957718797
1378.8033750611744
22585.72530425747
17920.867891333884
23501.44538695725
11230.527278738287
6427.822236860561
-894.7655128909778
-200.0
16282.39709648475
1516.2931968948546
-60151.11256372283
494.9295211863745
261.32794610961446
2709.591943799537
-200.0
7969.948782145231
1505.702381031369
-29031.312492640813
-12363.328033661783
4290.655884517315
2882.755680684387
-11920.985100589038
-68378.62212238238
-31225.520279672623
-3495.2272814802213
-101.66475036140947
-200.0
-78.28958685314403
4770.787651913384
5239.830952280311
-200.0
-4607.899763109528
-196.00774412494187
5119.056194032469
-1809.0905217017537
1164.0045379497853
-3011.5399539915024
2026.984100595988
336.1774535233425
-4719.243512171334
-200.0
-21007.6798695386
-51497.79605179932
57.087708823088235
7390.352299084904
-4108.808846196071
-10007.818429704179
-7779.248933521018
8811.312395542034
-200.0
8926.60512098146
3401.8423214762433
-1763.5833149470623
5359.498148788992
-200.0
682.6928543843646
-109.44258234869221
4613.986605180628
8513.776134283155
2821.453247200087
-4745.896036053025
-200.0
-15456.303866032493
7785.507916890486
-14098.878489120201
5931.374530566916
2003.0909818381906
1139.7755478932818
9322.334182853368
-6318.7794074281555
-200.0
-200.0
2515.484861588232
2466.2662706751153
-200.0
1746.2000601717632
2224.5923971337743
3975.286015779173
16623.12306531571
100.0
-1938.2888322773629
-200.0
-40466.9509899879
1018.1242763500513
-1252.566508785017
3878.4363611988997
7589.180039457627
-4627.781912232978
-29205.587110249802
-200.0
-79283.59526373776
12351.810114771011
-200.0
-200.0
-10306.53359654583
11655.988538056874
15534.131247688758
-5720.7850467069275
-13944.76772484429
-44494.25681059543
18281.205831958254
-7562.531528053888
3702.249554192446
5095.117394971945
-35741.499675479026
-200.0
-8465.966681357806
-9090.267536363413
3284.0877763325907
1416.5150623025372
5039.760435604213
16790.47539475185
9457.774934438426
16856.23006866209
-200.0
11122.006633386767
541.4327272513117
1777.874008646586
2196.5521568567856
5085.2575040550355
1960.5120685501802
11003.546566891177
6159.049138611009
-200.0
-814.2249758357347
882.2750268099187
-7955.325525706995
-89918.89545155864
1823.741969140128
1724.0746610246772
-7893.32205237879
-27259.1696191755
-5957.332508603845
-270.6847975975234
-1706.56120743018
-27802.511717659163
-25910.486778436676
-13593.100036111997
-12251.588479058557
-4932.187750454849
-2215.918551469801
-81785.573635387
1135.2137513189941
-200.0
-6760.943957493487
-2644.8909950444004
-638.9915197777657
-6410.034608652889
936.0238383766805
-440.42216664290794
-6581.120273009022
-218.11535999553257
-200.0
-200.0
-200.0
1993.5199791395498
-4238.046026933594
2379.702099425998
-10425.890691467212
2178.6894780526395
-146476.54014922839
2724.393310953699
-200.0
-200.0
2744.7250597933435
-11716.25559739654
-5304.473422517435
-200.0
-4235.371554647952
-39454.86126099902
-4629.224188833984
-27814.885505670893
-305.515483141636
-200.0
-200.0
1128.4591135259525
-200.0
-200.0
-90551.75046518355
-200.0
-2260.623793868504
6020.841000837701
-10062.886646309686
-200.0
1756.4277756946785
-730.7888383096338
-41277.45426571492
-200.0
14.70013004704461
-12799.041766710641
-3055.6000476938525
820.95876318256
2691.5022858507486
-200.0
11771.565277095719
-13757.252660453489
-200.0
-200.0
-1645.5125064362132
-3937.9215686855373
-2.28493007566928
11864.644453823656
10443.784464530307
-134.08315796023285
-200.0
5975.440182678503
-200.0
7363.340947068486
-200.0
-200.0
4324.402060698448
-33570.07080503703
-10958.638352593287
-5301.3097471365745
-28264.617122859883
-200.0
-10096.40201622069
-55639.176553031575
-1263.8765052031274
655.9775626628916
-2150.2597637080116
-3375.356407938562
6939.0501387478735
-200.0
1801.0093044132864
12035.53341710549
9283.447762265152
15512.269592780069
-200.0
-502.5788530745574
2045.3693612213333
898.5389118550947
1509.8554261326178
-121.8925789615856
-37.21687396068316
839.3971243699464
755.2774483563378
-397.31100114957087
-200.0
5384.7804480517925
-2037.5006313253912
-4691.530684064713
14196.96372863984
6170.0459404619305
14751.59193338593
-200.0
5134.773041340368
-1945.3190560128094
17248.898357576065
9257.595955369927
2799.4794795020216
-4253.662194168499
-10531.366459474872
-932.923328733401
6182.83335855861
5952.737902019566
2348.0554715732305
2662.667196974436
4890.015326105725
-200.0
-12229.847113128299
-1502.5796289956595
-2220.5646456062373
-14054.746197081657
-52315.38824364886
-13388.487220635438
18625.782144953384
-200.0
655.7860131354909
-46692.814040364436
-81212.25938572615
-8861.025372472433
-31536.965182169002
-200.0
725.1298056068647
-71246.01102971818
-72489.52275240782
22364.998919746144
-43297.78192604632
5250.080220103548
14578.702659705152
978.3229481758613
19048.43738563108
-200.0
1365.7188514778254
2955.119673434746
8117.955358318939
-85608.26709919001
-4927.211942280847
-200.0
6554.290648242095
-200.0
1288.9121940413495
-75474.76984311457
-20859.63955830452
-61.24129547617807
-496.7323112913108
12903.491259179125
12861.682744661852
19138.814525362824
1452.6063002512778
3867.7923759525543
-151.9709098774124
-42152.24677298921
16246.5096144493
9404.013104074986
-440.5319866682813
-50359.569931821505
3558.6449513213984
3269.522562117695
4697.674014432095
-200.0
598.1634980486297
-23587.832974538676
100.0
-200.0
-1819.1335928036171
-200.0
5372.602105057059
-104.16075405774563
-200.0
-1527.4464059324712
9895.716094606982
9577.375504786243
618.6666467554371
7609.242993538189
-6161.4366272294865
-25558.212104843933
-16800.59822640896
-657.2233038910741
-13533.559364552757
3856.850517134202
-2069.1529508014905
-1873.3055923587772
-9438.585755958791
1456.7471468424212
-3295.7325289110095
1653.8603187507913
-28359.83348859758
2779.1683856457903
16407.51743594002
-200.0
-200.0
-200.0
1579.7729175409265
-22983.827514462704
18785.21751196088
-59441.61621252206
6276.755238421307
479.9520442543803
-5896.8161717191115
-90256.75009776176
-4065.577702930063
18882.58833473734
7601.061388542721
-868.2353231086438
12587.309120571132
13554.58163140988
2030.3031497301286
3256.608183932362
-8925.94742562075
11677.306493180491
-200.0
-6544.503690564712
5757.561123698227
3434.5531461611977
7084.399565569167
4645.889175074568
-200.0
11190.168230362251
-200.0
-200.0
2936.06245075901
-78.3297799790116
-14088.839473546846
-75877.49538938922
-6959.893115584096
-3819.424243139395
-225951.9595660339
-4162.786598748795
-4097.124307822869
-105571.757577305
-200.0
187.88338244485345
-11835.5011876795
-44489.0819332154
550.728604040983
-200.0
5118.234443766337
-200.0
-200.0
-65770.2836078598
978.4295387192253
1628.9190221374165
2023.758091937284
1089.3511733847256
-200.0
-30740.474863020474
-69302.08463072094
-6302.119603074366
-200.0
-472.77188717478714
-357.8451045414717
25671.631581387577
2584.733163321453
14713.0467734638
18241.999187797846
8487.051616309964
2099.6449702841796
5604.78360603477
2744.0634603538074
-200.0
877.6719745976461
12475.867043282957
4816.293565321991
11570.642582311426
-24869.105926826818
3300.758356839576
-361.15258250934477
24857.684764306705
-200.0
-200.0
-14667.311562853545
12189.509119459182
-1476.6071981776581
-200.0
-9457.428863055009
2838.616265071742
193.69985011036488
-1356.3246886555853
3180.6823377795954
-25689.146879017404
-12660.471891448717
-200.0
2469.4188013003923
22799.34041898512
25914.32380383848
3794.6015649794795
2183.001721225384
-84153.32803066682
18181.514762612227
5422.930268920659
-96324.94127511563
4728.348830554014
-200.0
5517.568932447642
-200.0
1808.3315698515585
-8149.707339205847
-46790.490416166715
-2723.3690868858516
-85576.4297610473
100.0
-24434.43480217936
-9608.740714549343
7600.124226385967
-681.7096219267731
4190.742500683549
-200.0
-29068.902333328282
4208.6423592679075
-1146.2219709640433
-168.10911554740534
15575.993401382693
2891.5500404560817
16082.923451539495
-15348.48389098874
4338.215488423557
8996.456475684656
23562.540203954602
1704.7462039921643
-79113.5909450867
-2819.7630999117982
1622.3737967267982
-200.0
-6794.741130002998
-2560.3200904780665
1307.9997002987782
-566.9704816783106
-9826.848811631324
-87546.31291791594
-95215.83477215958
3153.9480308786383
-200.0
-10781.162442482857
-6089.077792425213
-355.5072696862153
-30205.826524408327
13411.558098248293
-200.0
10906.011930795452
2825.325625024512
-200.0
-6811.749919530105
-6152.21070991824
-78957.77633050755
891.6886963232148
-3034.725082597179
-19330.990135948174
-5522.203402817914
557.6248834789968
-26977.328252525193
-17924.395036805767
-22632.667846373963
-34540.54483337166
-200.0
-200.0
11619.22115007199
-387463.8453935608
-68555.909369627
-114379.18038218023
-120269.10791298522
-10604.991387571748
-46734.43827168348
-3146.7513444902534
-13532.9112517783
-15225.557146366946
11268.496856671773
1002.9655489386889
-1464.2719672771598
-135.19589353235307
-200.0
-200.0
-71361.90516885645
-66295.10813293642
3662.0207583823335
-12446.88907679631
1378.4517570042572
-61954.35527545542
-89011.38879335376
-140930.3077570446
-5532.0132589347595
10100.442450506995
-15308.841900587815
-68199.47595965758
-200.0
-113528.62974279026
21046.63331905121
19729.572688222375
-200.0
-68812.71771824942
2270.0777843497335
-14015.57136219343
-11584.89489022934
-306.24880527632024
-5276.896034221521
-200.0
-199.14780501260606
-208525.53483706835
-124.70577344168778
-59339.87191838014
2072.1287908722006
10743.886072549756
7345.425664648434
-200.0
-407.50027277757476
-930.3379020321782
-3253.598127122301
-4583.770439344337
-200.0
-49482.53369614679
17362.839660534333
-284218.3333097103
1002.1238083826076
-21289.713540719727
-64849.70404223692
-1920.8710364698547
7209.963557666468
-200.0
21922.145726586437
12506.869945955246
6475.168041221818
-200.0
-47084.098264803135
2646.480028224055
25615.705723881638
-7922.275981131339
877.3712476347548
-259.05594207481886
-200.0
-4467.780084742879
-15669.952985315655
-1667.3487508782
-4552.475593331454
-200.0
-14842.573166169272
324.58594309931016
6921.599666546868
-15371.135466117896
-10607.113085723053
8584.474627360472
6091.680480498168
-200.0
530.8675223044874
-1541.827407740862
-1136.1074744405325
8898.144449853544
-23785.912122221565
-4694.050905641491
3645.546096465521
-81333.24658954177
-16405.065092001234
-852.0415507096868
-4188.950498508938
-8199.00779662903
-17265.61348859565
9948.866200067252
876.7924618970269
1733.9454395194257
-2840.5059243778333
760.6403480692182
1063.028039581132
-9298.863084112018
959.412535160254
-203424.57038205003
-200.0
1680.4536206433368
2826.96721827119
-5453.021512489066
-200.0
100.0
-17554.838457520418
-5544.708956382967
-4821.79043860615
20242.739724357576
-4921.996610519457
3916.567431859029
19576.066705099536
-200.0
-159.9256696118744
-66766.80075168087
7208.615882645494
-2484.402898448939
-14450.789298888922
-71143.02288150709
7149.207052415383
-200.0
-7324.084579669641
-200.0
-5125.149265011319
2034.4156402287208
3379.080512635088
1149.1376448728934
55.28892671300031
-200.0
11398.138053588971
517.6718256078059
8564.384536385365
853.3989002582668
5242.0800442621585
1026.035955049694
13206.439856875748
-1464.2316573037265
-200.0
1318.8919232494961
7971.106744021773
-200.0
10894.45359921813
1205.6941864157363
24319.16978053842
-200.0
-200.0
3404.035068985908
3511.6717594149386
-33402.67591472208
9443.816844179535
-4613.4734756617045
15432.539903663761
2962.7821358997785
19483.101160271253
18917.345215227462
1680.6986870586918
-7652.207646881957
414.3931189826112
14705.34736086503
6650.778371555394
647.5905275488913
-200.0
3481.060744629315
-23088.264351891117
15090.243411145007
1313.8993246663051
9085.0467891804
-200.0
13092.985013274832
16805.294511043572
26069.726804761107
-200.0
3360.9799727317327
-16506.28353317061
-200.0
-182.38186328006532
16570.13960784531
-200.0
-200.0
3766.041088250848
17591.05399527582
-200.0
15368.833782455244
1591.4683578068123
-20039.244656610153
-37582.803725291415
-10250.812912283865
18251.101234649555
-8091.386788303251
9259.436834106835
-30133.99894548977
6569.137155991635
-335236.7367831911
18737.201486605732
-16341.292301437501
-8315.965011036878
-200.0
-109649.71378615241
-6941.398309636215
19466.405046187963
-211159.6018261536
-7345.526249525622
-71750.21563606718
-19399.67429756967
-2208.412075477392
-200.0
-28959.93319817804
-46887.12333290772
-21152.31775964852
-4008.5435133411484
-22648.239074706475
1825.8998302102254
10096.115017983266
15889.989602819865
-200.0
-11238.797994190754
-17308.17601925818
-14879.771840793243
-18783.39271679597
4966.248662308715
-200.0
7090.471104343818
-32710.35900337583
1927.245224801999
-200.0
-30698.93679629715
2362.019778445165
-200.0
-200.0
-200.0
-4401.313647985201
2968.5500544488823
3363.9414711229174
-200.0
7775.63708492595
8362.679219389642
-2955.6872512151695
-1511.2654828190773
2002.6657606296608
1237.476247137293
1442.9653112262133
-3316.9592834643945
-200.0
-3.1111589848318886
-5080.836333285746
-7943.373065974053
-56465.78277204021
-122677.13435680646
-200.0
2335.340281213133
-30236.79716540659
-8599.885619727178
2351.057145399037
-200.0
-200.0
7594.97515464589
-200.0
-34982.14103365446
-1679.5341027968561
10313.331131843748
12713.594922077322
8847.926339452455
-1078.4748518911374
3577.3636875990464
-7028.0669094690265
12600.162568201931
6679.726495716728
21077.51939785349
-2134.648300844675
-53647.396267385535
906.4027262072841
-8462.91211228953
2867.1879676590443
-200.0
6393.5210960133745
1363.3839283389543
3007.0301746638506
14843.621098615744
1528.4964243785691
9359.460132379865
8568.453620770006
21805.96447399172
21003.780241080174
-200.0
7057.918289838602
-22605.417745250972
3281.162557200755
-4651.4859411935095
-200.0
1266.8235897176437
-200.0
3914.6775328479143
-200.0
-1066.3407229637805
-14625.129321635663
-30816.231894748904
2318.3808097227666
10242.51842567604
-200.0
-200.0
-200.0
1428.780357600418
4172.533140930223
20215.31965453342
7358.837400232214
2418.6545295338556
5662.721772970004
11844.752735044374
-93.1612745525673
-37087.84899124905
743.5033279539739
15894.048342617752
3908.2586713115224
-200.0
-200.0
4982.855069394536
-200.0
2933.429617439504
21854.057942031504
8523.812093134742
-200.0
22845.919063112535
-5469.080075004095
-5160.6357316878275
13446.825579101152
3792.2638830524534
14832.995318919026
23690.32562829071
388.7152384744527
1762.3581384496467
11233.30631678365
3268.988259192975
-3030.384796319393
8614.259871086564
22757.31527633576
-6903.551727478044
-6618.336600896615
-1287.959591154256
9929.300507251295
-200.0
13370.294615070117
-200.0
4428.190926199766
4451.510599223077
-352.5002288160042
-550.283473454446
6107.072069226523
78.21508411995745
4170.80943185331
7795.759629876446
-106.55218470319488
21928.919640966782
-200.0
2726.325468877277
-200.0
2142.0978198136754
9445.710774620731
10416.225016922928
6828.595349066879
-1718.3337741677092
1871.4442604129972
-339.6180563697426
-200.0
-5074.5374737823895
4104.786540239079
3006.1805247267175
2724.3880776652627
7421.989730852753
-31659.772566611457
-200.0
1943.2970378087252
-3866.4106834680774
23127.130882080848
-32341.976757336553
-200.0
-200.0
8301.272620560754
-11135.766461235286
9143.938570116574
-3251.9985698002315
-200.0
11608.016167237498
-5570.627517147658
-18409.47921538493
-16916.530371394932
-4251.43979670839
-200.0
18644.84154013542
-40241.38036341094
-102880.97265652413
123.7596232111207
1718.0406626145075
-38808.54898742105
708.6351484042573
-248.83300208847007
-1670.5392209189158
-1895.3587705104785
-1665.3037339948123
4472.144441624754
3480.1653582434915
-5716.534351912516
2971.660689297256
-5873.430710084914
15289.073880334869
-21804.841645272285
10324.250508150693
-10446.090800828657
11653.41357317172
-200.0
159.96254421711706
11640.0236189645
8598.085951794068
6628.458627975974
14170.261441598945
-9234.422400712217
1555.8446403355547
-21219.101838331775
6995.311322805012
2122.361369573425
708.2247477286642
5679.080477162093
23902.7780750757
-1559.2740946829763
-12767.634063248586
26895.135637734802
-3051.3783800911065
-200.0
-36182.48430028271
13181.100112332264
-200.0
12697.040224955212
7374.293152870244
22082.186531104977
11604.494746613775
11290.06640116592
26518.21866393089
3110.2639287710763
28675.542978375073
12612.223158017237
-30734.052226552703
4606.9827126678065
-200.0
1194.173331757981
-200.0
-15396.966826613536
10998.512585285916
-1725.1231837834555
19535.141133096855
-1183.3188748933412
-200.0
14625.91032970985
17300.433219419003
2128.3162932749838
1690.6008339522953
3364.6196060774414
25652.68257792087
11620.482009134987
671.1216622324933
-200.0
20336.48747088703
1343.0613089350288
2950.296374180306
72.73715328349459
11561.882042593741
18485.872056674092
-200.0
-22693.50465845146
13732.248617243658
-200.0
479.06175612360755
13423.498460154433
-200.0
14058.749736043434
-200.0
-200.0
-30812.442206615382
6045.088979661998
-200.0
17790.575740539167
-19149.85215846675
-10160.732599544777
-4816.481089481598
-28828.74503839247
-27935.000836988325
20830.62796818848
27706.485296910952
4693.198525855637
-5409.127527219428
-200.0
-2640.5918128831895
-3987.9632238244144
-23326.231788020938
2078.1767162343776
-5250.5607537770875
1250.3157703540833
10435.929672305212
6037.46217281198
613.2985772718702
7876.108423589297
5130.021683023925
2960.4012381843477
20484.24710214492
894.9883491645055
-200.0
-66385.51164054067
-765.7450185878886
-3175.055827394953
-200.0
-3618.6824662937806
-200.0
-10743.617118160568
-90906.50023996267
1118.9444963804835
-58320.64393169266
6961.961176968896
-11590.474546250103
721.056118159316
-15635.91107515992
17276.432908782037
5180.933298111155
2796.306753232516
8281.079961744268
20259.862702212664
-200.0
1922.418281615231
2472.253069583494
2076.7794205291493
5395.872533690886
-1271.036987195642
-1127.0060335889598
-106.72286718599598
-200.0
10419.032990991675
-18539.45858737716
1403.8486665648622
2252.5213303968662
610.7663471545594
-1678.0402723864831
2168.1063577939854
24534.233521804897
1604.970046204768
-40527.97898219665
22295.13119539289
-200.0
7007.466414984639
6061.841253232487
3633.899623112704
-200.0
-200.0
-10354.929716159686
-200.0
966.2497648145297
1730.2235177098255
4124.319631731624
9940.275384403947
-3355.106060712329
4167.127241668527
25410.174825263373
24397.391411643835
-7668.619455366119
3271.7249029086506
-200.0
1824.354018490533
4430.67122620011
100.0
-200.0
7291.650738819834
26770.647592924848
6791.132411194985
1676.5432081779286
3959.0229337492483
-3449.361996433555
3569.6898006158085
-305.5134674978518
18292.151028770455
-1849.507904292479
2996.6154925240785
-3091.7434933411305
-200.0
-8695.823076139572
-157839.8544556515
-31635.127724162183
-200.0
100.0
100.0
27579.652911935485
2084.1718110541833
-9587.124031983123
-1958.6019941488419
682.536250920434
3645.169685604577
-17979.81143030186
968.6025096806595
-9554.297092479621
21421.312895292427
-33954.87365955431
-68380.03214227274
7343.0408524403165
-151380.88802478625
-200.0
1462.634940423848
-19556.57627414016
-6119.301278492069
2436.0588687824447
-200.0
14549.752423706821
-200.0
2635.698942445082
7193.176065078712
-200.0
816.8752517040494
22890.500571972916
-200.0
18731.72937808334
16030.786226260741
-200.0
-1296.9633336750064
-6539.373360288462
512.5858418164974
283.34353580001897
-200.0
-15608.490844464217
-200.0
1118.2286884535881
-20108.510843964465
-200.0
-200.0
1147.7598801184947
-200.0
490.94535833372527
5509.128059588596
1922.368802770743
4048.2380449744232
-200.0
15888.323794462212
10067.269174490657
-9610.483723087766
8363.043321612986
-200.0
6304.517444180865
2807.1863486318507
264.6196693300818
6729.315120988606
-148.59050423984257
-400.12105998130687
-191.12361855526584
2418.038327766657
-3807.9381153236995
-200.0
1009.5585523971754
18828.052308871094
-2316.622244716428
16589.616130294376
13982.805315707546
-57734.669638239815
7982.250017397949
4353.493521848178
-2076.912838809624
-14390.433463204865
-1584.2315967266586
6514.271731347526
16712.244806746807
2425.670038432287
-3885.952760300809
-1762.635864419626
968.7375613575466
-200.0
5863.459051136731
1814.0024633670166
-80732.635000592
-125431.9704133373
-188449.34898017676
-17741.91261643639
-7224.391902209548
-1886.3829635092284
-200.0
-200.0
-74862.23319880365
-22481.716331431882
-1431.488898470027
-19707.939418788406
-200.0
-200.0
-302.998338141595
244.76221738158688
2154.7603224546224
1676.2426251991926
3549.8772789428067
4848.540841987922
-453.50818249459223
-112474.84920733444
-618.5614931474227
-4577.743590770658
-66090.1249145863
1895.1459872600876
6560.720571902808
21152.412199671126
8838.140297622938
4021.8123195330863
-200.0
3895.313589942766
-23743.039747034803
-6929.056605313158
-26541.226526000344
13822.050005127932
8665.128614239637
6405.2531717665115
-200.0
-90743.81501691771
2311.8405086192497
-2278.107101140292
-44919.3384357875
8192.032931084252
-1334.067331317972
-1208.3288024877236
-15112.373733444601
12380.735378496638
6009.127669301798
-27832.21497562766
-19117.774616991763
1746.3358509439922
-198.02219253502756
-150706.77935209035
-194.99767920377718
-498.9064482531133
-8347.475838540948
-8648.168353979869
-7351.463701798523
-0.27278770632807436
3141.0421140316694
-4976.420064044304
22.71271902055085
-51162.6962927559
1252.7165781258184
-934.98886861453
-33487.06534826317
-200.0
-16866.32092787385
6048.373877764422
-200.0
1732.6332470976013
-11628.062728863137
6675.733115850216
-6411.590920910449
-200.0
20814.181894856425
-41652.89439412667
-200.0
-5364.644724220396
25572.29572183749
10254.095892279543
-181.4841813667307
-3946.4466720558794
4954.202634013006
22939.47344391808
-200.0
23306.969121452108
-6835.499251641672
-31418.805007231196
3534.3538660245795
-8509.218025242408
8456.220923040399
-200.0
-200.0
-159128.1485096491
9330.853481279893
-2574.3456775193426
150.9896573310399
-374578.6039135383
-200.0
-4640.470008152955
-6864.970977034758
4955.693529977162
-200.0
-76954.07415800393
-28004.24790644692
4173.907529157842
-200.0
401.00287845240246
-51971.38126548368
6670.282912820597
-200.0
-17618.2729829315
-6393.508007230548
-17025.013574817647
1211.9691808094633
-1503.955971481002
-22693.535786029704
1508.6947873785575
-57.42041658701464
-10586.89150448656
-12251.641771757377
-821.8504768786116
-4088.483583149469
-4137.782227894692
-20041.068144894165
-200.0
-91477.4968781587
-200.0
-145.08790508701262
-200.0
10980.640219011764
2848.773408273056
2978.7327368533233
-12684.727329708669
-73.27870243702259
22132.2495106349
3446.5195339678426
6151.542227894544
-22160.335528149724
143.58128622332526
-153756.32817720342
-200.0
-200.0
7401.886280199458
11252.667706444505
-18469.226188563334
-200.0
-1609.298545976389
-125802.21123496168
3561.280995395405
19805.36175841509
3454.7764721999824
20999.798237466202
-3288.3986776908605
-4052.1943230496067
71.81245348742237
5435.776022408928
-200.0
1679.9867158089014
-6204.7724455671805
3870.472618775738
-200.0
-4376.734972884715
-200.0
-6155.237667149827
348.7033521165058
2561.2852351743268
13498.330607362037
-8801.730766325236
18029.07253624776
4362.186350663572
8972.423907654493
-3537.489698848907
14596.213848063919
-9880.926588367389
-200.0
-2783.7314332461074
-4222.229624112611
-200.0
-2581.6104596896835
-200.0
7760.395456803594
-200.0
1171.7852287685714
-20978.9612729511
-49638.93703050577
-23921.303104102735
-1605.772386125431
-18528.37341078626
1242.1889491524878
-1364.811260220336
12368.688788130994
-5256.168329980668
-5891.2364756768775
3608.051821484433
-3590.026115145579
3004.9132876324074
-200.0
-200.0
-125.12011189382362
18907.97739761891
-1513.3437998495326
-1101.2031609655428
-409.7831441605724
1753.0196556653812
-45929.93579528032
18205.923107767063
-8451.254338753834
-29425.886359331584
-200.0
7013.172556770747
-9666.586034650636
16405.48296267641
-19060.291593222853
-92452.42398728809
-475.1815852785319
-4750.065858286276
-7160.664282960366
1902.2594909421728
6842.6971217963755
-4065.8577185651284
1944.4490481937864
2354.5464966613117
-53537.6195938247
-4251.6982243689945
8520.601905814066
-2427.2637825559236
-200.0
-256.5561304268565
-5351.865479509694
-200.0
-200.0
-1124.5122282500831
-452.42110460086724
-5439.250120496328
2001.4886052754764
1170.526824542309
-679.6286312403574
-200.0
10464.556156326673
10166.683476416645
20469.848790325548
-778.1733770568135
1256.6284564328087
-441.5302452781848
-8926.088139526644
2671.1904389364213
231.14908781175694
-999.8432229844159
322.84429698082204
29838.57173779141
-200.0
7190.864994604308
-6118.551006400797
100.0
-64785.282639426485
661.5606168395944
216.2188025145336
23454.68984790254
-8222.711192068971
-26974.321684601473
-4868.27088999851
-200.0
-11141.744190093854
1026.8978004305543
21313.934108419133
-78736.40252852745
-41956.71781571118
12552.565620476234
833.7627050844928
7913.94276691698
-91560.32658900614
-200.0
7321.402428572827
4076.4669872541244
1718.6001016495375
-200.0
-5340.661424221368
-200.0
-10953.300837141922
-151672.50489404958
5518.464737060915
-7923.274322839519
1463.3603230246645
-200.0
16284.178562526315
2055.7834439141875
-56437.07980373026
13305.540605114464
-200.0
451.37221257532974
-200.0
-200.0
15319.690804502474
4914.77346682808
-200.0
-9137.921619021226
13052.045486205992
18436.5765586005
18200.86271775483
21540.026175320952
15144.537684812332
12809.601244405529
14471.80396661786
-200.0
-200.0
1225.6067092478675
-2257.344127989275
2594.7288361581054
-5821.3535985838225
2682.1908275321975
-5927.804540623593
-200.0
3216.2497807901827
-200.0
-2003.280467198147
-3945.942750395232
5356.159798155609
-19673.22791340751
-2588.143672877758
5298.79676201079
3269.260248473572
4907.70422156722
1298.6691406680081
5788.730102643099
-5729.117024817717
777.0447087459816
18929.991169806905
4336.318171502475
3491.689450825961
-983.4708718969148
-39662.85778198899
16533.20839387915
-1567.8097041621054
-35363.99223469395
-10408.296028348941
-2648.954890467409
-1703.173807797347
-5840.651360464599
6351.118337223902
16787.600514900918
-200.0
3687.743681753116
5258.067204969067
4531.344777091872
16825.3360360747
11593.921978908309
5225.249823558324
17848.85742650783
2839.735732078267
23779.599330834768
-2318.800669400365
-2359.4052823745646
18104.29058505497
-3806.2337885744646
6127.761958574151
13998.371275250465
-12863.428155559202
9361.618458616671
16641.444171814175
-2780.293333933517
-4368.614772557959
9748.301307170505
-612.3653467532718
365.84763634977656
15213.619066409992
4517.492638349731
-200.0
423.7593944699073
-22335.274643529476
5571.333452225685
1116.9510283929428
-1630.2500798368342
-7918.496295374322
-4597.650506466303
5979.405238862498
4898.6034693603415
-2338.965530408265
20742.753364148157
-11764.25140129654
-200.0
6267.371220576098
8657.636639255541
5812.292805677708
-200.0
-200.0
2601.0783210602526
-188.00170305176525
-4117.211831187087
-206280.13627679876
-7511.769985870422
2565.045410578305
13576.962994490203
16439.067646502594
-200.0
3538.235583308025
-2867.8510686827753
-248.07378347895133
-22824.760186660074
-19006.27419334436
-1931.7567720718685
-34655.14557942357
-47.803341980468275
1101.8150150969434
-89707.11040504431
-2288.950622746523
-7544.265131893656
-30206.354040522358
-8151.5002476601785
1147.4931339350894
-2786.0345646334645
-7651.271788301784
-27538.902119367984
-200.0
-5852.09816448998
-8339.895775815636
-55872.93439782673
-4768.92756450246
8410.981804482055
-2256.7894257746757
-200.0
-126375.62629957715
-232006.44951489614
9028.17140894357
-2497.9315611992924
-4677.935148852453
945.9406016932185
18294.55160243008
2847.0540313162896
-200.0
-2885.9386800863585
-200.0
2416.302596560705
-5299.1897779220535
-200.0
3915.4950923939723
-1727.9856264506395
6069.236199778556
-200.0
22990.164923740867
21486.92065993968
9620.266840690962
-66796.2121327414
45.93621354172703
-49023.03044780275
-10493.137551808983
-46511.61317188801
-200.0
-13513.131647950739
-92495.98469759045
-21562.3637408659
6986.275232239518
5099.807517249584
13897.87655266736
6633.247222229266
24682.044466750503
912.228411635607
-913.2084839351986
11768.379336323258
8618.83664556121
8527.30638600536
-33130.4991541296
40.376046379582874
-4120.15754066712
1363.757576964354
-200.0
-55652.972571153914
-200.0
3443.3758732301376
-66853.43077386246
1001.3526256540263
10172.78493562582
1939.384052275313
-22437.339049141283
11610.902186186335
14360.771721262907
8770.409424995081
5007.137414434996
-16004.581850864271
-200.0
16042.081931021467
6126.993722335641
1465.0242181221274
-27402.21142353925
17598.818678079926
3328.190373861505
10498.302553765949
-53257.39705286218
29675.993830935444
11227.182227900068
17990.016915527187
21366.931232790255
-200.0
11318.157682078838
6720.876150678461
-200.0
4258.683042704873
12150.546943849624
5314.744275746396
-1241.753535733719
12725.32066791866
-1069.048591856205
-200.0
-200.0
5917.874424034164
1155.6766156607152
11828.822339886785
18539.256945173016
18104.532625650332
583.4260849779187
15531.482482707228
-119.55569098015403
1333.3270268547471
31.810534351646254
4701.249227426224
4548.592485151881
-200.0
16705.52350044251
-17586.042000739195
3590.583233512761
-108882.24484354613
-34690.46530439303
-105498.9863084002
-11594.750743507399
-11332.638412234182
-2412.502395184295
-2763.544219184367
-3962.7203418955087
-12399.70311948356
-5517.450009873574
4896.729434780707
-29112.835849299725
-31704.113117013338
11237.834608440258
-3010.9536225892753
1231.8212683961337
23412.327920781
6398.272237406471
24609.220778371546
1705.5856737265706
26066.50398525049
-396.3289266963885
-37318.05972577131
205.5034987944746
57.82362022021755
604.6639717499563
2410.2731958363333
-40070.18382790471
-200.0
-19173.120102263492
-1162.6234793704998
-29078.927990494143
-1298.9253945821451
18218.01275876662
3892.3884959668644
-200.0
-4731.6367442016235
12147.823477393069
3951.1971449998973
-11257.498995012322
-12963.474391663873
-1755.8305503799936
5781.9208216571
-200.0
-200.0
607.2241606749276
-200.0
19314.72213120448
-2049.2329437698236
29834.619794549275
-14146.64435920976
10515.834546888818
8954.449397620392
1768.6682919592772
3752.1335014270876
-200.0
-200.0
-6021.43036959929
8016.353696692047
24561.87828783233
-200.0
-200.0
25167.539351953754
-200.0
-200.0
-200.0
-5812.50565380554
-116.6178456016957
-184.22668065176933
2532.5090581144714
9302.02969550031
3957.910399901384
18650.366137460413
-41806.59421553778
-200.0
22813.6003676472
-12.679112257634273
20160.159301821914
9015.331722686951
-200.0
-200.0
28048.285275062826
6998.960417737014
-3077.5330564377655
-5831.824410083681
24771.31090991864
23414.71448984044
23405.633158249915
3615.3285599042465
-31891.16820063991
6414.543641282435
13737.758096094867
17940.99392619437
3797.3778972630857
20288.65497087343
22618.06698225679
-1479.3775135424921
-30961.017741723983
-200.0
-97433.78512287185
-14606.716642501964
13885.0897901022
18192.64135905905
-16883.306122835034
1114.8774009862611
21281.593079350918
27132.24678461942
-200.0
-4098.406338228588
-229.09588823450542
8908.721651798867
26849.142790277983
23263.394783904747
4325.219877583157
19599.47416409544
-5011.434923187897
-200.0
3355.4422848569425
-1432.1115090217622
15640.118310957958
20676.814494483864
2012.5864084406599
10471.840404720904
-38766.35412925787
-200.0
-45954.90893032032
-200.0
-24080.717379390742
-1071.1812617265439
16728.195008294653
21428.05671205237
28745.202371774725
5841.470990147656
-200.0
4747.164908103368
10375.086067353368
-200.0
8035.019710020231
-10160.881173785294
10240.3843676785
17468.57938318556
2748.0859808320633
16185.992956436236
-6510.806858817218
-1745.0294961945106
17380.52592045498
20629.679128968826
-131352.0664388685
-13497.198978562057
-8052.1609181684125
-21172.08343674198
-200.0
-53139.89406641786
1890.274324338378
-986.6572130193764
-200.0
10688.884715569711
-302.8588296564282
-140.01992810186948
-117956.63990356105
-200.0
-76.80734853676005
-3234.7009053830357
-25221.844964659656
-1475.36237651713
-19623.32282556878
-48940.420592384246
13729.210494190715
1409.606979711458
7982.4796577744455
14186.647739011938
-8754.839638466732
5543.03037828034
24459.952756639846
3179.9129200421767
-200.0
-980.4414892592138
20182.73148646962
-40875.00964536618
-200.0
4253.929898020286
-65244.4264729293
1482.8322745654766
7209.1784548056285
-38345.33611949921
18230.52939177459
23482.371118890176
25375.42150686103
3577.7767377129844
17172.157244154678
-71925.09121518054
-6108.429885761032
-74679.49980917011
-200.0
-1708.0456510907375
-6413.894892976344
14829.051990363208
-6138.333868282695
-3634.975649672862
-1990.345067152433
5423.1172890578655
23692.320183510492
-27151.328072791017
-200.0
-3855.2748426974813
-199.4718687055564
17070.137400935462
-200.0
1137.382280563632
-116134.9711408344
1699.5273749279277
23990.96991484298
14127.52044098047
-4033.629594795143
-18063.292628190127
1077.1503803315532
100.0
2319.2086214370042
3874.237222650969
3957.159515146418
-24298.52850184794
4214.1064423710895
-4405.50787518627
-200.0
22406.982132622376
-200.0
8717.114879994342
20741.207007452387
17542.860357261026
9191.3944046883
8176.696301216589
22949.528391536176
27475.262357930333
1376.070601687996
15400.064826534583
-3649.107102317375
-96.99481261346169
5158.275050128798
-434.38355798025225
-10723.162545071198
-7175.683089600016
19268.276522352084
-72577.529685477
-6530.522107264633
21359.855196145494
3673.7867469288567
8777.465692647073
1093.1214279572084
-22179.07034657179
1211.758694139444
12849.832702605723
-1163.2034144858608
-5141.50373591896
3286.8621110779213
-55246.8100040906
11614.180498958913
8062.686091729991
19799.350155354896
4285.814112532027
-200.0
1273.543317760133
22773.63002085403
1936.4436724290547
2194.1428600710237
17661.446645345437
-102.73765437599391
12754.558965080554
-21612.743217985662
-79418.79528677916
1597.6385976015154
-38037.81442195387
2089.2868499959627
4543.755843368293
-112.09231979112377
1077.9449053122394
14344.125496315703
-200.0
1381.519913261409
6126.6772088386915
17562.485063695993
-200.0
-200.0
2865.813261069743
14460.861507758296
27550.385268622194
18460.353715794652
4980.784534667314
-200.0
8523.252312221597
10218.983025989573
26470.774306714386
14344.159983737898
11809.961004049934
-200.0
-200.0
18773.66927587176
-1017.1151744627681
-56.89619085819291
-1197.9312826810499
23409.805834404684
1132.8357564292705
-200.0
9328.017284888065
-1452.4440597456146
438.32027301229164
-6981.566015701403
-9743.493147613473
-200.0
-200.0
-200.0
-62.87029780153506
20734.924781912225
-7206.142689633008
1543.3351484031164
-24426.859957763194
8594.889761867675
-109.19341330440352
-32641.969503584492
-17548.975569526705
8376.105528722868
-200.0
10377.15360126625
-2724.9430206902475
15072.454556571038
19978.700785407324
1636.9655086901164
-5243.956454776071
-1437.6956661685504
9674.72649287033
-104137.78591210597
8446.06927161502
-340.5026896170202
29112.620278329523
11079.20516571319
24889.27865894637
-200.0
2805.8597979065066
-200.0
-391.79652472220437
22067.798963600704
-15329.101617204216
19567.00638261597
13387.217707735019
12742.53745072107
1860.8553004843366
2166.2027692371953
8086.232235348079
7456.428962356986
1892.3631709560009
2730.221739392451
-200.0
16427.45605464915
8762.441741960278
7447.259302129279
2144.140372559767
16614.926666423577
-200.0
5177.386687498542
-200.0
14494.427514010767
-23109.405895756554
-7114.114154015757
-200.0
-9450.493005991262
-200.0
14.318938698840014
-519.2455035185743
3134.268410064572
-200.0
10513.876622701453
11321.911452890092
-2478.5968650570862
10078.885411620562
-4944.850853328043
4600.522897323403
-17353.380596460596
-649.6300427620513
100.0
7746.100866879013
2040.2610786400626
6756.144252279704
17846.861899853357
-200.0
-29268.492865010172
-69006.20669278555
-9824.21727725542
21932.09738713607
-29618.410470826115
-4524.924640685809
1382.9282433213461
-4230.040467325665
-2366.612969941381
11261.777801834267
-200.0
-80570.55343971458
1795.5863436022742
1185.312954577406
3838.3319647820535
3216.303396998854
-25559.641722375985
-60257.51758758191
-200.0
-2643.674770956365
-200.0
-39124.202683471434
1705.098576694555
2810.0964616818583
-4854.443667412505
4981.211862351185
-200.0
12588.356968268645
-2168.668311133838
-200.0
-200.0
768.6637059232835
115.90746993275849
22354.59820106278
-1805.440719244017
15035.265338874238
-40756.724611165184
14941.425759590526
13396.397049456848
-4676.495844129627
10793.871819738648
5447.8113850961645
1223.1569825623906
2853.702002666697
-200.0
24179.387216864496
25541.414839323137
-7729.194414580802
21587.69332265343
-15749.434343619325
-990.5063470056174
6227.839982668658
-3516.0549568528904
10718.871379311615
7045.8286845468565
-78056.89464883911
4834.109187634423
4189.063763158874
-200.0
1486.9211744464797
-3836.210551658908
-275.42024058575475
-32559.665841863873
3475.0536545470545
4184.1502492065565
-200.0
-17454.261178519857
-11812.727628777076
25039.80308238195
14623.229215242742
6961.348044455853
-930.7829118729167
5798.262653467737
-2562.1659171954575
1804.2286332152723
2756.079336121753
8038.415206569896
15222.496308573887
21718.73154733454
3443.569381968231
-200.0
6885.974902555448
21973.678247381456
-3598.269689002225
4209.69864708513
16536.409952736372
4114.878887129421
2669.3242912376827
11635.675166792345
4087.0492458523145
15682.581641111703
7251.837202570104
22498.69210034627
13252.063964122313
23099.366385918842
4659.70080448571
-200.0
19863.86589002693
6849.777977251467
-22878.115220636366
-1066.1505807076624
8143.602908926561
-3685.2931379011097
-200.0
-200.0
19031.473872518938
2771.922285400088
1222.8811374279321
-37216.26797104229
1013.967630007646
1316.615361874981
5378.301325519469
-200.0
20535.41763863954
-134.60601731006344
-200.0
5663.2264412711675
-1275.876832331586
-1868.9487388921316
649.1784955609634
19758.079731357757
14461.635969720739
1559.7459236649956
10318.641827362866
-5118.764217887585
10097.87464400414
15949.39270822022
6153.298361313109
100.0
3203.6789702447545
9767.079259690105
655.8479946715726
7957.762792228985
-171068.96445563363
-1701.375696052143
2506.939745324041
22692.490341238696
-26931.28103952204
9073.728705530535
-23359.83074067246
7740.907135018348
4141.835141204949
10900.41113368754
-711.550692729378
24028.29481716262
11682.891459171033
2919.8155311641367
-16483.52972663094
3145.1095817181726
2994.3183405066784
3490.5876722014523
3293.48279867223
10212.906161654419
6991.847552315128
28306.865386961268
2990.453364999677
23166.42449852736
25736.928871407385
-6401.55463601954
-200.0
67.34748220782797
-200.0
-200.0
-10205.17582539166
-200.0
24224.370281628617
16795.736624828736
23495.50722788876
-106.84073317529007
13097.841757407059
22464.104499331726
894.6095609381505
-200.0
8518.871861010062
-200.0
15811.40699139719
16579.25710612559
927.491391509901
17252.210649485383
19590.06099341286
-12604.807271328793
23668.052634453776
1794.4558564949841
22125.89069358424
30918.586760800816
4040.6408204714635
-200.0
-200.0
-14210.223900398294
26011.288486185942
1631.7417199755043
15363.839474701026
-200.0
13442.87135936821
30965.72527575977
22266.285779778642
25180.31235325368
-2532.777226710782
4936.8735861342275
13425.462922556833
6615.005723114278
2720.611456813379
-200.0
8627.453246647787
-200.0
1792.8699783951097
12090.347442707714
-200.0
21089.36321542325
-22225.53047089763
7639.663409068849
8556.841979177161
2568.516737694043
-2137.480457617857
-4131.141308156704
-22539.541655620844
2638.1587390405725
-58304.62828161534
4717.154331632048
3935.15531719555
-200.0
4914.311861416115
12001.64047300081
20335.6647185407
5003.5635498510965
6857.4072356359475
-10537.07140780077
3473.65082862701
-33634.08373691464
3582.487878746292
21129.500060520673
8191.7470309400505
15985.568407219202
-97459.35529088092
-17516.47466810163
-200.0
-200.0
-22943.14401971686
-16979.47779931006
3813.4460058234654
-367326.98409776896
-21965.072791851184
-83502.78670632846
-114331.27718057031
-70713.1496781707
31.57241224405044
-4205.832410883234
-35924.861716870626
-75730.95698916238
1652.1969277878293
-36991.10083242063
-200.0
-17282.38826020925
-6119.581984449853
-6603.783375465191
-200.0
-101651.88514154952
10379.656626522132
-3248.6790412110454
-61656.63443231241
1254.1227920602896
-41255.8361908581
14457.607744549432
7033.122203886954
2678.8304770101654
7484.182873368444
18140.31911605854
-116.08663669313388
18222.60830439387
-2856.1708663538943
-7765.833195149599
5273.478653628674
-8129.236114852534
12506.48645905021
6687.707537571776
28999.194694635626
10028.261162037983
8342.501416100222
-8170.681305793153
-18050.48200729069
-6392.217111045275
-9999.695491299517
-200.0
14780.777256777417
-200.0
14140.828605363911
987.5512391926643
-16055.234569148277
-149.64823825258324
1645.436838710249
-115296.8885211024
8682.56166683613
27654.13283354596
-200.0
3191.8115140964346
4368.167622453417
3388.3203395118585
2890.5237494582007
-7617.281683789473
27500.72106371473
-2637.9479072524778
-95831.16216485562
11866.567797213564
22312.546902699727
-200.0
21845.01202464873
-200.0
12464.441869832059
24802.850111697604
5537.350793518304
-5912.002348299245
13324.925517261505
-200.0
6525.028951270685
-5769.843269942556
1482.8227581359938
-15038.690694577597
7918.070069252853
-200.0
-956308.3656997869
-17226.886899353016
-192408.45947341272
-200.0
-22735.3826177838
-200.0
-112286.03440392278
4269.147085225192
-200.0
7276.832284987436
-11739.936121767381
-27170.873560261145
-6846.024181838198
26.543284464853798
-11319.833938005608
-111988.1755566434
-278.07604264695095
-1192.3132080552195
-200.0
-24035.808921999054
-497.2030375033872
-200.0
344.0445054445928
-4.327172768308628
3485.310169697277
7205.798410681026
-200.0
-200.0
-14346.045074670288
16673.9517977082
5485.1705885351885
1557.0849271491413
13905.939521139442
-200.0
3959.0645097560337
12973.190377265555
-847.3126904607204
13550.21678128985
-200.0
-4548.829044454485
566.1059091804855
-3461.4388585698894
7652.834707032431
15884.86285608441
-2592.3022109309077
11263.22107196026
6616.416556573266
-1389.5237783167236
14513.349532604348
-200.0
21007.234889780724
2426.9790495368875
-1483.7370811003343
6120.825704748449
2683.408720501587
5156.152403980813
-7441.557863907198
-21417.756750473774
-200.0
-56614.95088074188
-31479.477668873536
-1211.712234532085
4454.215961387304
-118048.03934150728
-13471.77197230364
-33822.813207749605
-69486.85356756204
-8289.26164794554
-19553.546270707222
-200.0
-8722.726990870606
-200.0
16541.297507371884
14415.988657313086
-162327.80646068617
16255.462037098443
-26316.486259161553
2683.669399307626
1933.031030672255
-3316.036944161687
6183.302450308238
100.0
2140.3070099433044
-200.0
4667.407211651574
-2301.9308916606465
367.38693271740135
-200.0
-5503.738686650944
1654.7617602263533
4760.168387381744
8274.333953891197
6190.776832507682
22356.447660042228
3409.582677860206
4878.727622702456
2981.739634517466
23482.938341326975
6586.2199248388915
6146.423524810482
-27429.735247687004
6102.231710373984
978.9287712493824
12215.997174022177
-818547.9002199701
-7057.583260003641
-2942.8280583726732
-36072.479990778455
-200.0
-936648.5686543895
-3248.4223818279206
-622.0671622545267
-6887.167968917972
-6269.075990379848
-7329.458608545366
-62824.52251907672
-2544.013260762302
-6629.705513097359
-1257.9412088787649
-21680.976308923156
-7574.393921839569
-1065.5722524454213
-3141.51580139638
22.85587792975295
-7858.9877949619395
-200.0
-7981.269308928676
-65946.73601991066
-2303.3969355749064
-200.0
-200.0
9280.614460793911
13495.427004139707
127.54997725996952
27454.395035849822
-221.47617612067097
7888.981973655224
6264.573949963814
-2087.308176118275
4099.684619160611
11159.900464562792
-20287.895694558385
3874.598168393575
2730.727261895151
100.0
8388.178694075345
2936.3336622325555
2152.014264575004
-200.0
15371.239231360087
16367.494095264376
1657.3196632408808
24131.092459216037
-104574.68053344141
-3010.1218750479343
-200.0
-19752.98770699742
-6007.390204603906
-9194.546716919443
-6831.501472729522
8418.344885334727
-5260.447873543251
4652.594068610251
-8402.0113007048
1496.9868398693573
-59860.89609224631
-18141.842189441442
-546.5659369456915
-200.0
-4594.479117072036
-56440.05212393766
5367.889847009149
1723.3962615941875
6486.365067471
3570.554949323359
19501.12983911226
-212.4998392467198
-5076.6566971841685
3194.2710606108385
-11355.65948365449
-8216.339730533204
-83159.50887783022
13572.128445839533
6514.29239637845
24313.56236554038
10647.250658912804
9200.356901187823
25644.038110796875
-200.0
24985.396047033166
20106.002999898374
24654.618678711253
16423.540082707215
13552.00643602577
-200.0
-20622.688964058296
-30597.210772164028
-9244.010870182477
-200.0
21312.189573314456
-197834.91754774956
1904.0083722770764
16851.812741910806
2810.06756708154
23370.882508619634
28619.490181082343
9004.914158105004
22111.847722337374
21698.1412718333
12124.102799152037
7988.650531176543
-200.0
-63.101896550324625
19085.54370057094
-200.0
648.6198842931208
-200.0
-43.92618615351867
6743.189650315928
1447.50099814174
8501.032602792087
2859.9384313068813
2162.5042322635354
1934.5625373130579
21018.347644650697
16127.463920522627
2790.610887822677
-200.0
10740.811782022722
6604.690897245248
-200.0
13655.797839146158
816.952780266999
26932.01561628408
-200.0
14089.542743564318
100.0
-200.0
-200.0
-200.0
-200.0
-1760.6614043975942
20929.6011540497
3494.0869204412616
-200.0
12636.156398182196
25507.50631747339
17438.136402007218
30932.692926823915
-157.01527699541958
-5502.729081896158
-200.0
31727.87781261794
-200.0
-113.53286480792487
-6788.521209717833
3439.497112748337
1608.3175414679106
-5438.986827725572
-200.0
28544.70393550387
17718.449618013783
-200.0
30070.451894737533
23503.099238977367
20220.679852560654
7318.043608313506
2507.67301237724
17918.45385014721
24503.935163605005
-7592.881736397951
9357.783967830012
-200.0
-200.0
-7065.538564340811
-200.0
-200.0
1296.6668016027372
-4943.383596642684
20657.122860330866
3434.1037078526165
-200.0
-200.0
1466.6106443019723
7096.288116391953
3886.2213443921987
31646.90120962639
2446.96183803267
-200.0
8896.841843188893
24441.996906700493
3222.1067305581355
-200.0
31639.181108560126
14118.929440397964
29284.522198789804
26626.31753730757
12052.238216355181
8493.623612772695
16132.076855070118
9055.719044869664
5944.174315766874
8380.232839411348
8712.793737826627
1772.8203152202304
28971.715762487478
-200.0
-1270.0382439283867
1017.0083395365841
-200.0
20055.519810552993
-194.00059405549106
4441.14390515386
403.9842577172228
9415.076379486343
15615.929650405318
29390.20964753838
3515.804348087732
31747.454027101936
-200.0
10739.619531084769
17015.111765009166
-1798.470840428356
-200.0
-200.0
18501.10159316099
1143.7547859618435
10153.229100094059
25062.663334332858
17364.7348515644
10513.534098985827
26810.891025518937
-127.49943698706147
7520.147668472439
-1374.6690295901612
-362.8230762404405
-200.0
10350.266057688228
13714.39836014673
799.3357110123852
1440.7784746627838
22164.595396747598
-41618.16479682681
-83826.7444236455
-9482.295879156227
-8655.92145825616
-2418.5500043807792
-1704.7409424430966
-5440.268300529235
-196.00037748999844
-2020.033853417753
-5623.361355744704
-20126.350844050376
-743.9895035762011
-80467.77182303237
10039.526501313105
1405.594134617152
4269.710119172561
-3240.8018698350643
3209.750650650123
-200.0
14822.323272070995
1807.1396371404621
13098.719854768444
21118.75137258619
10585.354201519282
24638.15233941582
21022.598804055324
1763.3300785901322
1913.438366903678
25675.745985113685
18925.266661437057
1268.4498228094574
22563.615058052732
26604.461423331304
-1280.4433671624936
6698.002965592005
-200.0
24174.789944798977
25340.851773349757
15500.426154488967
7541.119463965519
4739.60993478582
2367.384591936542
20824.74453874842
-6210.918921710697
-1361.2475092066493
-147.00019002722223
19656.431474572677
-0.9254457178543021
6433.800435809821
12073.855366348464
16335.905825941134
-200.0
-200.0
14877.19633823115
-200.0
100.0
6093.840191372893
-200.0
12067.56880805282
10719.42457592367
30238.25510753807
26167.3120624248
-86984.47783463397
-71010.63993466695
6603.983746157447
-200.0
-2424.371641791932
-14302.648210689498
24769.12007844778
9988.058160348657
-200.0
1804.5978736271652
8905.284316041514
18392.726966221824
14870.159440474696
3752.0048842582614
-7873.706146315417
-8104.283039194168
480.8574112037884
-200.0
-17290.38684794911
-20982.162360343522
-257416.28254084822
1040.748399511791
-200.0
1362.89120586047
-56657.69245016747
-200.0
3204.741682691669
-22874.366004471554
2768.0868515380644
-396.86748308498227
-2093.893630881391
11667.574536975193
-53268.06910095583
-200.0
4145.46804565101
1896.0115037179962
11735.303575465074
3432.2906343787836
22751.53750760469
-120418.17157162077
-200.0
-18551.487067138427
6902.420621848338
-17599.29035599684
4517.193455088237
2055.923697602227
617.6688413856551
-200.0
-107035.29879465737
-26420.02940962731
-200.0
11944.63610760071
2673.378805535579
23865.358272239897
-200.0
3105.7349815740845
-350.2789305305886
1652.6112318081948
5711.296783543302
-394.4468029307034
-355.5964449346919
-2846.88771623149
1417.520729188475
1611.467602325568
6436.1081283318545
23176.736151403034
16410.67374189234
-200.0
-200.0
1616.3936398681415
-73850.58268590289
4604.03111886175
6014.804985512059
1519.5506735007718
10023.420467446642
6838.398935051758
1874.3760455862289
20542.596204951125
1551.759264460953
3935.6087752428684
14165.617068715377
-15846.244655333685
5222.248444635112
3058.4557264238165
-1826.3022599865712
-84645.98207646188
-61962.97906203702
4449.078560496651
-13058.049095338049
-42517.0547588554
-4681.11393161713
19333.06530795652
1950.8418464921724
-200.0
1584.2358606557418
17192.109407688862
19408.08721275796
25396.79187247254
-16632.229426788985
-11871.958192680559
20296.17002279931
8680.0217217467
18205.821170275547
818.3936697759046
13073.943905225136
-200.0
-6728.108631085186
27505.846116375636
15784.666044349384
-200.0
-200.0
-24032.372314884662
1272.5360890425281
-200.0
4565.920034794101
-200.0
5415.314279452883
27329.38748502472
23321.068216167692
-200.0
-200.0
1341.1027422381353
-200.0
27907.849800412783
8215.199893970002
-200.0
32249.498547975425
20823.930797641064
3049.5046542360474
-200.0
7056.679525793058
14492.63836338181
505.6464661737167
-200.0
-2172.7940775888956
7380.810725908028
-13997.175636778764
1085.3877809935568
-44477.96262679046
7331.025790332016
-143.6359160493377
-1842.3325064642324
12951.518578836693
-28698.10933901635
4481.427260128702
-30609.182474115212
-200.0
-200.0
18204.2296027663
11143.58436828977
5398.630032089085
25103.09286308365
9083.280732634146
1305.4941478721194
27359.800109545093
-200.0
1492.6438760697447
2718.7914562714
407.46567351288195
-200.0
1615.0933428572084
2715.160414306663
17994.639000122694
-200.0
-200.0
25539.883704676417
28648.347533543416
-200.0
-9464.617153991496
2695.6929539908447
4574.667774803364
21154.331906322837
7749.973046547277
-8666.001146178598
5212.203027760033
-1093.3814305701462
2332.211328099718
15462.707257804805
-200.0
-5608.175672720713
-200.0
4834.575851485913
-2094.6121256943543
-200.0
-10155.05886823581
-11309.874668864331
-1815.7963409213753
1303.3046092709594
-12299.423593540663
5227.361534830262
-5045.392009105428
5463.107192868757
5388.6940797324205
-13480.97204326041
3516.0316588180526
-9178.533055854221
-1348.8518512623657
1595.0780275783916
4700.130781165434
6419.7966632844345
4959.424046564644
1638.0598379899784
-129919.02668046538
5478.465160392141
5032.282025539718
-200.0
5647.095809986189
12995.423075535009
22203.49965706501
-200.0
1423.313591645792
4070.0548913880293
-200.0
-200.0
10439.704174226656
-200.0
20655.066012130206
13996.888245148899
17187.996261115793
-1907.1423490205518
15712.120301628089
2205.6639387934383
8287.652902887085
16382.350924929502
23777.63511140272
-24852.401017236443
-200.0
-10209.597206629383
18851.411958496297
4442.289128742216
16875.047080168337
-34467.63433186625
-200.0
-1263.6073290569166
-2923.423486213184
3099.0552149173573
-28200.149746111892
-1926.6163131181606
10386.859888634679
-19336.15864789835
-4574.890771618873
-1338.4364106068792
-3318.365663887374
5281.865635167682
11968.981528901975
19913.82537555992
-127.7012186614486
16932.168026882107
7600.61408598703
-200.0
-200.0
-27883.289802890245
-11707.095873975073
-1684.717617235949
-21658.42318331286
-119577.7256883228
-1134.2238424475959
-10794.283556584143
-200.0
-11367.476996658712
-200.0
-22927.927087813277
-5070.25334180823
-39004.061591039856
-200.0
-17859.416163957165
-31757.26024643541
-200.0
21981.986725252013
-14088.225127930544
-4586.205861674078
8791.786561132414
-15686.710300812216
-200.0
-67263.89497768346
-128122.58015228632
-23769.471919000458
15147.966861133424
-2583.870270170907
-118061.16294653546
-22260.204085069912
-12035.570870724647
-109774.8756242501
-19176.983708219337
26729.30796079091
-4951.650046296768
2772.1481222298416
21664.452898443164
6003.916307163059
21811.057193004737
6311.0696963761575
6099.211399454961
