0.0
37.76288905058896
12.735192282949322
1.6002861698349826
29.428895768906333
30.677616301161805
22.457448209178864
43.2170922739304
19.66812449097375
0.0
12.49295565363621
47.80983529646036
29.80914122971735
40.04857679747612
47.21658532382172
54.85381523529891
64.8949984922689
64.14985661810505
33.442554348936355
0.0
18.51600496552033
72.96224779141392
38.331513847456314
43.50366928455602
60.28047555648514
28.228007782517015
15.3010718158476
28.271702667543234
48.32429670766538
46.12621738381606
54.53661946569604
94.92064729756483
74.07095124154701
51.9375340145142
23.576437034783048
111.03663960023233
33.94367864696621
26.10776569043486
30.997339866825765
12.445996927345666
32.50344272155208
0.0
12.780608374503688
38.23487038228905
101.17467334626387
64.1743164082815
32.8838981649233
0.0
1.8845123821683039
0.0
64.40092310019224
0.0
19.25187980809151
0.0
66.00751094929358
68.76574720220152
66.3169682641907
52.565724252842784
0.0
137.15238182524783
0.0
8.130564497825898
62.40437128096624
59.226846190508226
81.4763016586239
48.738526636846295
0.0
24.93157712955517
22.452211273882476
104.266109149758
56.53797955753995
80.8990388094267
0.0
0.0
11.051856023000973
16.910808460973026
68.27006305894477
18.099789557375242
31.698233322624294
24.126418727359
30.524813259331093
121.3163603087139
0.0
53.05477141301601
17.636508083744168
83.18062742351144
48.75293023854161
11.602455779514923
32.29233370279956
52.71279527824974
68.58169029899261
0.0
44.22575958970989
9.47978937914747
26.01225089473471
32.74441717957299
101.95547608476413
101.03430324641316
1.6638420019119677
133.62517706125217
29.316531106221472
62.1640146889688
52.37950116400231
24.820537086041636
34.709907605237674
73.81412445784399
0.0
0.0
25.934841348454803
18.77057086551659
19.736689085315675
89.3302615249868
26.956317338277746
34.764782775332954
18.120912086477894
1.8293991289741647
67.96636327514989
0.0
15.459508378043779
20.350538798842898
26.363944034335095
33.25240655308276
47.18875240060599
84.03728017763254
103.1605384846646
0.0
0.0
54.6336633613008
48.53425257387317
17.108644704205826
0.0
70.34725544236473
75.18739125162406
18.129482379752893
0.0
0.0
42.67355293846049
19.79830589709573
30.358433731053786
7.6949311311898585
43.59473296715696
34.41068818756004
15.17342939090472
30.93766057551705
22.900580028987033
1.2511751614212558
45.5949071346926
26.559848620994934
34.52369835856364
43.275582175073886
121.14764186055231
0.0
78.75290980669995
22.39685836630337
94.04906975909611
35.30120597997192
25.9783716610204
76.6711386273548
59.47381379401533
36.0966375150082
64.88390020760316
0.0
0.45492907427943585
18.959857221492317
18.43716188143991
47.33871648838646
73.68384366677246
30.596391904915308
68.15172539325162
48.341933689859005
24.779479022064574
55.82957558857069
48.10383585727813
76.93287143317069
10.449207570051154
23.32310165522804
55.92814377727586
102.54659616709114
0.0
22.25191325114329
98.1976125462981
0.0
38.345691687058704
37.21321482407832
72.96281756687821
62.74707996655484
79.34774625452414
24.966963947910543
0.0
39.66512599045465
0.0
0.0
28.433328164565182
0.0
72.65020635812321
70.39743171113572
0.0
34.29085116010563
65.03948768873319
36.50454102121991
47.06623920841857
33.73156973623777
19.537601585794228
52.01844824408974
40.257501178809704
73.25919607528066
42.437279199280816
127.22881811027243
13.93039680524594
31.743718699863674
21.519255898186323
40.589382417267146
0.0
0.0
24.491612637903767
88.583307405335
25.97194641222891
25.51917256870775
18.69803185006524
103.02473494460546
0.0
44.79069326065629
13.687708674650235
8.630901856657259
15.731993924865707
31.44725367748139
11.268997858746161
0.0
5.5057102859355185
14.472312254777634
16.22515024395706
12.352946830675753
0.0
0.0
0.0
53.62740365977406
18.75342127268642
29.617043950768736
35.67980568692541
0.0
38.906053134441095
1.6008905216940177
64.22834631382094
53.36013065778319
79.89463489483451
27.991514048623607
37.80769830290225
63.49383833404026
37.88372836880399
116.20306729063061
45.31913123660769
25.35274506480893
30.89152827557503
0.0
0.0
47.78436063470164
31.242345639910127
10.719494877264609
80.5366187176376
46.713922873865705
1.9079986854699216
0.0
45.72083660563547
0.0
111.79383920201936
73.27715915706085
10.191559231644977
54.993193608457126
32.71657744566571
41.6569492499487
0.0
56.068319348310105
77.30737508286443
28.36029502645678
21.68517283857087
0.0
47.418092120057224
0.0
54.63221400345318
0.0
46.367133439111406
30.35487192344069
55.09894735182983
28.7321388954693
48.689536256202416
41.53169968979316
34.10291755415306
62.20469270739856
61.44239476573901
0.0
52.49553781457343
33.71866320094006
71.80555645632892
0.0
0.0
188.48800685992535
26.296306645423012
25.396879220114144
10.809563160466938
65.6391135290306
40.35491335150473
0.0
28.802574708785492
34.140964393121905
71.6878065851
21.361398768682967
41.629886527533515
41.51847435794809
45.905858013044494
0.0
94.40425902659288
0.0
29.245821206814487
0.0
10.456201265095281
45.51634743945192
11.71964511486276
12.91458833407633
185.6993302487834
53.43002097365764
38.10986432128603
45.42606901222459
0.0
43.058506266288
63.7455749942439
12.196997321075168
115.07578891706942
50.23012749129497
28.24648205326755
36.3684467251205
38.09297622861125
96.26842366237416
13.990243062393116
0.0
68.86053537767738
0.0
32.66514743171081
35.45077787598358
29.575507092613755
68.10800211618702
31.141988652026203
67.83431623030798
0.0
0.5590165838313651
19.47276875051777
0.0
18.710642464980868
19.838378806542238
60.61394581629644
20.981810574999503
60.57485958827724
89.32348381748272
64.13850792943866
21.626088051250196
54.902889558334124
22.9104737178856
53.96012305034326
72.62464392589146
52.09603540090661
0.0
13.567324068734981
9.987405610076356
122.39891519654131
0.0
1.0198832955656016
17.389901151839002
30.224722724601648
7.295350231954346
39.64036421007464
0.3940052143598428
46.81701643401977
40.52655836694868
13.333309260141391
46.48528956701271
189.51352599803315
51.796485726730545
59.70837365365947
0.0
61.97542782976163
0.0
11.223776203806205
110.4826489496922
23.665769396289715
15.783367980022641
32.41184427155755
50.867454992341635
0.0
187.25513877413317
25.68735126839887
29.092228137504
111.77916465980002
25.951365402876416
17.905318895398192
31.645900106753786
74.89859810634087
14.261054692787692
40.17951487467319
12.173044400170218
7.738566739988483
28.815328311370273
71.80775654295464
17.619909274226956
0.0
134.5267749090463
75.2535007932979
42.448944773251235
57.339814387881844
39.89649125660309
19.179797742308523
42.7703569366153
22.68261933724984
0.4956335382509843
24.573337304284568
28.641356405733436
17.614042592564996
57.504366206281304
142.96890098403412
30.679459198208985
49.445456477725706
50.42615351832784
29.74213267753081
23.958629544964783
0.0
20.19749967505943
83.771314784342
24.628521504040265
119.26384612492392
44.01024304030597
16.947910043131476
0.0
12.872906469575373
16.23620688833202
43.20155555061645
47.16414369686233
31.202224085179193
46.45020004233424
30.518606322081155
80.50516613055261
0.5542351371888861
35.44509348881018
0.0
54.58417279727579
0.5893124898186541
6.5029659165417035
189.2411574730368
13.085182019934365
109.32142599335513
17.259018175687498
15.828319386932689
44.81121737202145
9.976564899292187
39.44301411030122
112.69691665173781
54.033427629899904
68.42006825876668
46.563296026026585
56.7184154799956
33.381640409639665
24.25821976204474
0.0
0.0
63.79856044478963
57.48179906990626
35.51295448837451
0.574460262368328
72.82109236241266
141.0129097646879
29.074561336551138
35.98155921166329
19.827604314862892
0.0
20.94457790462759
55.37765516680587
29.28106152408705
14.555201647974533
15.062162824021957
15.267906410051083
12.854355789110967
17.45114531679166
0.0
0.0
0.0
41.723035207781834
36.29482382650971
19.313755473107886
0.0
32.644664671512054
15.52426154214012
27.448685232011346
28.19250991651325
0.0
17.16291705975368
19.133909664719877
14.80645275484172
48.07034969862787
18.063191883918854
0.0
0.0
51.79509972460711
25.209835546805525
10.130838804663423
40.32948199571274
9.568879983906701
33.70937325910515
56.70822438422481
38.13601920833521
10.42223386137464
26.333712370412353
73.38399431632783
25.252719599824495
20.29254823594614
0.0
12.977365687201644
0.0
86.63550638013257
62.09871376962313
0.0
81.14589871987894
34.32043809641664
0.0
35.03870919529804
88.86102937032302
45.336628474686506
116.94386560542385
51.021655841881824
15.047274341049123
48.372668742133335
10.244010876352423
14.928988029764612
80.69891914382445
110.68896017532565
37.49272383640839
47.9373658450954
61.36849785789323
35.520646107400204
95.4308693279326
51.66022625975269
26.893946952556366
1.2923013081662118
0.0
71.71991040417586
0.0
46.5245487140013
168.4242938739894
43.46566428533045
19.402122516933417
23.122173733215913
22.470463054302577
33.58501841800023
47.43448348826789
48.66034551716675
4.4445899712504975
0.0
37.991564068050835
23.721425541385308
26.247099421402712
14.502993080128482
63.60268624070151
97.5528369197868
25.150651163980044
39.02957801599884
57.52190508396948
0.0
0.0
0.0
66.93704308635867
61.31735611146666
52.46933434215333
71.03833554729749
65.11404417042063
0.0
98.63000848211531
14.220003015466148
0.0
57.59111499355711
74.13529977920152
0.0
20.774424373879
0.0
15.48858273285936
0.5449763184671383
0.0
12.197039835061977
0.0
0.20153062650092227
18.12148097675569
24.325626291074656
27.956679164277105
87.1896317724645
19.25640471883967
44.57473608738443
88.43749666323576
14.612445530007648
12.017797595793962
28.359822033951996
0.0
0.0
46.919739653984536
10.683250889028944
0.0
25.351115461882316
36.61356020664174
28.91077468432569
97.71699875188034
27.710479417082066
25.985943022759052
83.95735783142888
26.848658835573502
35.18350900834973
18.491533373839868
24.92356023404649
24.863412598804462
45.84472315498175
0.0
94.61956750522825
20.221594907365642
0.0
29.04951318899255
36.26499172801658
20.714151759590894
79.51578173168745
86.70035815013632
28.88149840908845
8.241915906533333
41.9538379341099
37.33432185114923
24.143297259823207
27.33250093196766
36.64588699068159
25.421254657735794
128.5209722093535
16.407010921128638
0.5213826624161527
97.46686438804234
1.721976510718918
50.50567076853863
20.309674578143873
24.613327697866453
112.60537250447719
31.017313172660582
54.37833469750487
28.01388471083519
0.0
57.75247493058404
81.91572556705644
166.63731952994797
42.00584322899553
28.753070953506164
57.39910102427674
0.0
20.22203926663923
46.5478394144776
0.0
51.60085518258604
16.248292318887813
0.0
0.0
63.741202631102325
12.495179078349555
49.98200534961096
83.94555805990264
71.16716746429529
54.580838604242054
81.19469661607327
0.0
0.0
100.13917928312983
34.03528828126998
80.55372445056517
31.020600506957287
19.692634941251683
60.80989906537399
189.66416291362904
146.60282609651432
9.847145202797929
40.490038996017944
31.63751309139201
0.0
37.325184993867836
35.524287681227136
0.0
65.30377748253876
20.53610248355769
183.3411278670247
13.405940638029968
105.06067752186829
37.52605648778104
14.015003356560069
76.0702432906511
60.072248910072965
79.1997614861873
32.59317382343054
0.0
0.0
80.67396589245973
20.563720278167768
15.169714521293784
66.68293331027564
48.66405303704385
10.81893750943235
0.0
0.0
67.50269595152297
65.21796920680592
37.016666539799644
67.14636111935998
186.6434992074637
77.00426517480442
40.55996326232461
54.83516720823669
80.42640803686666
1.9360761169923106
30.621173347160497
0.0
69.30885338013731
119.23102724680405
29.489234094381203
15.5332845866728
0.0
29.573961070901575
53.40233617169198
44.431569702441
39.87164101458587
9.305938559705167
0.0
29.395201291119065
41.385854468359604
21.90992766055655
24.37654683796149
70.50142860176159
49.0877319444999
0.0
59.67721296204746
43.86699774476104
26.220718592298425
186.42177590656735
29.757095793131157
50.1688261135133
24.677950660218052
31.28705915333436
42.81974080243339
21.104290648865735
103.51442922671475
36.3448256729761
31.2111330210084
24.66856555106393
0.0
141.5702701475677
83.12061298001333
0.0
15.822511938651692
9.565205090461495
0.4758451058008406
19.3119390662466
107.03723442395817
126.14425828945619
107.58144092153076
26.947974396224833
0.0
19.859436323102628
32.22449948276515
0.0
32.373841986383226
0.0
0.0
19.276232542445754
74.39623323072334
38.208118346427575
43.48077011202897
0.0
27.386394638682514
16.90088581072677
19.589505244925203
18.869453361603
0.0
0.0
0.07558921805068874
16.299792637097564
32.0945739694711
0.06895968035597058
59.730594585239935
10.520638385656065
16.754039998748492
0.0
20.376566667630424
25.961290838741597
7.654837745196575
42.52323818528478
0.0
0.0
9.725392742941775
0.0
28.4501753968288
17.15651275744568
0.0
23.283411176516456
128.05098084631928
23.131962350875014
26.22601656009932
0.45022162656021425
65.0868379294353
0.0
113.15412631521315
84.61006908172907
0.0
0.0
106.62442916652685
1.8217380993834638
35.35599489172622
8.367576459594105
14.468693342306219
11.182975835574338
0.0
46.968637705374306
28.18617061001439
23.1985243548329
0.0
31.90788706160112
9.675640498807768
33.24827032843091
49.59033540551207
47.13588823217599
12.828446936511224
12.745716792796172
19.678158859584663
61.92035459393065
92.06997106480269
9.65921427571169
24.001619659321026
13.81998044213232
2.0119718161375464
17.595258765168634
20.60880896698512
17.278955108420277
18.162450800771165
11.917215815054535
96.8898032161783
38.31527836822818
0.0
66.52503252011508
33.0437792071345
67.06114933464505
20.14926032097208
28.034366009063675
10.987929489249124
65.18645096072473
1.6698250242815291
35.711983984058264
87.93773898921636
31.70943527602843
52.31259323546086
12.62410837203399
13.370776553189128
0.0
36.99321205406311
62.71912472290551
0.0
0.0
40.83781766856842
51.969326727505724
68.72918426223731
15.343632904023515
72.40158438704005
15.002154202420137
30.109436044757203
195.82389927532915
0.0
172.8648732064147
0.0
180.66254920689457
87.19572585881065
22.72254814983177
0.0
53.01650319850284
44.44331340460243
1.5693604873563425
0.0
1.9118003561611978
36.64753156038828
23.127982034879143
192.1651432032803
157.48504983102734
0.0
0.0
26.629275619908253
15.1314936134009
52.14103234777887
28.43522719999102
19.92901521507849
45.51964083664011
0.0
28.292073966623274
13.945596378211858
85.12595548833114
11.980448737968581
29.594711512295873
25.19081575655143
18.06365537784231
39.68705018316953
17.906783697179787
0.0
36.40380446898767
19.23045419290211
116.871715409458
59.4832493873953
129.06943138200532
48.33213532239473
64.8161567524849
0.0
28.467417499968633
0.0
22.722429972337334
22.181384844164544
29.097296781817747
60.64567093530003
80.90249399301275
54.80707989861755
32.06187091998163
65.81252034914603
70.84680349926492
73.23039863804766
121.25601430458632
0.0
135.549920575525
42.98085621039206
67.01604590856203
80.17502493853809
21.34653792384431
53.736035155537124
46.262341510065816
8.303122688409928
17.41711696002965
19.157957351933955
0.0
0.0
0.0
0.0
193.03283267495354
40.89072308061055
18.34635167361162
20.586821894877648
0.0
1.8702097877319896
57.290365498920345
7.928766312126127
13.829295075480777
33.09192936410042
0.0
28.25969238693481
29.9220384808529
52.20057992024526
11.069461019492863
19.36718512402575
0.0
20.829326435269788
19.75998432682979
19.399553520224615
62.99317961153646
130.88281907716765
64.36513883708048
0.0
21.703616967049257
98.37781564421317
0.0
0.0
42.22933079455288
27.040854732183014
182.2365077982755
40.55448173753042
36.29068859809594
48.66944493288588
46.17658751553805
12.991624809050547
141.2878668471257
0.0
60.051159111987346
188.38715446003366
106.45486810177272
27.200158390881448
53.324182971700985
88.99415265850095
133.88702014903106
54.61986704601518
62.436957932315174
173.79760626922857
57.870162120257106
175.97433226874742
86.20257151655903
42.62874856023099
179.4003489040289
14.86122936632066
57.58431160552354
26.073527997972477
48.10884760343259
99.15112455545813
79.39623962851282
191.15672238816785
12.822940026349642
164.83633929730394
21.419168555826438
86.06879924997456
30.38104251011498
29.80010213311939
0.0
54.29607640285374
13.420314339040425
52.30550027299747
19.447971976425297
0.0
0.36345441179611915
0.3585669149891157
7.645982864332366
60.37613039142025
12.660300598670153
0.0
81.34759473124957
52.17382732188209
25.379965158844026
0.0
71.65449658670941
54.50337554799654
33.84408866226917
30.12873571393613
72.15607433114573
3.551142523445574
50.645924208871605
13.437559736563546
13.627629724239778
23.938315083806355
46.77356588403022
19.276502094776387
18.966029793101207
44.59435480800048
24.683894593609764
28.47512295694696
36.67621977722965
76.34101178711224
36.67610973525016
25.020852926755403
53.21190165258663
66.53944230209957
188.45463016002543
1.6113575837069045
0.0
37.85363166898549
34.87872548774315
15.350438664199137
22.58510856815718
44.67164519717917
20.50748602436182
3.9036649435139723
9.625228141384056
33.26506990951494
23.09695965505741
23.013420879169438
28.591891824413956
45.874147783056785
43.483020269677006
15.951112632765625
66.3076664751376
65.97453301316752
44.332484683619
15.846452350094385
0.0
22.334734961818803
184.55536196577503
71.39608150308986
106.39658420918272
97.12128067165317
21.20235968922004
7.992186304737349
47.01435874522113
164.34835084857005
0.0
184.2024623047729
16.653398254800674
19.72106101180587
10.563534429184218
61.52711548133571
61.34474825928829
78.7450134054133
60.219576668312634
27.150908514670085
25.12271300493628
190.0817759086294
189.99247827083246
21.2871149418285
111.13194037077189
34.04744481715342
79.77102910939965
11.714674232642595
0.0
48.448643882314805
80.64435612657405
192.65085357520144
0.0
41.33103571961604
28.02330034794698
0.0
28.38729285013781
0.0001430511474609375
177.79152173594878
45.73348670957549
20.13432487821703
82.25331420063435
17.128568682360353
187.72716623440627
122.42158303006872
118.38631550093854
0.0
43.512165611697114
47.76633960455927
44.63758801931144
0.6036691340460384
106.32188772202112
109.55882781315384
97.96519746215438
55.40317806592674
0.0
4.178803712492712
53.18427607540945
42.71474924715507
58.03867870636667
0.0
0.0
20.796658209726633
26.403786588603417
42.38651390694624
0.0
0.0
23.55151902774718
2.988478809229597
18.438858631508793
56.18736657285892
29.706012121774737
104.1592340888725
27.059482709220756
21.501149649874037
22.003358146410942
48.3502013187671
33.463305168287306
53.390189897235025
21.17111721659879
81.14957549186067
14.462449584770948
9.846623239000465
0.0
10.958049802457312
34.982949974784766
24.557057623645665
45.59028960318097
25.355024475078803
5.960620130404874
54.86827686632823
30.30130816608851
24.703259673199568
75.08912736009809
46.86556072429177
20.79901206081948
33.89869380770064
0.0
47.1877725890999
21.00305443120174
0.0
0.0
24.554504341159276
23.6048614172865
31.70422482930136
54.537403916205896
0.0
6.329564188807542
22.757282935923136
52.26688391339924
26.273485075302457
0.0
9.969029909657491
30.070247635866867
4.802591651993007
182.27340223109857
26.3404528438082
0.0
0.0
66.75573533012431
16.135369705516744
0.45673335843626317
0.0
0.0
27.848954989281548
32.5972436144539
15.658367108897037
18.428371249034825
32.92407811246073
0.0
22.312684376474447
42.89530245656162
18.60636721108078
71.63843622859018
23.04673968404259
56.30105131841142
83.04548146850784
97.62639158505282
0.0
88.66391252389482
60.66287455579537
191.59904503886307
9.992476233265382
19.21352302081154
64.51079070103833
0.0
180.94426184362737
23.720574834976908
46.21501859614152
188.75162562999068
23.265801540958616
4.636277486707133
18.900499998509154
3.1295046130148756
0.0
17.840143136547667
79.24096445556579
58.506928929112995
55.64355355476928
1.2973969028260988
50.97072886637731
27.82349681290305
0.5811751197579085
50.428096433857014
55.49055227322171
0.0
18.78339827630088
0.0
0.0
14.586111808120231
35.81134090570889
32.63992622034474
19.85105887731146
0.0
21.312513352558497
11.131355120967097
37.49204944299722
0.0
0.0
22.008972064880886
50.05206760204669
19.60374382329348
40.99113786147984
20.395764672051136
58.923438480581616
93.22645433891196
5.310756478146505
43.02919074226219
51.31810353158367
0.0
56.89532136973798
37.171578033958966
49.19683898370753
19.170606929487096
62.721110886380245
0.4181844522706718
0.0
0.517444380747655
33.711821509305494
73.6482103175093
3.3335412022834356
20.22920747605439
0.6589492692930368
63.574264553777674
34.55752795797488
41.86606304483593
0.0
62.06679641388884
29.05792169138016
3.8674452459489013
92.86655180283616
32.204676099800544
158.82620163160266
34.11512519408479
53.91864006624937
53.58128934651483
162.85897766737386
11.0946945973023
0.0
29.929005228565103
20.437213712543446
89.97000875975415
30.889868862294836
0.0
97.3148478402251
176.1226866874238
43.59104405898523
81.46952074691949
52.83851944548639
149.34712464143038
25.4787679436857
59.43214255941097
0.476874812277723
3.8854857959275595
0.0
78.06588226316872
117.6933976245585
59.46753975076275
73.87957124528579
20.712097427906166
7.243178554498505
30.316626260061863
62.56324020472908
58.75483171498793
0.0
53.5769952987915
184.62698539268845
28.296743058455235
45.97138128323323
45.90726864180751
88.81012702568859
24.693303985790745
66.5958785765789
0.5060022008611004
0.0
38.72689856888371
66.75877303419567
53.65120142922356
11.891838130476948
46.532656795183165
11.13801081032951
29.28696982624137
20.91922164405618
26.632766458205232
73.15016771354064
20.251396508435327
0.0
23.921692271772855
29.44953888348024
0.0
69.04331568231446
15.93523910655765
21.988473331013754
0.0
31.661885003397828
0.0
15.271424936034311
34.58423865400458
37.15402373008585
59.20136383624972
0.0
34.80778604235405
12.494415659845032
187.8208090825264
34.70533185683106
45.70705170063773
188.6693019430554
77.8303604362374
24.86019137526987
12.870909473081069
19.293977559849765
60.78012059058715
18.584419727727422
156.0924804692887
150.38611056195833
24.802946955190002
67.7385141598452
59.46512110880874
38.69469044695864
184.31509838801452
183.2989918526778
27.08576544161882
45.56525646965866
32.71263635485012
39.77235844077554
25.09484324025245
22.767395821007874
84.26641932714841
45.69147975712188
145.67864779794894
184.90473635301763
0.0
33.01385391009427
22.2688758593811
102.71700623649178
99.52270658234538
15.32114216725168
183.45923189458517
52.55866987160378
57.84692908361619
15.149982163333283
60.66898415101005
24.618694625331106
46.51598592421338
23.306371210889047
31.922532749342107
39.39831868291662
30.355780985159495
24.72271062959712
29.557460562219177
99.90996639362743
25.20471437303477
0.0
11.079830622904941
22.12882022714942
59.15548888857121
184.6069021093685
30.06127359876117
26.456483300729282
56.3819236561584
24.319687534971234
104.91963261261964
36.801755495007654
9.110412594414342
34.597408218858334
0.0
135.58161739608676
191.03638661510254
22.103744533031914
22.276541299904327
169.3954881127246
99.15039406609259
96.21080543644234
0.0
39.53160822417311
22.778739126604354
54.51651775289318
12.77225413283912
37.7961085986533
16.752347586368113
22.273493428560368
135.50563529658467
43.14176998382624
63.547898502510364
46.99585012730966
43.112497010007694
131.98234239698502
0.0
14.93633017864153
89.31681581894604
2.47718146368817
41.40803715009115
50.53200460658901
44.50292613229989
10.831653723456501
49.336400202551374
32.50968570726737
109.19321509639971
4.163393823986784
35.28841065888113
165.5253609034807
140.8500702206001
91.94599871773451
15.318295259325213
0.0
36.224900067802984
21.320773931380707
16.36601173918021
28.141199104875657
9.780321034776971
0.0
52.358185487680515
4.1961669921875e-05
51.23797917388171
0.0
151.00981817009563
0.0
26.40933284434746
10.196647037408365
0.0
9.265243709842279
34.7371202959759
48.28821134802645
29.137796902035117
34.56816902743747
24.024229875787896
36.27164383794022
11.567732387345103
37.50749939654175
12.254404514125651
44.205254553241275
32.49368189204584
23.276058900640837
25.72135254670635
21.074386937071164
0.0
27.92272139002126
25.74174775952037
155.99028988558896
121.65495100862466
23.43456868226195
115.05820526626681
12.124566341841833
27.686835451586667
183.2261331399214
19.833429074822018
44.6158876138136
0.0
85.58189761256052
0.0
11.916720376523292
64.77521099787243
65.9467352077507
46.4674799087619
53.49723037586631
48.733111184758876
1.5786220075224753
80.94387489585674
115.17404973374622
20.800733074497888
27.517554569504643
87.55214759072148
0.0
54.64669615228634
61.81552926935094
16.849440152366334
0.0
0.0
25.4067344394354
0.0
0.0
0.0
28.236726766887134
37.70295392256088
31.118818523493466
0.0
50.96800597252588
9.61527002592763
58.3749788452081
13.164444609083207
145.08515551033392
15.846315480173898
0.0
78.54994254279072
33.29520648126739
0.0
56.20167196879916
43.1949054538878
17.093439965272772
0.0
0.0
48.06529065059819
17.42173695005094
10.604449300317778
22.88547923400211
34.71098386304797
0.10591428348498572
45.19384079360915
16.34908648805523
0.12839194809939047
46.876587149962226
21.772682660290897
21.933807552727604
7.784883154178385
20.076446807185903
9.416211554003649
41.54114567787359
34.064844720015785
20.925424466221436
23.205497500088846
51.50570945307423
0.0
156.08763918863093
26.846890855301787
188.31811009862454
20.314792367648206
15.523554071868574
16.558837965796528
0.0
17.356316795258675
73.94811108606216
35.52017106577967
39.88624299665338
101.2655191415478
19.36623539854048
28.86171830448603
88.28156254723143
41.934117357554555
58.260272280826115
61.172473321426885
52.802463651627946
0.0
14.317175415419714
29.898594566263434
39.326031050885774
13.246694005980178
12.602225241758239
79.25078954855039
18.663477982995104
31.88067999555847
51.7676201138576
44.99737417082935
22.701682462968225
3.4031430610735622
58.812032138816775
184.8146514500765
38.8526094233455
0.0
61.5970640337736
25.37477976209661
53.28398200037652
70.18662123074235
36.23052391866173
0.0
0.0
63.413968832430356
20.59867114612102
64.8838737013337
53.825294777274664
132.00456055567875
11.347822735960158
86.53352749800351
25.160408345968882
28.145060390551656
0.0
44.46312266550638
38.34348814807925
101.80664578567863
114.20653349593918
96.55973141268646
189.0959936091473
85.78294567942258
134.85252512375172
75.32347335340117
24.84240544821078
13.300681473593796
0.4490551985170955
120.81454458722285
0.0
28.3443303495787
60.93463179933254
20.05514441112681
101.65795802139587
48.95057233161229
24.36242412827332
47.926154081038234
27.830936566334984
7.443247435070614
0.0
96.37781400710259
0.0
40.84259052189706
17.058862207386056
19.1566519530866
70.96536893522854
43.95729860317698
90.8038377354161
111.36485664541324
57.752152486899085
23.749009585281197
17.294611543645658
0.0
0.0
50.926354886535925
28.851483277846032
41.76910383170564
19.715069786661783
18.918740044413305
0.0
21.64873365822035
28.998433814131594
23.156831025437576
0.0
0.0
32.97779087851521
8.473444833512827
46.927817512937224
183.44921449544285
24.82846739780576
88.27769088633144
18.71950630184611
184.8006332854246
22.21237460534614
79.45484744324406
0.0
25.31590662261219
153.94012826539748
0.0
29.84795454829378
190.96668869943437
83.2785813377067
123.06451270519464
11.184994762588076
37.95954506856672
0.539642884922541
0.5229714824473239
183.28351949239996
135.11703718105716
85.09576128390557
81.15345775359025
0.0
0.0
8.844357712021372
13.550987190745351
20.845798891189872
6.040234427654966
25.69292502307211
29.876974815155926
11.855375338057543
14.837610244139864
0.0
46.18234804451909
22.613116187471775
0.0
35.665324167575285
28.286105896033735
37.94749951099387
14.365291840816349
32.37278921963924
122.3231884644367
32.24338102941912
0.0
49.29528343574339
19.469938317688563
22.128391872331658
26.867876126989778
60.539873493309
32.19325178758802
16.730402173575236
102.8966453801306
53.35178113093487
14.791615275762062
50.589858273358416
6.977240425272033
0.0
184.1469139153199
122.33247529282727
25.512220881690656
48.00664852843477
11.898268777517261
17.242357522895734
50.18877782479864
21.521872779227895
110.96655185072454
135.2137496209823
0.0
84.04287063402526
125.45136173383295
42.455959930234336
91.04359043118042
58.99893913570552
0.0
0.0
184.70252519342787
54.447109529053435
0.4085088560355049
40.12354473676946
59.91306142345575
185.1372678715158
107.42157441003435
64.04010739278792
186.55996497769073
0.0
62.95320182067665
22.9726798851407
107.78989577285553
16.17758999103886
28.749378555765958
0.0
0.0
142.95559456567966
185.76863178869013
0.0
20.583558735724313
0.08496861550348912
181.6815873117497
0.0
34.770171407674134
154.40838709369535
125.38985755602594
47.55785066673961
184.86014313716754
17.746961871588677
51.40029132856765
74.65035539537772
0.0
63.7244353867979
82.91847455373276
11.534278905981061
127.3386050893574
43.05855422934161
47.99409687096405
15.376096932868537
28.13616498461239
170.8889725555223
37.74059042039792
115.98762297909005
80.56351050310464
0.0
112.76512670826487
62.59474262649925
35.90244139099494
0.0
26.823660066562574
21.87280345380941
123.9521373825679
97.43148368707138
54.046518876138315
22.351191320399643
80.98060071052579
119.91003420995254
47.8428228484012
90.7113459667485
46.092131867352805
72.35733112172124
0.0
0.06791323547530273
0.0
101.12503894538042
18.70628519422468
5.449810051499579
75.67970589167629
40.52403791655419
19.544938411769984
55.707469832034924
14.838282563381318
112.78471352764943
180.81135811912603
176.4827614961038
0.0
43.99462664557293
67.50075077595497
28.43971853334947
98.82934338851368
50.68439175156855
22.91399721433056
0.0
0.0
0.0
42.791163078464486
24.08227296936415
32.33540690787347
59.23386051390446
92.94376683200586
19.49259945643712
98.59955757822895
20.26335044502111
14.383277909870305
31.217158600860866
33.75504048527907
0.0
24.68652341218597
38.40065354916502
45.40097857927919
39.37592957145227
141.2374147490498
0.0
121.25863268965603
29.678158447239642
46.65650969974958
130.09462851097894
30.98946259044877
91.6063917039823
49.80152578351658
90.97210796669023
0.0
1.6390221383880212
108.46844445326948
141.99984970173836
64.1672351247367
15.404228215819725
14.46735574045508
22.89003313659875
0.0
42.50392124842814
26.04724537310305
58.41127222889553
30.488934565036697
122.03758636408296
0.0
0.0
15.526864500096345
13.680587982282262
26.614200740872924
12.774107470452515
11.712560226097287
8.527892806179933
0.0
40.071708107314635
83.88185758701384
0.5291202127097507
16.523516965268207
11.81822225723335
37.998869372893445
0.0
67.80088003048716
50.48777819198936
88.30046154720641
157.60162090620992
115.42762249638969
0.0
115.7139355688636
174.431629295253
7.4178320736240035
0.0
53.47596561242993
17.44747165752602
98.15549108673879
11.060710224644145
28.864090854953652
0.0
62.35627348137076
19.650446792621555
48.46223129152959
21.186630725447237
129.25000279695217
0.0
57.02810593340537
19.65416947344025
64.85484250347115
126.75701380831143
3.735439495815193
21.649153271319808
73.10176574201286
67.4171459957061
52.54484318891356
0.0
199.2905628716663
0.0
33.269508621980385
182.3738861998199
17.040431527424058
0.0
14.700041126960967
47.93987746952197
14.158615439022675
79.24337508333042
35.918127291909336
92.80285965313563
48.193317591047695
0.4640124309171675
40.230433361973404
43.95385200919364
100.3938512760536
11.790265812034585
0.0
35.173321599391635
58.12457400010154
44.61722831718706
43.152208968892424
25.354835638722257
19.356061555952575
118.99876349143334
0.0
0.0
109.95040306399711
30.381258608779657
0.0
0.0
12.969180315636743
43.75502614787704
64.7902050925736
0.0
0.0
37.84181769866207
20.98797981777423
14.90723363326303
12.879508204387845
59.98833185442316
32.64786343519176
0.0
45.17083504302826
0.0
87.01883697419416
12.20035025750888
126.38250847013077
7.6774415071369955
10.222398312136333
21.992573192624477
0.0
29.140617467767765
13.952942003200997
21.160687551426584
0.0
8.458596429089178
10.920036052274119
28.45249872758593
7.527040469927189
0.7582405395752758
11.257005949324924
25.06511147500245
15.057445276726533
0.0
45.75143938269053
32.44694650815572
78.87442511822826
38.30841085813489
18.0991887984076
15.889062763213845
30.203651658656202
7.331370926504934
40.2335022163204
76.23136311708899
7.721393743757799
0.0
28.100852726910464
43.641901405574664
42.75956778932765
119.30089589927634
5.516733564842263
1.9177843472829963
173.73182882694562
174.24248113860804
20.006139741803434
121.78597850083838
95.38586341083284
49.29222709033717
0.0
184.76038619313917
110.66568084243097
11.28802346360504
43.34426586136145
127.27830909729724
0.0
126.82099268760429
160.02767923763216
3.7555470952149688
43.001882889403426
173.91047035722542
1.6897020760760693
40.87588791991153
18.31180618666008
0.42806314438838333
15.768501780518347
192.15745831881142
38.543483685890926
162.31092806470082
0.0
62.33921787976695
82.49898768658603
2.025820466364984
114.45972838268965
53.55823545726985
34.382950361476624
37.22939628691169
15.544607008861501
106.83140089694614
0.0
132.04534691178745
44.66044930769357
21.035909059346437
19.301102003621974
13.972072482380675
30.924883634080825
24.73874676670799
38.05734884329288
72.6351878666284
0.0
62.69337795589962
18.63431212297164
15.584296143982742
65.85650804629576
58.30889427240446
56.08693415699561
29.226082855732077
8.35864185103141
0.0
73.64096249137854
23.54692660786606
0.0
1.7716467220582235
46.91246968204617
1.7942558800088784
86.9358835290992
99.49899771601598
70.07934025934333
44.57348386916939
66.30259357477121
27.667468249644322
54.609365078077175
51.490518748935614
99.80397041657865
84.70709590765561
0.0
30.064984175790936
49.878935168816476
24.801581117283295
45.04983053463761
48.805013582163134
189.35750174734446
44.135515939337054
43.72706533742154
183.17653076395865
2.0435797557571322
8.608012089228968
54.00466396905929
56.12398272505575
63.565543377255615
42.200098347985616
187.8155498768929
0.0
0.0
0.0
23.21232528472234
79.5054207060891
0.0
52.51798383008452
0.0
19.515137815837452
123.44418716579878
55.777732977836145
6.059216109880122
44.79972842954522
36.20433698536128
32.564604920457626
0.0
74.67702626091042
47.1034877374698
48.62458438543553
46.26002214223782
0.0
0.0
50.48042888967585
13.554565830867528
14.265696905597576
16.350289613666053
29.290149966484254
18.730519559496962
3.2293241402959074
0.0
36.533551478874195
14.425108080962152
94.43358984581344
15.4474838149499
0.0
53.32936433802121
42.92956126195535
63.74176425371423
100.22239176066535
40.51318048114492
12.147571153283495
0.0
30.067755466471713
190.58525986659572
0.0
13.628096654994868
26.456312183225887
141.0265493576189
14.139762321269084
6.724319495174769
0.43130179225326587
71.43303793271818
86.88723886154476
17.295850455555726
14.513244679867432
25.863304953270973
12.424924424203216
12.468838477048294
31.39628481525624
48.34847417512915
102.22536778580707
34.31337142598991
5.1266439701375734
39.41099335796349
183.44305018957965
38.06565398291524
36.53813082875941
24.541857755337336
18.52747768415835
0.0
69.87919209435152
62.55349096798601
22.409631538422612
22.261499719865018
147.29926235186016
49.82349270587787
17.03773164831895
26.40552198616506
0.0
25.69033788683942
27.972898081451607
63.829228856070785
107.56272976211758
0.0
193.13234338776823
27.99683882712332
30.19305910866169
188.2144576502906
0.0
188.55402394114472
49.254435360832154
15.029784874327614
0.0
1.2343454567770185
81.94761882830993
38.27684062869151
64.6671831329296
1.646873988115923
135.0046872077002
18.61372027429484
24.71119855190972
8.111119531971614
177.3815293425179
49.36725895181814
53.376179761975145
0.0
221.46702606720913
18.707500600326487
25.248796115989926
17.762541093484813
15.103930994409144
126.243052518997
56.9194898644564
63.27162482625851
84.58171489702546
47.2635256024428
28.12827871685698
190.43207642625129
184.97131367536224
0.0
45.638708184657126
59.03535506899106
48.82467645181953
91.87251026669055
55.39472878752528
184.78727450845193
0.0
11.155421312355738
0.0
79.7860520179935
47.13084908193954
188.78816211347592
0.0
39.05697474789685
37.870006370049
8.322157217674613
186.164371225577
39.454459536992836
43.34982402642778
22.49911547154637
0.0
42.95534117451281
0.0
71.20810707781045
28.260880949390636
47.35595626225734
62.62587552600492
28.19917565477305
0.0
72.67039367888272
190.0822804003026
127.28212331491852
19.62224114133272
12.671092427455
56.0427830548266
14.765283879832968
0.0
0.0
187.09969168064157
12.313099176690766
0.0
165.25177574182277
47.585133527208036
0.0
62.044500791903296
125.38758028413002
17.936036494080106
46.129231134387005
0.0
5.2620500240874515
194.09641118046008
2.1893644348413117
194.36561306104164
149.92421975091202
134.19046668667005
68.01597154584408
189.44410697701724
91.49221075233812
37.90565077746549
43.283640551317326
162.66500744352697
18.03431696645452
0.0
37.143429382081365
0.0
18.338345532984253
80.4573447534633
40.14796078774019
28.734122900698097
23.017809994993176
11.435212849557148
101.08099490972117
46.954853111550676
35.61100223391049
127.22188717845098
44.44756435530547
57.0133203867051
56.74451235617982
43.10361521955332
32.361535512581746
0.0
10.372311906957314
23.684287908787905
72.28929224009019
0.0
61.517650054219494
0.0
23.935447121556567
42.53234693704735
177.2817757008224
42.749634268812365
102.87687280926619
30.63453569226509
89.76900431856859
0.0
114.84981091779959
0.0
49.02260521328137
68.00503303975582
29.908346042244286
135.65356543848853
97.2121258663434
119.21033051957471
25.913885840698406
178.87753749657156
75.9427107755563
118.96871524089234
127.66435520534183
0.0
74.82233288834058
40.39102381493537
0.0
19.320646206696974
30.12697684990624
0.0
136.6041695453624
91.56333292001243
175.27391448817295
66.82801885704593
1.787142753293303
3.020285918263854
185.6673806103417
58.6129933034474
111.7710970292987
121.73427539235516
22.962842445189263
0.4160600952520517
0.0
46.20857952541296
194.24947219399604
74.20576290079408
49.33860602730928
43.18121200624244
33.11339701780412
28.367721243455733
34.07039783570483
53.43495972560113
45.69444084876649
30.91421302483092
175.08549614930067
11.136986687665745
103.5264638319653
0.0
50.46623948592828
47.78033497127324
23.22468917999695
0.0
0.0
55.90809146500096
66.21431166795722
29.30076646674591
0.0
77.65800407844763
57.84488856012027
40.94628201766332
34.08002696805349
19.49095315548364
144.6793254219243
0.0
33.83425803785333
19.98068956008511
22.611253722783047
67.27628782762876
6.760586212806548
28.421222797284955
0.0
11.22744663481036
0.0
29.48082955258185
36.50358423309979
0.0
11.579037982002065
35.005113487154986
0.0
57.7530752295105
28.801959578997888
59.241835516538856
0.0
55.12148539981332
43.00366247960315
48.7174368521201
22.031595503286727
94.4610640878782
88.78761915017473
121.2764578963639
19.09475826446939
30.42005977333637
51.97638626976901
132.0964435176216
121.53988580505982
1.682441623923918
178.40208248732753
35.34273596741391
0.0
0.0
61.172759504413904
80.52081283978279
27.793783652527644
125.50099539478408
180.56522700828776
198.69976267856921
113.91983352332797
110.04658278252099
90.84032368382775
127.90043174036619
77.2986359582524
147.8820208574987
22.857629795920698
16.060377063477617
23.664276906073084
35.732794876805194
48.21473962144869
12.18177731445645
52.00509467624477
8.684277520817282
5.525579762283018
57.00017259764801
52.41471394662887
15.715547130283063
26.73626645347835
19.393898632281815
0.0
186.5419953190457
23.196565168410032
181.5194342491602
6.478204217665544
14.194185819810974
6.248848629152124
43.359934148003695
114.54501928483835
30.08816322210239
41.866251383621965
27.262967321650088
36.39592352442105
25.122442906029033
180.24172350135643
0.0
154.1203142092282
0.0
0.0
80.4194590689241
7.001282896252113
80.52398808229448
130.6631146294594
19.35481616343773
164.44076351573162
0.0
21.462130191866354
167.56567678557315
92.77899625884183
134.7198101779978
89.83188019715452
11.29701938717902
17.64420548049692
0.0
17.455110637715254
95.70830972843692
112.09999157531682
17.28309559999332
0.0
60.413802346618155
22.24250984028419
56.03780686477297
56.32019475797894
0.0
0.0
28.57782682661415
10.939914963634644
46.38393123818676
42.860407896509514
0.11858808066816495
7.822276808775533
0.0
0.0
0.0
13.116952023962671
33.47751782188895
12.489413011548596
6.976113004706522
43.883657311605354
28.15101826428132
36.7698357437464
80.0112199032037
53.55884394712735
20.811399281841762
184.9452544745102
17.164631437300173
121.91291132799375
41.77721426670138
0.4460427075286836
102.20383459981508
181.70469877099234
97.3778247646754
25.050953311532297
184.28276254732725
117.18097554018988
42.278231475870946
0.0
156.06315487095117
35.682982742887326
11.080378497931887
0.0
46.96616793521005
53.76428510665378
58.50456622648612
40.82088053656617
48.54616441958781
114.64638248016878
9.901565626581537
143.87228653405936
0.0
0.0
14.996863996480563
185.02831332271802
0.42095243975983043
36.535885518670604
116.48937201196837
51.36187761593392
119.94859814142427
39.179188522680995
25.51827740803325
11.079617056715364
42.585264117002524
77.81209194202673
45.395833582725054
11.874080536800726
18.840573034695247
70.42684777316796
184.8430541247222
188.28147564350516
137.87442829741747
48.56684156927031
46.18436998226461
181.028059514086
188.76909712826804
42.942840819123255
79.52484754523253
159.6674158852791
181.32814121067315
0.25354710381583045
30.28833705304293
181.6610062542939
0.0
171.7889548660414
128.0947455086085
103.97867757314489
73.58331504888089
183.5383078762573
34.6782718672806
19.51893045701129
0.0
115.35787107074485
71.74153437054008
0.0
134.47800054582885
132.27997280054112
20.410450482751685
81.89903506332428
160.7342004861862
0.0
7.557138898405594
127.98958254541367
83.35172501303727
135.01366358573927
80.48212003969496
0.0
0.0
81.02727917526167
15.848784109301434
16.54481352340112
51.311917409897966
14.716367176841116
30.946256260981357
2.1724319029565917
40.1696146867121
0.0
43.24535258548466
12.551901771146898
36.76729434639034
39.93766394916031
13.838881308984947
32.698678874618075
17.421396850202996
32.86603441149667
12.608099788285937
43.64896709943944
0.0
88.6369650993057
36.52298745284428
0.0
0.0
45.170630987866836
18.11626846848504
0.4869156289404765
15.452851178581811
14.410433134436381
0.0
0.0
57.34190715665863
184.80476267497409
10.171697596305679
46.754687412653084
60.13762621647782
0.0
18.86320582825375
48.65391049579725
79.23025315900144
34.90423627476422
53.037755573816575
28.785995097823232
86.16632574223651
0.5378961898433998
0.0
14.321385928987338
43.79258820930266
108.18664005553813
50.33819212028582
22.175061318053128
194.345369932168
184.7394451977373
0.0
29.101134018622407
0.0
169.6436752621274
24.87669030957594
0.0
0.0
181.6631200011718
0.0
179.9530409624109
44.041241642921925
1.8290550153391163
31.626858136501646
3.3025922924951128
168.99589457499974
0.3856439058194938
0.0
0.0
191.84478134015245
164.00422471125404
182.64928702494683
0.0
27.167555516329895
33.7282135830502
58.81519108143827
188.80979311397712
150.66493928625886
92.19902254609362
78.98920302299874
8.670718102094908
39.9598842678251
13.052913932072924
107.68999851617279
184.60821316041017
46.83836699980089
0.0
187.88772207310174
23.354054636288808
190.93116044655588
175.73449077820777
155.61569271843035
183.15279731615334
193.72145473357926
102.98685394321363
0.0
46.209381999678605
105.19630793467213
46.75186414646836
59.066809808187564
22.102281969437037
53.65787369154994
51.20274257932906
0.0
119.78846813135489
178.77615717806364
16.739282762232
18.912365037491355
3.182904563452036
46.537774134023344
26.82930724213259
47.33750535622134
54.37094306571506
63.21344348417899
54.323952743258964
192.50724189864158
16.206069713762847
56.53407264459124
122.58783357756515
154.7011567860676
7.657230812806105
176.54495411897113
58.406727358764144
177.03035600358513
28.08578469039835
181.82261566730554
177.74265306759932
96.98712431078498
18.41340280986193
17.01202151266977
11.99727277035092
101.06217033064942
3.338967622774449
97.9554305444604
22.90761306515292
32.66238380477027
40.86816006112862
29.25919285614256
45.279537416262194
179.83420439681234
28.975633492310923
9.659285910493107
38.24855133435021
82.20516354443927
102.39231003949584
43.347907643604174
5.820689545385113
67.45499403988632
63.774804822712845
81.27834168803446
185.29467686371842
84.94781337613067
185.94914080496642
0.45901276322678564
8.075660531722246
18.417227700366823
64.33212682569766
77.3321125260604
0.0
0.0667023068659453
19.094785749233083
20.00855255856569
0.0
14.85382819796755
108.64501877148824
19.394596078436702
56.477562784651596
0.0
53.1684505247012
0.5512245292895412
122.4029115646396
9.067613727590885
0.0
179.8431428567348
176.78385637158416
173.74829581765124
19.40981764779611
22.4837496500997
27.928434689503636
0.0
31.612636689931975
0.0
17.058927967607122
20.679104868575923
11.97710751332657
0.5438240657872782
16.587335151944707
23.36744518289484
27.90324367532883
17.964888685661595
0.0
185.35042476989497
55.5465601183104
26.015153598601934
0.0
36.596738621860894
41.725568751416816
46.671382444480834
7.845914818241683
0.0
65.85769027010576
57.03866383285355
24.480972129284247
47.863354023453766
14.978654373924195
125.60457881075943
0.0
54.641565780200786
5.141056776193842
3.6496415598407475
0.0
5.745456330609487
183.08221361340574
0.0
7.871330327311583
0.0
123.2283853408578
42.84269110872346
24.893546729933032
46.15001868205958
41.875196102156984
15.286946057614804
0.0
26.331626195623976
0.0
11.427479715328097
60.92331911926077
4.733895833001485
26.74523047159299
22.651430907423958
5.984040873426965
7.426215675673939
31.24440539635532
46.83330851324296
0.0
76.97600050068289
157.89125936886506
28.725145882948844
63.6079821349119
42.45693930530194
48.286503805324244
135.77472515954094
36.05891952445587
20.564993645519742
29.391055302319675
41.27928437959929
10.116836185200969
26.73147824148826
6.442781478465818
35.78389888108497
0.0
44.238094626695265
63.21359631066148
21.112968166138796
6.729916902200261
0.0
0.0
0.0
14.181833029927633
0.0
184.8733508499492
0.40831455788378573
1.4881571609092994
16.217919935520076
75.95112191053909
169.5615760767928
0.0
187.41952964686251
1.16679446181292
60.45608629895952
180.84316736409716
109.0506777243289
135.05797408596246
0.0
169.62507841094754
183.5025583161023
179.26503910797268
53.32089098644136
138.91484026886053
177.0373788476031
22.96436498660116
179.36219191044188
178.90861165103368
0.34149523090215916
0.058050326061725124
19.810985095036646
65.53454381566856
0.0
85.68257697566209
0.0
64.37593985692456
188.56171555326355
18.455169123121507
155.53535346815974
78.75366484368796
12.317819559037247
52.01384348331515
49.732569989420114
29.13680938194765
0.45074093241720825
74.9534702087243
185.29952668956662
190.15332092952715
112.40797349236377
182.7139652720425
102.26829530844601
23.74613557179277
3.445571712604094
53.29108949239302
186.48000165349865
183.5748465904434
18.99025175290567
0.0
30.731450842744994
30.513685190804495
16.10999865462967
72.85498197611857
3.513449681643775
184.98453828567006
0.0
0.10847790627635215
0.0
3.900983087222472
191.0204091234598
80.56725802243936
178.7275730953271
19.903605631330013
145.2669429666685
38.79659400437973
189.65937464229225
35.50610229616571
0.4987914067544534
80.5797383467517
11.679654903470075
0.0
79.16567561473641
42.22315683752855
22.337401409029738
178.9975960840782
20.019729590544117
5.135369996310653
83.39244221534277
55.42733069388099
10.078946819145571
28.58737525943516
0.0
0.0
0.0
14.49148442560017
172.99765517079993
4.389127610551828
0.0
189.46879227837084
23.886631493276575
122.32333155672362
0.0
90.00026511855842
75.76743229564552
182.39198318341033
0.0
189.3055977784991
189.6817829394541
19.06874983087675
67.40846406424659
42.76781040807981
24.44548463544586
16.26282051233394
0.0
8.77247432308804
56.692122160798746
11.335960967206736
0.0
60.772892452079624
143.32809561731924
153.78665623531657
39.31959198732794
30.275764042590716
0.0
43.37947241149893
25.313238072198363
42.31432884342292
0.0
146.02521053864314
0.14563994031267266
62.91141041053572
0.0
91.9190645833735
99.04047347996496
53.43107976294364
56.60524071766905
94.40604960826487
53.217493150475924
181.5493653091444
183.60696882546856
53.42913632614925
184.3681531351729
89.37040803304926
0.0
0.0
9.126733618782879
0.0
40.108253186947444
57.83566700338696
26.223054300224742
109.49263082898008
190.2986759297743
180.02987555775357
35.59470898040692
79.57339858199285
25.949207065505515
0.0
46.18360413523681
135.00656332125712
155.57594580512693
47.679869612136756
109.56104130058787
12.411068792056634
28.15847946006363
20.45538861638861
14.810465869953184
26.62183303829189
0.0
1.8299765154129497
37.81793403083052
38.27885371469887
183.59190788443107
0.0
0.0
23.337930831044307
34.31245475262813
17.20385356173563
49.578129405904555
33.384082906949466
0.0
32.18726464263723
67.12844622424761
176.5019665892283
0.0
98.19744353531604
45.60676454982584
12.058359569224539
6.581892792142331
35.94181294982403
0.0
67.08813893013823
89.43173863101697
45.74116047799822
51.30890426159408
31.12626411881663
9.128250369476142
105.8647199267963
176.53958981386057
105.45776926342789
122.11789713872467
127.69050635818427
14.791300325477271
0.0
0.0
48.61317549898003
100.80433477005705
10.944001707800817
89.29506673901875
37.55702755172252
32.727951083288694
0.0
155.02410321638246
19.336284822909857
49.56956277694918
1.701452957739407
81.93331478244204
0.0
173.23879028095322
129.5446263316546
17.0443172300181
173.66824684663854
60.919097316034176
33.75944324429402
63.65198445913326
116.12068573496781
33.86225425189564
0.0
10.21161914265574
97.56035788062971
19.014552281224365
183.31935654524685
112.14087456144011
85.485374110952
54.1700743843938
64.61152129584644
0.0
70.91718860392247
0.0
0.0
111.86521330227532
34.68324728931687
183.41392280979744
53.002719732108496
14.277224408881654
14.541815673720997
29.694183204297346
11.421074831860526
20.95667923734422
0.41339559467035253
31.19494014343399
11.581949159671993
16.490022104770578
162.70800362330112
11.270996838867095
44.64736136587158
22.739983623279475
181.10678853777907
0.0
153.3049297236461
43.9155101367953
32.003185427675874
97.36238942230676
0.0
186.0601599764287
76.66726700686914
120.13425243456454
0.0
99.58274669915006
25.817942325902305
183.8448924465013
86.28933046773231
16.524071816442177
159.26939945361946
21.04587925592916
54.84534932719937
177.52091438902664
0.0
188.3876559151123
177.64428716138912
39.26914603437507
190.62192671493725
12.062150560686002
77.92808489704925
9.031432932911432
20.066347420371127
0.0
16.798428820691882
17.53639164838693
184.11444117207617
0.0
0.0
40.902840160402995
15.599675531899607
20.195939078111248
173.1422789701863
63.32197647318406
182.85952802092308
140.81216898125655
86.75844121584885
13.769004566681962
19.63223548465702
11.685667690576983
1.3822079512044345
47.45972394287134
104.08889460429968
54.493533265589214
9.745544215862598
19.479918895777523
195.21584776432238
32.58754282652358
67.33590026604466
89.8149279824068
15.007631948794046
63.69642484053274
75.36129577621236
189.64778859585783
184.4925246643686
77.84564955593582
195.96126365271516
0.0
47.64111753952451
60.7720586481972
0.0
20.585482583579815
0.0
51.21583549244395
131.41994264159138
193.03684776015868
0.0
38.08668094912527
140.07395136841726
7.67956375539236
0.0
185.99614548913746
46.06919953474881
174.56902637365636
190.29561641746585
116.85596690963978
50.19755594519655
43.14170757704024
18.14124059601797
14.652813303695309
3.7755695736034123
133.0747412237852
34.55363197739326
26.645213218269248
0.0
24.553560996138845
192.98140207764035
56.403055981529114
35.74476208328898
113.81808709078672
38.35332187258065
155.87549984684796
52.09848797092182
62.71341164378828
0.0
1.871682804662577
65.32904794856756
51.66656136510722
30.067894779079108
1.7935507237653459
18.18487865404573
0.0
80.95736148352756
132.01052717332544
77.49401462629123
60.006980219448785
36.80652909703084
33.191281208527734
0.0
25.33665461594134
133.23334084977432
52.751629483155355
17.42888271406234
7.024914231264871
188.94514446202794
129.62294300326124
93.33384653771368
37.49510049619685
10.505034669164635
47.34857080649838
184.54671846254396
155.5155730548454
0.0
28.81292731224172
47.727285280025036
134.61775342631
168.99936861224464
0.0
132.32762549471315
45.450735060955935
30.985935623930366
73.38079417346917
58.598863737626324
1.963006224867401
28.817605499033434
189.44138202592293
31.917612823408522
19.835737642354605
16.627773039694183
0.23638839161705866
0.0
79.02875566882332
106.77868561979552
33.54791628247159
28.456854405962968
114.7734174452819
0.0
111.20663517818235
57.64990085403066
32.4475418981578
190.43232103937777
9.116530828706315
63.60441949387922
4.101718467014463
32.25275592813804
0.0
26.69433064757442
9.97937450809895
1.7517788690414902
9.822377468081845
20.883198374124802
0.0
19.06306718698477
90.69805582889867
0.0
60.146116938134874
46.19467115843952
183.0763149328461
43.62834329287173
140.98059122608143
117.16569973307922
161.36381049246154
0.0
42.515414212604476
20.822607430450358
0.0
33.603748424247414
32.19617705533821
11.204010954456335
51.24851958990324
14.479062249454092
54.732147443374004
0.0
15.38211517374602
52.64808602467642
54.28617860739215
0.0
44.46981572405856
37.89888491488807
131.2485369334285
0.0
15.569507409061293
0.0
135.36175888298712
0.3776973417119234
53.23203152976224
101.63976222849655
176.0041759405815
188.59892986626107
191.15688636590417
130.23807656325386
60.44299175667289
0.0
116.08513261027962
161.9706383664332
53.486825011434725
189.4518639420175
22.760959079258306
3.998191848646515
10.655802919691359
68.17668814497891
72.49796012107093
45.13870467783349
61.5750113633021
1.8889731343699117
153.5530652896342
9.730132830517016
190.95700546110427
22.938558540206223
9.67466517443651
0.0
55.49596837089491
187.7503633250446
53.35548350330279
8.402717502291184
15.215792487000552
0.0
83.852687342477
34.832954969433665
55.53384526532446
31.757755471971205
0.0
0.9645432925537933
129.5681397597567
176.72271180171072
0.0
19.605137832073126
54.16825038978691
25.76171690209271
0.2098901878321492
43.02037952602542
46.563482784903606
36.53022936482265
36.32686768817085
184.41150409661347
48.92287019421359
64.27030378957244
101.70213373851048
161.62608234775288
18.231018484040664
0.0
96.13781430877113
0.4580798940863733
31.12843099899386
0.0
63.19886749985237
44.04493094451559
1.1616741607330372
173.73784813717336
29.65395133130248
69.34165429706917
0.0
158.35888407985587
48.39763086436354
16.332157109717514
43.58771922908622
0.0
0.0
192.93067377175518
70.69567896040664
0.0
0.0
185.6185857615439
0.0
188.63632236052965
0.0
125.40781312927184
128.78641659840602
37.92152769771014
0.0
185.2648567753135
38.23596249221303
194.78216014554224
30.95819476157046
0.0
173.22098581560866
135.41936659823955
51.114333346513185
41.06900731244527
124.55012987585864
0.0
192.97823827725958
184.7687223486242
94.574943777729
174.2567472150085
157.5486107378515
63.83573040068866
138.44382843487966
29.807120211204957
46.33712390552661
38.379420064627844
182.93236399609563
136.73603524887403
55.938659144731055
70.46065648181262
185.99938858006354
107.92356979561606
30.593865691930237
0.0
190.838734802726
0.0
170.82729155599512
0.0
53.01874619023539
1.4665925769272228
164.53572527239052
77.45320483337976
0.0
198.66081953808225
99.02133351468093
103.43696603504024
195.3667415346622
0.0
63.23696031628278
9.396293467378278
53.527616096625465
80.27550033771776
22.197579889566924
188.1052453104702
0.0
123.59620058761011
7.044179083862712
141.87019421791334
9.963342369028476
9.920144312283336
4.534193166674095
24.48136769212167
28.825332141098126
50.67626528903588
41.3354541423621
1.2573428301555416
21.814710510818163
10.325507265838187
7.4404147960091
5.415965103320103
4.3410571135491995
46.47253793927535
0.0
22.319860170006123
49.156062912879605
8.723025163395107
35.695283701491704
9.805472855551098
16.52875701663571
0.0
0.0
28.5919811821188
0.0
6.615728199511301
24.50588216518878
20.962197247484607
0.0
28.072635448850782
11.401623607790665
100.1660275646632
146.09620232721838
49.07840012085293
29.499418766727704
152.3896047813683
49.28805630874089
0.0
183.5430952125094
142.56680401365728
117.88642676743054
177.23622007972804
179.67633520949465
22.765468083639007
80.639018526766
72.5314822024457
35.63401419611529
85.31825988559926
0.0
56.30403391908711
17.960908515212196
0.0
0.0
28.360619673640695
47.63160021669425
81.52774349598096
53.057565612369324
64.48871433923595
79.988407476219
37.38747387612145
26.371265908968656
56.74343507462813
43.76687505901045
174.29614330797557
59.803801790761305
15.798587642950395
80.22751841907328
183.91821501288325
83.2310557751476
0.1022737932082432
15.756751089550251
66.8897379940875
58.70920976539113
51.60771650247187
0.0
0.0
0.0
0.0
103.1144728465184
61.38368112479704
0.39851239359368523
0.0
20.28784425338107
70.64696740980182
0.0
91.62049194626944
14.019413158369511
163.85181908154337
181.90601893119435
184.96934935594572
44.68892318858305
108.98943321132629
57.10345543344928
0.0
54.10695774219763
57.328601437739174
11.184167291661991
0.0
137.56982506495282
112.9669506649462
184.04271591775327
37.2204001304956
0.0
0.0
22.07254384726849
88.39951801835421
62.022964108447155
182.9969914821809
52.376412195321805
51.422917539182684
0.0
61.633880928704244
17.807061389655207
41.786089987537046
27.388711436068057
18.13579896881701
0.0
24.877518900201324
0.0
81.47778371067298
0.42478839849943023
24.993264359962854
11.374979745237596
30.540587040785784
12.185598241083044
37.289933575823916
42.704146446994116
52.60496080455036
101.99762417596867
24.794500781083144
114.71914284553074
0.0
184.1580703569701
0.0
0.0
101.88293289540708
64.13366219909912
0.0
47.45970149795168
11.508487586238562
31.36032058562305
176.578804364841
65.08416655874831
1.7984305584953824
178.15612697905468
55.52646098294114
54.0437782589428
182.10083587319875
0.0
136.25485653893665
46.35919469188704
24.41661781999104
0.0
6.327124153189282
8.400325324179581
6.645231683140079
4.8659324554678145
21.430412371680127
41.03927889286524
11.134378404493669
0.0
29.510974526597032
18.646861418089568
20.954606947933264
0.0
184.24258192128733
4.872379050372318
15.54119421662244
26.564240253743257
45.12816923276088
44.01445393343341
24.17576781194883
10.495117518409453
4.380521536036841
135.9066484995685
15.289919737010957
0.0
60.595059290773776
51.15572537886832
184.66330588195328
86.59397954094793
185.04273719238626
0.0
38.91673831488827
8.405432492126348
28.267740550766383
154.6507296700071
15.878783379311022
134.77101545782702
39.918347570655
98.67563297823547
12.660649809512757
0.0
11.13648308360412
40.99202742478306
186.33670087980948
123.45304923825148
44.81502739768363
190.70507207539532
173.60741077473287
4.416713838912535
99.24029691578124
64.76782366417075
51.939286926096834
29.593524519756535
152.47233977532173
82.23674840663192
28.864095129586833
58.55184443697537
43.83324570376674
40.86496190113702
178.22663722365908
136.52241311078825
13.48957143036713
0.0
76.71264366172508
122.18334282471633
178.32682048345026
135.34702815287957
179.85881682436747
0.0
51.757348770706926
65.06743758351948
184.21300915987732
135.5805700722476
184.75319985371596
20.00224117376487
0.0
50.459843305713555
44.2144491637598
77.25226520585137
46.67414522018379
56.42833648231361
7.631279135786399
169.77966386938215
23.224132591829214
188.24611479469382
16.887553146506704
87.48771180153285
0.0
163.9819730037919
28.94756483815835
0.0
185.40831031559495
114.65050371018697
9.031696752365
9.660206491033048
17.365174867808285
7.839760981129652
0.0
4.087951976578621
87.55106497226821
46.98582612712852
40.727069032130906
15.765270588147342
54.780770532023084
183.60061007397798
36.86079797421907
188.32056813063468
10.473453594595304
42.014544230317725
175.21923881389858
0.4252048088555489
188.64454627171958
24.876853483007476
170.08885657628858
46.85948167722182
0.0
19.392994433388356
174.4578638037634
127.76515446104804
181.93091633339344
0.0
20.185821902858756
95.67014671776768
17.292689198928997
1.58754527433519
0.0
27.028246327280478
150.3102692388844
179.2793157869471
52.35366559403268
50.9552189577959
6.191587772752399
10.26143850944643
15.687704480849181
32.3792921815757
54.84462381090636
29.725531156536732
87.55652395544645
11.120452326143086
10.983881466366476
67.29639358958347
0.0
8.084499485619741
185.39856410429084
183.953336542511
73.40249903865727
88.5847761461561
0.0
0.0
49.13381931958985
184.31044857664614
122.44295204682768
114.70620236339182
134.7735001850786
5.7069458725742885
4.957309747524803
129.15670440398594
0.0
1.5431191880028297
121.10521337521608
64.86330586165457
70.73966383355872
82.97692375473011
156.27872061950097
66.75351483367128
24.839104136986496
48.53397166257542
13.680858592353319
16.01570654245453
25.17785814027903
184.42993678628434
0.0
13.713669981263106
186.21824332659833
57.26324740422349
188.4977580475983
61.937771828605534
49.45355862291964
130.15997275058143
54.04324963144416
188.8681442598452
1.4876365784217274
12.481475847767902
147.13747792707548
100.17591660853027
115.67979729041049
10.105258961409204
14.02711873181067
131.13678614922267
11.17165482190399
17.485657311162466
0.0
0.0
0.0
28.12785540230708
6.6776516657754375
22.0830490093453
22.825306875896338
0.1400609444206265
48.51268392262583
13.688141399388005
19.96493308207445
0.0
33.53270770234444
46.095278313671855
63.201725135278835
108.72427810209572
39.63381797346525
58.13428755525969
0.0
0.0
180.86102213839897
33.60010154377226
53.3388798315229
0.0
1.696228353357975
58.507668744366654
41.34028329316741
183.2253360909585
14.203589283797317
80.0077968343546
180.99632225310253
0.0
0.0646822464207727
85.5504353697448
14.14607228852455
37.07964699357171
10.219065976616854
65.04622371318582
0.0
188.78270489420032
103.20723908584294
174.01476479383476
163.4553976802452
12.907439450596907
44.30845962287722
102.09289698816696
16.108559872437276
185.20701172127025
15.513950523111781
0.0
45.12931715441114
84.00630217353648
0.3125049069219735
41.06768221197123
52.959956597243014
15.225645903986122
8.39285270705113
49.64381812099738
0.5060820759331118
33.05013831913814
156.5587553643963
58.143077096584435
191.04397533649777
175.20475145674146
79.71688202305664
30.698050099753946
0.0
135.86796858114678
0.0
182.849483026096
0.5242694431671736
56.79316472417049
104.52308723130265
18.653663741187433
189.29810292668117
61.7528874428559
6.156819430910517
25.92633920915252
26.387156389775548
139.71855778188942
173.74609558184775
100.38166117559174
42.3933543177998
5.550840172474604
22.570269259074625
61.2160299124855
5.029391291696437
5.717374405406909
132.0167685602934
0.0
0.22058274588683752
62.387561040114676
43.69942461684594
100.70767201222506
0.0
12.088558577092869
12.224049914977536
8.131229011659897
7.638871135123616
16.79261745500028
0.0
37.08285713703392
11.177206916491595
96.0047153736326
24.93517511458067
180.03984330437612
178.5514188563612
51.233287488869564
0.0
80.10329665245504
178.89943019520817
0.0
25.92042204685666
0.0
19.5513715546533
88.11371969004136
17.70678888798964
52.873390143227034
83.86672802288535
14.976438725837522
99.94507216208594
175.4047563434713
168.30875244811918
55.36610482288368
105.15018923952205
57.84192690079744
90.03621618565326
98.90517204059161
105.62780113636197
119.92948334099316
0.0
186.40769290904737
150.72817921379382
10.231797761386684
44.6276666434901
188.06162568311734
53.611824855198996
13.06846279224802
3.08012887242965
72.26989194692983
158.90942926607073
91.9731484640715
53.97466895526282
178.60302577908607
6.8601896089780885
49.956210026956114
182.34066739627053
75.80943774540197
189.24422772149083
42.124094856924394
82.03982763892964
0.0
186.13264857352672
182.76266490366012
0.0
11.68173959898713
0.0
0.0
13.549592025103314
83.63050512091718
24.439430594375963
24.214987836643598
137.33363065503582
182.40225067936632
187.35424869363735
19.698952989537254
178.51647777259853
183.81390592333852
160.15955203104463
0.0
110.96087048514919
0.0
128.66766625459073
54.21605758805403
24.780524522169625
88.0676624913206
0.0
185.5802306138552
0.0
178.0605006084683
8.692053271951533
0.0
86.58072909642038
58.50030771472145
155.6852290398113
108.71513620998746
114.01566536019004
192.14689095661086
184.1367751520496
0.0
73.66417085155348
137.00975115358898
72.18480633414566
60.07020910343072
16.685013044482012
23.692677145338614
181.42694063971604
29.958294305516752
54.68767554166937
65.94389939999675
0.0
59.07275011921067
11.576363443506047
16.88293852161092
63.58153342363423
0.0
101.3095938495794
2.294873877966149
43.25196871542984
55.661476995705755
189.22087900833375
0.0
41.00484720768879
52.6215157193747
0.0
32.16829571820244
0.0
52.37848106192508
49.24483703648056
0.5389873396597787
61.44360535187897
24.63899329192354
46.03519733022225
60.72676403601887
0.0
66.43549503790425
63.522331322890665
0.0
93.74333530166676
26.854096933549176
91.51025777986952
24.816621391639607
92.77506517130331
190.70367146996028
0.0
185.69573234380272
39.50853724240386
184.39499223613805
180.9250247073058
12.036797080719463
3.621857869750217
177.84042333102786
0.0
36.58086708618375
100.88791023138785
60.37247119978826
126.60461133516755
192.3917543736731
0.0
0.0
63.570246205066255
17.97603995572534
53.075511660931504
10.378311867330686
0.0
13.420603190409258
0.0
175.93793184025367
15.673036092034128
96.82578689715437
144.11681348218016
19.652630610317466
77.35510519129156
80.14444823654665
7.772108420609285
0.0
189.9475746008628
1.656454492436268
10.858184532005009
0.0
60.50205055941056
46.5070352461675
11.211203660937281
149.90960723955232
155.64049888377104
188.78189649430334
0.0
80.68768708571524
40.9361414113271
92.66832761492515
64.54486861514766
7.285976750148186
0.0
27.36797102327575
9.736201871306903
25.742236788558856
0.0
19.44439109293349
0.0
38.0398170930851
0.0
189.70211959893857
53.55673502893051
189.82582526904852
125.28465733546713
145.7800680052721
0.0
48.870859928319064
184.44574911462357
107.66267280687798
16.477729194578306
23.56942954778673
57.70158836443361
0.0
4.770255429387061
105.91339670865486
54.04120829169902
33.504124893197265
56.031672049821054
30.43544102083339
62.90076369706686
129.409889675057
0.0
0.45756888200673596
13.816566415537302
30.216381741655205
0.0
9.337957932854124
22.774558586529324
130.21940358950692
80.65587631238235
80.83466114504036
47.00921220897976
73.41609812137871
148.7901437828773
53.960453069806086
46.67011661181272
32.35438962641143
0.0
27.124039128070024
7.726509751131447
5.738928454105357
60.84276423645902
79.49964643456853
35.664855198278964
119.2321453252089
43.96449402525252
76.16670785314712
65.04552659566315
101.96890443443507
28.153193904523025
15.04471221548331
125.23296881271631
14.187216748709458
0.0
38.298087280680036
86.99093492788502
77.18149540895504
128.13714378605292
58.38779358961288
7.187257778772847
13.769735934983492
10.517177597956337
54.42388372114832
22.243396839238454
0.0
186.68769468403727
21.086467735994834
46.099345221358874
57.32539224843243
44.48255096450249
0.205568062041264
35.19901259611505
9.365139594575158
0.0
23.995868518741442
55.25513083240434
9.107249356585088
22.803920269272478
15.716407941879684
20.8168139517979
37.15727901413213
0.0
47.40352311046752
51.360116377603276
16.228025814633572
72.98631215138444
9.156932927745817
4.897901020109686
59.28582570219464
120.91602012709376
24.533255853533497
0.0
23.06531317399329
24.06163839399728
10.731229966761616
0.0
7.619283473665216
0.0
6.2813549214048425
57.51327510118467
0.0
14.820660355720939
103.952327235286
165.61540756306982
8.640004903409853
174.66024380938148
173.72755838799196
46.25027213089275
19.502123716403386
14.48130732113344
155.46160960650778
0.0
141.45061747822342
32.30917204689676
0.0
9.386645731967052
0.0
74.85669313708559
186.03673633435878
52.66181307133429
166.9906562468729
19.3247586227017
0.0
188.20771763030965
172.32681922746556
15.649004536441003
0.0
134.16085870614518
181.30805541470684
179.32424915116923
175.5815029767631
81.70258689939843
31.387675520842905
32.91251852823169
29.04539193579724
0.0
19.945637598588053
21.921933260707668
27.718149160587917
27.681418830888298
73.13584990229616
0.0
0.0
8.775899138297813
0.0
62.525256669320854
2.1882330924333884
4.916797462475371
0.0
45.20661826832256
14.46006274674957
37.441524032565106
41.35778839089803
9.92259938670143
5.57764641657895
15.469763163900298
9.629505274933479
0.0
12.537881412939075
5.340038374785794
5.6755033810937014
0.0
5.534553190410323
13.459890845071843
10.734573873435737
80.41832129609455
0.0
31.001488874664222
30.011544506116262
41.198918020128886
0.0
184.78255468501186
0.0
44.42937768190302
185.75949858808414
0.0
63.90711932745635
27.68509410265323
50.3259270049034
180.7492675254258
28.04866006336403
133.0692435789618
138.16216659596185
0.0
46.825186806049764
26.49604774620179
41.86789871279908
20.07464445848338
46.35452118139682
46.38439370936295
69.10698346075422
6.3742465651594475
75.58114072619271
0.0
0.0
29.26751984846108
70.24999116522956
9.02876151820997
17.494735662159204
0.0
1.7922258114320104
20.721846192810954
184.0185917457728
44.101609069086
0.20325586912393054
87.2359905925436
53.072499257061956
76.06076602469045
36.922042497282206
52.11276997044718
0.4262834467290013
0.0
6.350297626620328
80.36643258742185
20.305017878965902
111.52723935517956
108.21361378978027
80.05263921035048
21.157524696452562
28.019944669183186
0.0
185.71106358192137
0.0
53.638788787866226
51.37193214470691
183.89807707266533
29.062491245278476
155.3802060932902
63.880733218921556
42.676636780802575
174.6663702933554
80.71216031905834
58.84043171965452
0.0
174.24602011380833
0.0
17.137822840512275
179.76792899863437
0.0
3.0884564801183547
4.508960018622759
10.191855137814379
94.53757677292185
6.842100639422955
0.0
0.0
16.835622334696833
0.0
184.67190820846346
28.153643928443607
181.4614564632126
0.4412867389748835
32.342482334889986
6.244009127558739
0.0
8.518338754924022
178.25028257570227
53.96146496164688
0.0
9.633048917400865
63.524270852995144
61.567767823745974
122.72285982051278
0.0
173.1860425794701
21.754222935028555
10.128642750406067
180.6977186626584
23.00875537064411
11.252909644609867
121.24209481782198
27.511574623469897
32.24636917278571
0.0
0.0
49.86248715887367
63.64335822368521
102.33915835547438
63.674506688966275
51.72013486071807
8.62752903727372
115.61219601240902
53.53960498324291
53.34165387489507
120.85374655992196
183.80163436665603
50.910240545548405
0.0
24.477993068873925
0.0
101.14454529705728
6.537421707580806
12.226411600777718
130.49630096255524
9.165551390915157
78.67112922545876
7.565232243639535
34.93135995358387
10.63357970338662
86.56767470002346
20.062578804229826
5.014095593403268
85.04728355682738
125.64510879206944
183.653320894697
183.07633063494967
177.2420047587464
50.36650353234797
183.2015026537127
63.72929678885402
187.44572772124306
101.0047971567074
171.12041603179694
104.25229843223184
82.23135400362865
80.0184263823319
183.39207074917147
67.04980489567394
185.05355408677576
11.302137926760226
39.033869818466485
177.10659913560116
180.98869503009658
101.37322487447604
0.0
115.9150359061796
12.593850014745385
43.739639918556534
20.752661864689692
44.78741380360715
0.3396632367944975
101.71886707146655
53.95423429185307
0.5494379614620671
183.7606703043355
0.0
0.0
0.0
173.60181118052878
175.8953854345799
87.58910758797494
48.59845340322476
80.47370331905262
100.58861730211132
22.134706226671256
22.379274395302602
130.26617066714613
50.710486941117665
22.00595223605368
17.321499082854075
26.214883568031006
20.3399514060513
143.02772346283749
22.87035650390947
180.90324193108103
0.0
61.54757458755243
57.352254757958015
28.2873602498605
0.43754935942112044
81.00675701081599
145.9859934166316
115.55541270954106
32.65038540746087
16.769816249195532
13.764704524987843
9.432802746019533
19.397525855705535
51.57707073844419
47.80420723153683
69.32491741183738
0.0
0.0
95.54597642934782
10.432309013996363
17.35505735618655
3.99385536447895
0.6315058509401675
185.63370236970485
188.34923907692138
74.51530256488796
0.0
9.863051095531745
0.0
49.9108594359525
0.0
11.42375120581462
44.89062433123437
3.967657393775629
183.9970795790995
63.81247091887491
63.27778680406299
65.11334061951776
0.0
101.36452040573964
177.09336359209377
180.428598525762
103.05724661644858
43.15958401469394
0.0
138.93895055103093
135.00769994130417
155.6262861688976
0.0
48.71750413902133
47.55565265142193
96.04369200122532
48.912880349490315
59.23189546120485
122.67405365834945
0.0
0.0
176.99969326950443
182.73285598061113
52.18360150138309
64.75378391319647
88.14840881299247
56.92327718472139
23.6686728361696
26.728465500418274
80.8898864013138
10.900161479463815
10.054439153945328
7.365932042824714
44.27519690047891
3.234602506613005
10.889800473073525
30.458837845119405
26.43195126343902
12.86159233404579
0.0
20.457352534667937
14.124371838909305
20.73231245814499
32.65667741162186
0.0
53.4967374553615
45.52480462035855
15.198540166109186
45.11402931252306
20.255076386398894
28.114348969592143
119.48536238080368
47.638951360042775
0.0
99.6774893739056
0.41279157533034705
19.225492103540056
47.006815550852615
174.2355075090018
32.35599445366718
186.8553900410403
178.740231917136
159.17878011083548
32.55528711907962
48.80928516459407
96.12154688191059
179.33709309903168
177.00044051987857
195.56975844652794
46.340956254798286
74.24662790431908
87.20316929723903
23.556410465667742
114.10082892387523
176.78911764856304
27.974732718573346
0.0
189.09323154871797
181.85069876145306
103.66324935956109
83.43286053541533
16.353369600488172
19.570564618020402
0.0
53.13301206914248
68.35332076411933
0.44224631476017373
0.0
48.69048656404381
142.34949661552875
179.764039598352
0.0
184.08599509044674
188.7206540370624
64.91408454674401
75.16193888371541
51.09745612274153
190.8016849055202
0.0
0.0
100.37712163996314
14.97194127962538
28.16785083921615
0.0
24.608903355852156
155.20604514734563
0.0
0.0
0.0
101.04738146885701
72.547679342635
63.443419376830825
36.196426439773866
12.782306661172356
0.0
6.455765061469069
88.35734400521545
93.90784089701191
0.0
0.45186176888109514
127.05563824668712
47.54621431251873
21.847915599496996
175.47992092769567
22.162904950741893
0.4472817511705959
184.97498918418654
176.87107344014322
44.4006492761566
0.0
0.0
179.9406171078451
0.4969472053865007
0.1196879813422648
81.16600934835449
40.32849196776132
28.51810272308347
179.16238160909361
42.193692249092194
185.2940425533784
41.49709634328257
42.480238111039256
30.737472348430757
102.39003792069143
0.0
181.1932688894257
64.47775443421286
100.66256317810438
42.15791849603078
0.0
86.19990623114386
24.580500653657623
26.928243107989918
10.289781459600398
10.40617760276936
4.720505073222997
118.35124754448472
0.31516950249354186
3.397565443021617
181.74179844139533
41.63071760833771
45.367762021000146
0.0
0.0
82.30206014316909
108.19249282505405
90.53805016633594
185.57811447046322
112.6776708988652
72.01477794724181
191.74058949706736
123.54782038575728
174.01317448600955
31.940879132701163
145.91505726607951
6.70151047799693
179.42878408034704
56.42656198335777
61.335517807925655
17.511170248413645
0.0
9.003649323740225
40.34566846759336
64.10307148012912
30.458965145855345
22.839931008753698
2.902816875322856
0.0
56.44812759956514
191.72027661094873
0.0
0.0
174.5188975158301
0.0
191.86894866833504
194.71976268342257
58.22095145637788
180.36474173139663
0.0
175.47768543450718
135.00449334446625
22.365523766584623
113.18265506665097
19.593732215840276
9.843736786338297
24.796457819221775
130.79196633868753
190.22593380267156
63.77920383159913
0.38915079484305254
25.725079317781535
0.0
20.18251967991943
19.68085190434496
52.13524949621107
169.67814253193845
22.359505553004215
0.0
26.960429850601937
0.0
30.58499523421667
29.359240674081015
0.0
48.32675553676109
120.80010856284444
67.81020379825728
7.4702554522426645
15.737720498388555
51.320009820977674
51.175041008305506
19.32106684242275
182.94050187822816
101.2298780391594
0.0
48.6906522843009
69.85536718211873
99.4338859752545
185.4291090707943
36.14492610153413
84.11054423053405
11.460507745527064
189.3359391643013
110.7823459736391
96.17132789468408
42.624607264643075
0.0
19.850395975160286
24.496137507701132
97.59017481471153
185.1618492415989
13.39145011325359
0.0
0.0
66.04314498508047
14.098385403712657
178.66884887782368
73.2080049391448
28.432129090785995
8.66795766837427
97.36795359572803
180.8649444709717
57.34225680073542
155.68282283916378
28.085377732727572
0.0
77.26064763574855
79.84919199596321
41.49063206985789
159.26794101217706
185.0859865232792
100.45666462635378
20.83875351671088
190.47669249291758
0.0
0.0
16.66995508529368
28.322658828320808
28.526395940278356
192.20805822958414
43.03555522521359
65.48496601946749
22.315216445408954
189.9440420396011
144.14060505424445
0.0
29.315184613924345
0.0
176.14396461294527
0.0
126.65499214699554
42.61987438119184
33.51352996426235
4.299058174478124
0.0
56.36495159949975
30.60098854941306
0.0
0.0
17.063004971454358
0.0
61.08733848249989
124.16533102844495
192.2446634012684
135.71434565171091
189.4402621989788
128.2161455341592
0.0
51.92092991437019
48.614566535464114
187.3200674251465
42.29600839475171
0.0
10.071579390452614
135.35240429100122
184.55365734386703
0.0
190.1803226192364
30.410154600142278
183.76919440715102
0.0
179.3226563423712
11.796932270375917
109.77456226059724
2.977778460792213
198.0994975231236
104.2302492695519
0.0
0.0
191.5075719392927
12.753618970398364
1.7920733954241543
54.25968030302919
116.63162845565
44.689013910108585
189.74778296928832
68.91910639837931
194.73090801398897
20.423610110147496
15.200737374930005
63.48175844758754
42.35975009922487
51.74778331533488
0.0
60.9547862564557
182.53290328339048
115.54751468167747
0.0
135.07922440131722
19.233804634908203
7.785450940162775
118.25945050678634
0.22821244273791375
197.04616611405964
79.09128126003974
14.92121588574844
38.541658680606865
132.92926202663827
110.3778803948403
45.947370538141534
67.34461723297493
52.085701191007765
49.453134498687966
34.08661848739314
53.585242617529936
2.934970765145173
45.067903462702475
178.9490957524527
42.5136246166914
155.3532668300078
100.33232915855197
45.80319436042882
46.98910688650748
0.0
121.55755462551744
13.190205280843468
182.5595209506406
55.68755769351894
138.69319762530785
29.61348056426674
88.79531743747856
47.71251629518853
0.0
7.804433919182108
0.0
13.576933586290245
2.2899172533933525
0.0
0.0
0.0
0.0
44.94065092678695
52.6543784672557
53.73725180308292
45.24947750724493
89.78644078980395
74.03122106323838
0.0
0.0
184.79227763258115
195.02906558956565
63.21384440699933
12.15768913152348
185.24993613047678
184.42829846652404
174.28572348878188
23.461600811005976
21.813289318318706
60.01871056562924
0.0
0.0
2.023605777866129
65.0283155517559
91.57989353176342
130.2917543435174
0.0
0.0
168.15760595815684
126.39127143712724
181.2629425931424
13.827972143001002
45.31996637308072
0.0
10.566534218713667
190.17603931198158
0.0
97.25871418635863
135.11161107162326
169.54559764966118
0.0
2.74595784007532
0.5834510890388693
108.62521846952934
194.76725668449347
91.15937456822768
63.038147443932786
66.0482860421081
124.54373543844763
0.0
192.63631651428855
43.23816062259708
0.0
61.87961639768231
19.13468986328345
0.0
0.0
77.66777745129379
0.0
175.4891996400698
134.82952085502095
183.36397075917142
179.46316721725188
189.8668867422242
90.96727372191819
127.1775343300423
2.9319037160150057
0.0
183.05371041878604
46.97950069725111
77.44715980013483
10.08222320561867
8.135129540698111
28.238350082806246
0.0
173.41321011677624
32.800961232282425
79.1352672871325
174.71143731200124
44.51182502374539
176.73957854984704
52.01104245019197
197.30472183064472
120.45587900153622
43.59342414885396
0.4964567768909518
0.0
1.8609069638209683
96.73750602191201
80.4453123687583
0.0
174.29037060163213
0.025686087309070148
61.69272339379722
183.4176759990277
20.07682367181838
39.2688811291601
19.48868345018612
73.32528613146015
5.69347109427272
0.0
125.22894295000364
121.20688833637197
1.777791332941545
97.58827824294495
50.92922098410565
28.103049096858154
45.795920915927134
100.61198457863448
0.0
81.60435922932884
140.3552635708308
3.621383316706401
49.83871787477377
0.0
14.347668156320793
0.5091370984609362
79.84840450945465
188.6038699209623
30.55173090594508
7.124568272431556
0.0
47.57813469110629
77.27449467442834
29.284131931342117
44.23401227378152
25.564306519585628
29.071796673455548
80.05572899269454
18.59960162578347
0.0
0.0
34.3650725818667
52.034877774408564
0.0
24.81885208114059
19.66404427293655
81.78045416587953
162.67375294504168
0.0
68.12832723721574
0.0
18.334580926807273
27.708665690995982
21.721594737659252
133.1704846192838
155.89741427037848
5.236617405583235
38.04908011022134
0.0
68.16684213764267
189.1806921764486
0.0
0.0
96.07499860733387
167.5335648000447
134.58458493584044
29.218694417615904
34.98443932387083
31.887524440322426
180.97637576671923
75.82520520673498
43.49566666476071
135.25680104123848
74.95102606994799
0.0
18.48266572330854
45.610626428933436
28.391409216660385
16.61129397019343
102.44466753652996
184.3560907681155
135.81247982738756
185.0336825193362
0.0
181.9657036807437
81.34342085074135
179.9946579607329
22.218542726251343
67.78039991836957
19.004383094639614
91.93490407114446
148.56468724646527
0.0
62.684920359374594
32.48371659971637
39.65364577675802
101.61245018707667
47.66503633313067
37.1907076435232
50.412196154568804
143.1052241211339
13.950536756945477
21.092157734761805
25.144843928207095
26.99282632540516
19.511190048363797
18.446115991694203
26.06455523982211
102.35685692296421
40.11549082710679
188.36578440434027
43.08976425703516
0.0
55.148891870880554
37.792178349344
65.05259251145003
24.926141813122843
14.191289024960906
0.48958590509119587
6.375295988070635
77.54128207240139
0.0
0.0
0.0
27.753313448913723
5.999535816030135
19.256199834357446
12.954449875373653
14.281699931086967
37.43154923975426
63.39583123651454
0.0
0.0
50.19634886570795
8.581157993952951
5.729940441725186
0.0
5.586787475489256
22.859119575753304
5.851229206047653
13.488724449664705
31.72176164385113
0.0
0.0
9.84892132800551
0.0
0.0
30.430215355529423
0.0
51.681670793281235
61.092666807198746
58.078313041273745
0.0
13.974414691203737
50.22701602853129
113.87693542764002
0.0
1.7515313799052203
183.3330244441307
101.66758786662184
7.292790753781987
59.76578774051727
0.0
182.62394356799535
164.7181910195109
0.0
0.0
25.058968760512347
182.40451160492174
1.91618963269627
183.9518416230227
179.36131479766152
0.6548745072296115
0.0
43.85123559807451
0.0
149.52187312997006
0.0
0.0
53.33193023816137
164.02768280357583
20.4977034571072
19.05636723236734
28.828317765653942
0.0
28.860813111253734
36.70326129729041
80.0270085388818
73.72399912680558
189.77386003425786
118.41003365244676
51.944817039122796
0.0
24.093258170152517
155.63863562888312
155.61088989686226
183.76106283559477
0.0
189.97368636710294
32.21279865147331
21.58020467360994
129.29608169236096
0.4674141892733913
18.035887202042243
77.2400356236691
22.0512437246343
0.39865085391220334
0.0
134.81403396683382
11.704227943204103
115.63631798967938
181.8061391777216
188.62497759072588
172.86263016886474
0.0
63.56224178271547
47.566087276625304
185.44432682770355
185.35107688647818
21.51356871375962
113.33774584206105
195.7525055258489
2.5024301334137036
190.51144309693
108.70247269627261
21.251414219388987
53.46235566913959
105.75961916242645
0.0
161.6248584659443
96.48711225767681
54.010898783453705
36.687719361404774
187.54811482473136
176.3851420724896
155.35412579964608
0.0
41.03575215723024
43.997901466469955
163.17782624406587
36.01330601663346
139.4647456001811
0.0
35.22489801805569
32.39696175721264
186.07495499110712
179.98119725385195
77.27850787906578
42.6996714154523
189.2556505877885
166.0058591122657
189.5947885940155
0.0
13.68155867274266
62.98587285080418
82.04783478198382
203.02318417831765
16.713139821880944
0.0
69.68773193922404
0.0
12.095381446205256
184.13844152679906
171.23779497450144
1.6869168562621646
34.8051774458144
183.917056365056
199.22285902858172
176.19901025502296
12.359962857800253
44.163553778383836
0.43568568293130816
189.8697651661047
186.22624437705227
189.30890485224984
3.0010351678499956
122.84472763678534
66.06602997714542
27.614740902854862
150.1253322815393
0.0
6.23768355119253
100.76263954490965
0.0
0.0
22.441600141232417
0.0
53.395752491510905
1.7457268891364328
0.0
116.71919515332563
148.96524771130768
96.15181026826525
15.239042359144522
106.57064517297124
24.002500816500344
114.58166863540823
68.04259083599851
3.5695124709135686
179.39308359706217
186.60384774012576
22.887154612272873
28.335177903697822
183.98797082238244
28.17714025129912
40.934553702751636
24.069644776276725
138.30072675276577
155.6304760822954
163.90406757444453
0.0
0.0
0.0
13.76751159419205
188.70356279838185
183.43044065388526
9.849529925522155
149.25774453046913
169.9179333882367
7.345431645951941
174.18804572113686
47.23836342408614
175.3242290886242
189.55885024021393
2.952027306921975
190.41628294245325
172.03939249822233
22.039050491457353
30.357485158010096
24.936805307843837
189.29647280833072
0.0
46.613287223690726
52.199892565374725
182.29011055551894
177.2099473185269
63.501050845963256
0.0
122.16365494916896
0.0
0.0
22.472809786924447
1.6992716114560442
53.14672152646046
12.579908237049729
11.25271192786473
8.93071392655568
30.89052524067012
5.177127165716668
15.431898999941543
133.74018908331902
0.0
4.031484900935852
17.236182936024527
59.46079367711978
7.514413269661045
0.0
50.15720098605695
0.0
0.0
71.78453485762043
8.513392357561424
15.880025982954747
57.31276944432877
20.331997126927565
0.0
77.35646560169516
170.53733766394868
172.63070372122854
0.0
30.29719707315782
170.4828298916628
184.5834554173517
27.937823000790257
184.42074612967335
188.11901992644994
80.69142875401265
19.409647681820168
111.28019221000123
66.3257982268277
0.0
57.17408836176117
183.04563395958073
186.04424027567532
187.18634808291043
110.89116775486325
24.433714399319907
0.43448143397277267
181.01568793343375
0.0
0.0
132.39035444705382
96.56355751682828
67.37118107625096
0.0
66.61357979287246
101.47295321783727
46.45735934218798
155.30965094709595
93.65178122128107
198.32908915618472
194.21367381509958
0.0
20.150348382127067
155.12748136541
185.13486863327972
30.295439611645925
76.60853403177306
186.68731182198283
121.92871718846598
63.6403043033474
134.77958049633028
193.42319319938912
0.0
66.01837246896224
0.0
57.101846805853455
16.18596449883319
52.62990794378969
22.779742336782466
68.27358123963946
0.0
81.27054319519976
50.744158889689984
180.5937240424095
43.554445504957876
45.529943131177134
0.0
188.5423576728488
164.41275245689064
2.9998565948369733
4.5808722530527275
173.48463855372822
49.10934608794228
134.83138469112023
40.42667494326218
34.48746884131762
175.63527098127696
173.766172891236
14.97612050767566
95.08526726460863
16.186276020864884
20.551523454596808
0.0
41.6968686478157
15.397396793327555
44.78826212605077
12.250080241741394
13.42602769387069
156.25599542163906
32.56119679989868
183.82034810255553
0.0
121.47890756747944
14.649782446072207
0.39389624747331675
186.31783777665584
185.97159810697286
0.0
122.46623638917647
30.16672439667254
0.0
48.99947832458163
22.50970145842741
187.2157735358837
7.750490120946497
11.1721799509792
34.671341059884014
21.5809749949084
8.912224733588003
116.58787369905795
42.53659169570052
63.463385527967816
70.0956216878455
4.76837158203125e-06
0.0
179.2646334649804
22.48636050663615
149.3932739516516
150.5401231563934
39.880519067119664
14.71251058387548
35.23275572613365
8.638028007734075
18.664078845781425
83.98050587977463
169.18373975493074
10.101975979060102
3.927919833579039
25.073474544908315
0.0
0.0
93.54630419794722
66.30170975190606
26.527539431025712
57.7957328197395
43.83759472462944
112.80265861519113
93.60040985694614
78.44594863656847
29.23895993705876
80.06493531131342
45.3664874224896
149.8433280109386
0.0
31.629763387301004
189.69547901885127
192.5031735869478
0.0
14.681677861482145
18.24400742281465
22.33817997532459
52.448167260028335
0.2954205462605241
93.74180831506956
0.0
1.963577702522888
56.23007042105244
0.44845486501950477
120.16306749417676
45.540381394824436
122.41412724824515
96.04420605173617
0.0
0.37324111116076686
5.717389396006633
26.887590160766077
9.776691565443365
0.0
38.234018280643966
164.74821296437943
62.28422885519665
40.805914879793
43.88808289550272
59.99820138258215
20.792289603233375
56.483943093674576
0.0
181.42440135808283
126.49192748180748
113.68063485865665
0.0
54.75709667016188
38.19776634525829
179.89384328875516
78.4415075489571
42.61060909470375
22.950301068712967
0.0
5.261943967336685
17.5058100315928
63.116342906328114
19.75705351104065
0.0
117.03339642586566
77.57983665459818
85.27832287218855
96.32957740370387
36.17486365551311
103.93363673668878
66.3093023414231
0.0
10.08919464922603
3.905210638347293
32.62321853031028
83.16448258929968
26.397758563137142
59.86236261383876
27.97618922300291
128.8905088803033
6.40514823277942
15.073303073965956
4.683382393028598
44.527323007258175
155.1471817910693
100.47190550925845
28.615385477035048
23.004698825010678
7.055373463079516
9.900501803927046
95.71576034441215
173.91244102183288
12.836363769017929
136.8413199611548
0.0
40.33805471355506
19.385903310429956
5.758881826857311
0.0
0.0
13.639516592454628
10.010891016700496
5.478004506345712
145.0169875007447
21.686209264057457
28.28439000591213
175.9849164746486
0.0
0.24026334878738076
61.1427794155892
49.315971787982896
6.294234921740254
12.28315450549473
185.79548152968766
60.26952039141575
0.0
7.063436857811542
0.0
36.49514755342547
15.28203662365361
31.014678770621025
41.33797981677423
1.6878315856795432
0.0
79.91717325427202
71.96707654129521
99.25439279274575
75.26444630591105
53.17194763095738
29.880552086507667
155.9058621049973
22.05838263542301
0.0
9.876690613897724
52.21397000511066
0.0
119.92896590732995
8.125245676842274
179.05083593530193
0.0
0.0
55.26673066850264
54.907396366370705
45.74642020567759
63.11367995567668
175.83250370702586
105.80343737864575
47.63402164312526
155.93204048192203
189.56165208797384
19.274666777271136
7.234781512952964
7.351885513468233
160.5325070447934
63.759750435532546
8.811394329116117
0.0
187.2819697021819
117.19301607536856
135.81006235202247
34.903625735043995
60.079576826879
0.0
159.6791934031944
188.19359648113945
185.03760154895
0.0
89.28042701650044
6.3964937371984085
0.0
0.11800893865207555
200.33934309313895
0.0
0.0
28.417876400077965
122.8363957458061
0.0
166.41859796366467
73.82285409635831
80.54894709588112
155.91022774680462
69.13543167112718
188.46096200753237
169.6114575236371
80.30659977501445
157.35986029201416
129.50134281535355
36.435021639526255
188.39643989603374
43.535033674322676
21.872915065095142
0.0
71.3754090225533
54.710352969170586
181.56447791460684
24.10236133809265
17.343975434423967
44.9570268400869
13.564730261772855
16.95629863033887
0.0
49.32787388379481
191.3415280271505
56.5482492810239
190.643037758925
76.25025400568747
13.925519283928224
192.13224938397175
180.5849189238226
0.0
38.3031533369414
122.49077324586136
101.25018273046864
191.24562336130077
70.62219567987667
0.0
191.31228863121947
183.9736506929532
31.833716947427956
0.0
132.27346281099588
19.67999260968488
0.0
0.0
0.0
20.701259089153996
22.037624187289303
188.19467432002344
0.0
130.19988605867078
96.45257357456298
172.87818208309255
22.920670970051365
25.469456578204134
48.795725887916184
11.104853242687964
9.886378861233673
0.0
1.4282433223532067
15.35577219706862
54.47532538572678
132.67713921139335
188.66671995783204
0.0
14.427749620310417
2.8795310987015466
88.10318526203365
14.1984591069029
0.0
0.0
81.24941994004693
0.0
59.61000857402191
164.66075672269798
180.3278453079882
134.18925717541464
100.31539762696065
2.76634102205078
60.880948635220676
184.21467844803482
178.22010762093532
47.05246239314359
189.4457088126878
5.031854092593154
175.56397258539224
12.262121805607585
81.82429055010046
131.33969380513716
0.0
42.458233765657255
13.11518237246851
133.71507069712638
156.971135748861
52.976872564305154
67.1060427242299
193.1592477189661
189.22252687040194
175.24611566438873
0.0
63.67263104267838
182.19541640656362
63.93627703952327
23.888295197741538
0.0
34.876652791508924
0.0
89.64525491933226
0.0
7.937150098466357
84.31592520434495
169.65102862383972
23.01670576395629
108.26203686126232
0.0
0.0
0.0
10.44229281867648
183.20931941198327
188.3073027842408
52.14999808814791
24.13739781441184
185.75494220222743
179.45618253563373
188.97769520740542
128.34899756926754
37.98697785567763
184.82333812535296
63.46344550116279
0.0
1.1444091796875e-05
55.95437219162048
0.0
19.70978817008588
188.18118448147678
127.94773897880904
0.0
154.94898681724882
49.751690057806826
77.0476977145728
183.8805525716585
80.4420031332114
188.0280348174641
185.90298295884577
43.132978456582954
67.36439979933647
80.33518677437823
26.029002152503573
23.17768011878433
53.45997231309409
189.39290839362707
191.02294551849587
178.14105684847405
37.34249869697969
113.55498485416044
0.0
182.13567048631074
0.0
46.23458959534388
158.4514962556144
0.35965925602653886
42.45497891364433
183.47427349058506
23.11771757250373
28.049748737886354
122.2203152668766
0.6053401485940324
134.31264763933655
0.0
16.7304617966452
0.0
188.59707839387912
179.46551513612295
82.26215367691897
42.568381845459974
79.77139809216771
15.8239986984886
0.40875820835676835
0.0
25.90892728144927
28.16775983684052
116.8621302264104
19.315022698057366
190.51207778692836
109.08118398529157
0.0
62.09641586142557
6.9441313607321336
187.91025257178907
70.97742216429175
0.0
0.0
53.79291953804385
61.995578902606965
191.80662404145443
49.107959158315154
0.0
189.3290913866456
130.6274002474319
42.70972872498418
76.20795600711705
16.291504824125255
0.0
180.36584903807454
104.46774366493214
115.22863294749696
1.9720684953040435
36.282482195526136
99.27386862600282
10.648728089747248
0.12716708109703742
3.7429213683052347
32.871126346925124
40.86276838248611
31.00639780689036
46.12299529372536
5.859556731268863
19.197272052381045
21.630336624114342
155.01568101445696
21.639569670950827
183.95593089023276
13.496042361285363
121.05038667376611
0.0
2.2139267437861463
138.23026035838345
195.7230544958607
96.90237211660627
175.69506518735432
12.566775340460545
13.149658028602891
18.874892544229823
62.10254729637032
15.665502957705767
9.84989618420388
46.24583543759828
189.67522239805055
113.15933185819941
18.699732818230395
184.36784655271722
191.77186719342703
0.0
105.25655672110389
135.01054112080288
0.0
189.2502049838112
148.72275854503044
155.95196673355048
98.80474323293683
176.660704161427
173.88901231233294
24.390409369994515
189.71444736241497
176.194060797535
109.72043683739685
44.57245215122012
0.0
13.12651946844313
0.0
37.32544952595505
163.49647396605107
17.066913346430137
134.68818114641795
42.24075401053067
0.0
106.80320625989303
173.27247540450827
164.78755686747124
12.901113942761969
47.28129276243529
180.58319150335487
171.16834891964754
41.999740940059986
0.0
183.38078597917092
10.36290008326404
41.816177888615805
1.6334349626242615
82.4662878674003
135.0549469419998
0.0
143.30089339781117
175.43152108545544
0.0
57.24909028508022
165.10667893125554
0.0
112.16950211742528
0.0
0.0
4.095990517352072
184.33338474750403
0.0
173.9871825026034
49.586490273532846
131.71099018509622
47.105456736161415
31.38915581600029
186.7696487382783
162.21317650626105
183.51010150109826
120.7017175496445
49.73660574851769
0.0
11.87402022330178
22.05450648550255
160.36618557092822
13.153559000924947
151.78233835806807
11.263178028326005
80.03858793796223
149.45199168013687
22.60535804695349
52.981013496045996
126.60434663106494
23.659649305132728
176.32075330475675
168.92230544262046
0.0
143.82372617431892
7.751707833563152
10.800686138449036
0.0
44.905431069459
0.0
9.1128857913176
10.819109360756501
20.94952979679618
44.95959861957078
55.90911785029475
7.73555309993872
7.217771428617103
59.79629037679503
184.02546437207278
81.55294442979256
175.17912314346407
187.90705330283626
183.01426565852492
0.0
49.63379508056831
188.52972507124701
20.256832664458987
37.767276906440735
16.085465859566806
2.9252043789803714
1.725432072230104
0.0
63.99325736809536
194.83350611366689
9.389938689647934
50.00610721333271
56.65232577179873
22.31032779830159
35.437746424786326
185.41027743380982
11.066877729850129
177.0496356252961
186.35787739621605
0.0
103.1656821510507
79.178708798899
24.05364942445089
0.0
0.0
116.85359516840917
0.0
11.0257381388911
48.42380836226047
48.297306706036345
79.63830719070354
20.600601757949022
30.102463671899848
180.52521062508555
188.49503058887467
184.59959137036827
79.82117587904969
0.0
13.521777881727738
51.24641479363524
0.0
0.0
52.10774192407116
184.79771872883475
113.44436882014581
28.51225356118826
169.02370170921898
82.82105572261696
28.03064379595518
66.65097336827502
175.58158111278723
98.05982486999241
63.919418175698496
23.408994719460004
0.0
15.186489502831884
102.77052061582629
103.57362316599834
0.0
0.0
0.0
185.51191928530648
14.854800917737789
135.8227093704333
25.19775570415538
8.417608385786526
175.07602008469334
129.98228749813694
7.491133206949756
28.897217059017162
155.42184055609894
48.109468344783245
100.31562643256392
130.0062382265329
156.12592113913266
0.0
13.213064885115326
24.776143558538994
56.05122705600626
130.48936963017957
0.0
122.40171993528419
0.0
189.00841372598506
51.88606193068952
0.0
182.0817640795178
189.29470548950178
0.0
167.566349336674
184.52630515690097
0.0
3.4207063885965154
105.82351152330563
62.29171510513846
3.572578999408761
0.0
27.59508363208628
0.0
11.870579908638627
69.02694839207659
0.0
0.0
123.5954773317865
0.0
169.53024539065646
113.57931120947678
13.15772498819259
176.0832327809588
0.0
100.874296974888
103.81987702411318
28.0865127765934
76.2426634888994
0.0
46.28397852898307
22.14132567667979
72.95241497417578
77.45692178420417
0.411763256252896
0.4649358715778565
0.0818017848845626
19.055171798841016
17.206189832581767
0.0
10.582814848892877
185.8584122481419
16.427587723388854
188.33635894762202
190.0194455197284
178.93369874698402
52.97175336458615
77.97470640479162
5.3148927449645935
183.85758495070303
10.907118425665194
195.55543002108325
188.59018628076905
112.84793345978717
64.41353185738868
23.568738850628794
12.78483360221638
0.0
111.55074913202002
18.204290083599066
13.486907662730733
12.222812096344576
41.7487802075932
24.687646623286277
11.46417464131924
20.655754471530525
0.0
0.0
79.90181538024
32.474643524007874
10.44381838266296
165.14253441115287
0.0
0.0
13.218259774336246
2.9226018087084036
115.64220385103373
189.25515536442003
46.25159462781597
63.45482502931598
2.9116480680278825
145.02340948285928
21.314063823570205
21.68677732671766
123.10037911377879
179.16563639682005
173.09220961504045
169.86083671899505
60.46981914993952
28.249464123343415
0.0
63.88998367405308
3.885166758993405
197.85757194697374
37.12435956252225
122.79006045437359
179.04781048096314
185.70830406977385
0.0
177.441707310199
33.555699144555334
31.06819546588261
72.20053587322889
83.07431576560072
19.85517707900147
14.036299543196995
19.175258208792364
100.68393243341691
56.06196430898911
21.079248228908508
24.433753652655017
14.752495165931359
0.02775469758636204
52.71637545472658
40.94394864337647
2.894598901684602
26.98209957050648
117.46458048798465
138.4461391723212
44.50011907648251
122.1301443264014
13.13026244900898
20.046189003506257
82.19888763298755
49.639893839373855
37.38327107962692
10.315228251255098
0.0
124.9173027147203
61.37336811690392
0.0
12.845659138450555
11.481008641293617
66.04513040571237
9.11747012406751
0.0
176.26919486223377
36.10254550692526
0.0
49.274613682911
184.94862794795705
105.35100308161341
0.1173035263005372
30.942215941019377
56.40782746818278
189.30150964253795
0.0
180.89513731125976
25.8245491998397
37.748900811792716
28.436537387743964
6.821524686283123
165.4703050232233
0.0
0.0
86.30243078526453
123.05576313688194
56.09674173286186
2.0048548008449427
38.87292189516831
0.0
33.05893277312015
29.09228038209699
32.84754623340788
0.0
117.42539001149892
28.1731440554176
80.4150087254405
0.0
116.62637230773535
4.153254649868476
168.621712165161
0.0
16.541467687125614
49.85079306508456
61.78008728820289
190.20201594096918
11.853663339918192
175.7222923299956
10.52780470222476
1.7064715014375365
171.13984252795822
159.76918870512716
175.91615678529388
83.24861535809546
24.90654644375407
180.80147213240787
0.0
155.97079107540677
0.0
0.4894007897750204
0.0
139.79358169970135
19.757295821167077
19.245635605407532
59.322132908831996
1.7332136204271098
185.24632074552233
19.61087318056003
161.55075410717015
21.54977311516466
2.593157724396083
110.21401897142549
0.0
0.0
60.09884681755934
62.96724762650149
56.02807169269454
0.0
90.4520539590355
190.5834434601147
183.14108659931222
183.55210440687665
47.970775637184424
134.23897605353673
66.83899942124049
103.54305843613557
1.720962082862954
88.84723199467405
0.0
21.41066227629385
90.73405291458963
96.6538968110983
0.0
44.572891735006294
0.0
176.46919158350502
28.65348171789857
46.86335529834984
96.52637976562221
75.53430971801367
177.55366098777986
129.3132330025671
60.23597383867808
5.030891633207974
175.67800331216944
64.58989757805394
0.0
16.550928862577294
4.424854234056947
0.0
25.17579296525641
0.0
63.61517465864944
0.0
44.449376190070936
40.54380755957402
91.35435662995401
12.97818797665984
5.044900220014038
40.0546085450496
19.33407002465375
9.344003206805453
150.26763905441533
39.117025590338706
6.089249101058031
55.4245336794753
10.738338392561694
18.988166319299424
0.05799888410156194
0.0
0.5243099119239037
179.04136930979263
126.37283060321293
11.576140817482344
63.471551834357456
15.662189624264231
5.286356512271684
185.13811667280376
33.26549538996143
77.56618699885253
0.0
53.69225572858358
60.6829466131681
123.77053487549682
20.271838928160825
127.44279448780506
42.0716522673618
127.84893098093492
163.52996047654835
13.922871749862372
50.421866969388205
20.767231048322476
18.937700424602046
44.73752842312494
19.544884994565688
28.2504965267358
182.25613053046968
36.241908526207695
0.0
8.85088047920829
5.089371708771757
0.0
0.0
12.534699303283816
19.860388670253098
182.2705147295029
97.73116148687373
15.38052214992694
42.64391732656023
0.0
134.4570033461004
108.80012340957369
180.75124589215554
4.506434530359239
15.838589494087511
11.715573016378219
7.174506310625783
31.192732079445026
99.69227462877993
37.681852209304324
23.205412491301384
179.13819790380887
0.0
44.65704619217503
19.369066426672717
0.0
33.95757603789943
10.984683735329115
39.44445794933758
176.31818731335036
37.37103287488041
100.58394018345862
4.986109609557348
0.0
170.67186713537006
12.757616730623505
184.09361111314152
23.93501029317813
179.7493830517351
119.70099020787623
8.217315957612774
53.68029469229246
187.6124295958719
0.0
47.77885610041934
28.0187835325741
46.54660675143055
0.0
126.002838963245
0.0
13.61491591921392
176.17278513254627
93.6926082758963
9.611833727528376
13.590142076061534
0.0
122.23852424427345
24.070655814706345
4.488304187322975
95.38396990796784
0.0
34.91485295908655
0.0
0.0
179.64099082013087
62.00223539315437
0.0
128.27019592081464
181.2221624977558
134.97558936745455
176.73275437423186
134.72909613342824
125.99186750856784
98.47125052494661
181.45216272997848
0.0
0.0
10.971108420577698
5.553995347924294
180.55319154775574
60.707890751152185
38.76006361525612
12.445803385092548
0.0
63.34022705185446
0.0
58.54860512159048
44.742340011427494
53.06056938808963
70.40370544772357
103.47595421498694
56.3018137634072
25.791017270206495
80.93901257967897
10.918131883789778
130.0780038445172
7.556788595138994
105.087144824741
179.95139498943664
46.17007250375095
182.59160593265494
42.4965263286577
111.87132591064572
174.5803529082799
74.57584289872396
29.090562476622093
126.44787139730157
166.44600252082415
17.81943517667238
194.90047738551297
59.958174390715385
155.27647647914736
0.0
37.140411811606526
51.253798687078046
46.0437984079015
122.30144560708999
96.39181153470582
46.10951932349537
176.5330586050414
22.821626586260727
188.60892864609465
20.48799997929593
22.44271204738957
190.34399630552247
5.743657188548159
51.97776198736549
155.86578040509733
46.807963778522435
176.92064282445287
155.5442250881791
116.94805042147384
135.91224216549426
80.78957492781208
195.88641885779109
7.544259816031086
176.93547272390816
114.13758407484691
0.0
39.27917404698537
64.6889453583256
44.99664418451927
9.426831524971346
10.815836455647565
116.66058648372749
15.028408701652056
52.44874617866401
48.66635564931697
79.885018531494
182.26170709456224
8.416043050153508
0.0
86.17637165381161
100.72192808467136
73.1818065265145
0.0
0.0
20.07261037557014
0.07323482691225586
178.19805230625676
15.48619235667043
56.97748557708204
54.22797682750924
188.78889321098612
180.08390313080537
0.0
42.35186191522176
14.884865124566407
19.042532437175012
25.536331268748647
33.132231290467985
163.72861714570527
121.51781894484994
1.6134671789145885
42.397751980706985
10.045825714933887
131.9434220743321
7.964075297597278
12.92604006070464
7.089276912303239
7.779344204598719
13.163716856122436
32.717025351637666
14.559474785214011
0.0
13.748730473716828
32.309246995257034
176.04903352190166
97.71981729879415
179.17687261843076
49.8510830962015
0.0
11.832009560704984
14.279724640015829
85.98897826122506
47.88666360288695
34.629616525183934
42.49733684300273
176.71047772696537
24.294498651472235
0.0
78.4707698417714
0.0
23.563905499542933
41.53621494978646
0.0
38.721375929268355
161.48236025968302
43.97608003155658
0.0
184.54912112927667
185.38997242703246
176.34367288152546
137.2373854081013
75.17014219641568
103.52588244663022
27.496695639250714
199.88311932984982
0.0
38.69871933058004
199.7719974102441
71.16597174536001
191.34455864486418
162.07986876348343
189.8992885049659
108.31591001590185
184.39404569780947
15.934644030946151
2.7539527884541832
82.28276292415578
130.26925564578553
51.560119822419544
109.44901805396617
97.96323770958766
68.85584276097757
53.02467227858169
0.0
105.1853509183757
0.0
19.81612242234159
133.34491355882824
10.305280574734901
85.490513628656
14.29469919739845
98.43378546423045
170.01899486561507
196.99029819467134
195.04922219776248
48.37645205238725
115.51192619726544
0.0
100.69763685289712
72.42656833144325
8.35813489468068
47.64625440985529
132.81920412302324
22.237951860647016
95.87563791633075
116.70175409780313
173.39779825655262
186.33417893299307
175.98717272985732
182.30023975554218
0.0
88.83389169240733
53.682155861961114
0.0
158.09308714878412
180.32669775485942
80.52419865751438
124.19660149794467
182.6457267866717
11.860018694058232
0.0
0.0
42.35951357242263
9.895468331139051
178.87344116972096
181.3442405870788
167.56160384168868
7.985547550992376
181.08293084061583
0.44919516784153724
10.951064977294047
1.8724425471912165
85.63378751807376
46.16841553290642
0.0
155.72649250375318
45.64890850850348
34.31630481694033
122.25933239782019
38.79180906750488
34.17790795728448
32.634389491204864
18.455251168844274
24.314848682155404
44.61243981779186
12.376880412941137
38.782632828798555
49.402716679973175
59.23296696706791
40.54444156900928
48.12949714301095
145.49989313547425
26.84715504336292
13.09715742275106
188.2416562413103
46.411565085976385
188.92501527227736
15.787211512210765
183.7373958155933
20.01164998030812
48.38642765436449
190.20845980527932
1.7947753282167989
12.083077549652613
19.30974346750248
78.10289558176301
0.0
93.66250179898543
11.378950832899875
18.157852370298396
3.263300910074383
174.67700732403438
46.363507523287595
0.0
167.93531906286918
131.33565259516828
43.57303559983206
32.11176241431645
119.90508337923724
82.53523600995962
179.64218031775928
0.0
0.0
35.178721624027496
0.0
175.52468977241122
5.480866691671601
180.62775553728983
184.65969530669858
180.00601418320102
80.75240851606033
15.149728084446638
125.89732797471406
0.0
0.0
69.78248088807796
83.75233722598554
173.5368411293046
0.0
0.0
181.70581307266352
0.0
0.0
0.0
24.306564259494536
0.47974736355901704
0.09393090721315171
19.174187738477105
81.44136018238427
32.62211894276312
189.5185221452822
90.03433475175903
0.0
180.4546058301213
1.5039408805070749
187.10470427502878
82.91778935318189
0.0
0.0
183.8614875147021
48.69373710532676
43.533352908739
61.46043937850418
180.07275605041434
188.625392140325
184.939776896511
24.853115470893503
56.5547323998864
46.31026410651026
143.53999584907788
155.64059118697205
38.93323060873491
186.32891613499194
187.19204419002762
21.432017057118756
77.37491038268583
0.0
85.37029540389616
67.86685319731606
100.89188254379965
121.9471720066638
28.184947949552942
22.49162205948752
134.6846416874269
189.21419540998832
0.0
93.72162910043382
40.045000192482135
116.62825540457929
189.6621363149358
177.28606978937896
34.35502169134117
188.8293985068299
15.736930940778617
0.0
24.52509430580233
11.507791165339516
183.96490139700535
175.52819946441986
19.953923630308797
62.112699288630914
45.511879879865724
0.0
51.73489117182142
0.0
183.05968865266527
2.836601605354143
170.34385908569556
176.5013579709926
181.38782817752286
43.95593868152051
0.0
32.57892993986024
82.04286775489852
0.0
53.23370157893116
30.336213075509423
177.08598858340318
134.66892523206954
104.1551157723863
177.85512962828625
170.2201831837042
46.83834371155895
179.6638884412651
190.19104218724303
17.80895706369665
45.57745257400218
96.6988397970141
98.10255392755353
0.0
32.49834797963928
11.863033157593817
61.27531433779308
0.0
182.62685801944932
6.59315783550919
0.41647115026355624
51.807615131540665
0.0
47.406448582580474
58.26998455418029
44.25903359308687
63.129602375217715
27.671987766178592
59.22724297188698
151.6069845177791
20.717315266215117
185.27955655584734
174.74636199656223
9.650132225453868
55.588646676441215
184.71746307309914
50.7723877380201
0.0
88.22761003836902
184.6830253161945
34.56553392861144
0.0
36.61355831773339
110.48809318468592
14.379815961731255
69.62103947330174
69.8006344689887
176.0119064387259
179.06718363259043
187.49573455031336
37.99728262570365
177.28362815387362
134.7537691608938
189.68493495741296
56.2537824479399
0.0
21.089127206867744
56.76000032436966
185.2898689820608
47.31452736855381
5.142548783849912
3.593709001006293
46.303697019006215
185.402742719193
60.39393613615591
0.0
16.358700539614077
28.64507212350454
130.94717185433507
0.0
11.29085762063568
191.12992663660017
50.841634000373524
179.9032361229218
122.12771072728161
10.149707489478711
37.51784511196962
11.077928259936565
0.0
19.150055699208224
47.1180699706631
79.31299365161678
75.66917995999418
96.496118709256
54.901967047703685
0.0
198.23378198516315
0.0
114.99569961083397
184.05638271220838
185.24119238420428
187.0190097671924
92.25492088949838
188.46031966544382
179.0496965500012
9.79217904997746
183.2156456430167
119.57438312925832
0.6347535480758338
183.49238295471352
3.1349689357376316
13.949699281114858
46.94261570756892
166.98560377109325
26.09962705223225
65.99432183874582
181.7612715305879
48.21766260412231
116.38150829087309
8.747985871260928
180.6229155680927
12.771217054337242
97.17735897301056
18.467705648211687
39.792213070004884
44.187296031431075
181.52483022899767
101.27861722823192
70.91592627526143
182.37919401222655
30.229618528888356
0.0
60.622643649560644
175.63065483059987
11.131544946807695
15.658735130496753
178.6129363455332
0.5783864115632741
80.45917694445382
196.88307964602245
46.46881677858493
11.356416099035817
178.52617038006474
42.10857670141008
30.252439533822113
0.5067118744761576
79.43380416260797
196.56430870688712
0.0
74.0925617995122
82.97163277301694
180.43679488595515
0.0
0.0
28.314807118511435
102.41813053808019
185.1460215265425
162.92919771257198
46.37624730063063
0.0
185.16317358079897
116.75244183788261
190.97274892974204
170.28355474013858
188.82543873638937
0.0
0.0
155.4065630766607
87.3129294533658
1.734373615133634
3.3544389925920526
173.3872866893658
7.453260137234757
0.0
113.54092226519084
4.2553383310451345
60.323494301944784
21.83374374183687
53.70835200248408
0.0
0.0
0.0
1.7204875300757996
180.88040367711235
137.00811882538787
13.798276408636793
109.84910968273566
52.76020905721841
46.370951882041794
54.3829300548905
79.04424596779062
51.99770292657037
0.0
175.6459302859272
4.628491924796242
175.46188357974438
174.50662233914548
15.065713942777904
18.666336938525095
2.211717761060541
63.178387817476
49.59062789835626
52.846807845987435
0.49875126360789745
179.02902848388717
63.30628311442448
184.73312495918896
0.0
53.80933386444607
0.0
0.4253662968359181
173.93507250833807
30.554271958323056
121.96677055346228
115.57853384323595
186.12297887970547
24.987671997508503
17.07173175090179
193.17390054746647
126.40465816297232
29.226427491015833
102.30822201079371
0.0
189.7532089969891
133.3677027146274
187.34708012087285
24.995347569392862
135.2984904147936
0.0
101.65396988313512
0.0
176.6132061677266
43.33371570438381
22.582179038090025
0.0
129.06715006599615
0.0
1.8959584644260916
5.095436264590214
51.02856535274627
0.0
175.5552794729208
81.96534592439093
4.871354080878072
67.37930767264014
184.2293663276416
46.514597267113515
182.6272051705643
19.928532903010648
0.0
128.43521390450042
178.2581758642722
43.953920441570375
182.67027037575787
0.0
190.49734637341834
176.40384178868914
57.82619741448144
134.05911900526874
59.008659122347574
32.749295722393136
13.432283762152794
24.786496094816297
47.17724168286753
194.19385963828324
0.0
13.511540649092613
21.14292810019352
10.04544041901694
134.4977238909954
34.6785106788967
25.45800235420261
163.703827316507
0.0
31.53165096207703
0.0
59.57926950921256
189.45754825945087
184.67149154156328
15.275740053704778
134.84014082206397
0.0
134.66081543523453
48.087488069847
0.0
0.0
26.354316784318247
1.7338031579325484
179.80187436278192
20.659338835333024
173.9259333763061
71.04601263009668
141.57550940604676
89.71839372688784
37.08298153004017
105.14217592627382
46.560757231664105
12.96761423769704
19.488719882767974
0.0
185.60058489390585
184.80783608517183
51.76336494174452
181.2206549267599
15.826950705632047
11.302959240071814
113.2056460288705
13.093361114697831
194.18131424556051
44.90238940367995
14.642300586092238
175.78877855550962
44.71431249943338
0.0
15.889592868620946
176.67426512129066
37.96283097362142
186.61505717461515
19.433437928770612
30.7178981832151
0.0
73.9634472146449
184.5177077684363
181.12144748453588
173.32128833748592
53.36479386752224
7.579430720765069
175.28801763174147
30.545585027166688
185.21497222418833
29.457846618889143
188.63444463888592
186.68030498368768
183.01308643244798
53.17547065703516
0.0
45.93521359167329
173.6718061779098
14.472735928465493
30.393731497019907
175.20954228941582
55.948770067217545
197.30811604666442
130.72268581021615
182.52317267080267
182.86989952752305
58.71046063908521
173.53675704498676
110.77133861624915
180.8206273772118
30.392642493192188
0.0
187.6483461404544
111.36663820977559
34.827504616253044
15.496798221348094
180.3435737417515
8.812080971243109
0.0
0.0
189.96219820898577
96.82825269623687
12.792326884244419
55.046616052076956
73.25462474921471
15.287318983097421
63.53845361008009
0.0
179.4556397081449
1.5447680065831424
0.0
96.97830506085697
3.275631832593031
16.046176300230805
15.158436538027653
175.5062896550923
150.4648943487581
44.17084275817356
120.40398511302625
178.32023660953794
191.45511225905054
181.61169237175017
46.003385006490134
0.0
24.474001431850194
185.41933138581322
7.114990392053062
120.32592371192854
175.26241315048756
80.69455798710118
25.351895901316077
182.46709849985018
48.41043115151264
98.2744691679889
26.336585123042692
87.94663905627081
34.43051028265034
80.84107866589281
64.74095724731853
179.44703233496568
178.8855869861003
66.62865430060818
193.37717614668924
41.79985255493957
23.26539030216969
46.26228834521062
111.87670810527955
164.09921630425532
42.11475304092019
183.1878264279017
40.195460966605864
150.03578193395808
178.70556987533507
188.00470777644915
0.0
29.581346799221198
0.0
0.0
70.6287093968036
0.0
185.43732038157816
183.6243916769339
182.27641463335306
0.6684327657002976
137.56471507097396
135.0696307711909
63.06842495272882
0.0
53.25329763820432
0.0
192.684717165797
162.70076641361797
47.92125703993332
180.24621696930683
166.2608411638885
48.12269025861992
185.51177460011715
10.672787731475632
187.5711111420451
183.9022509890224
24.27383496455881
0.0
0.0
41.869182860172856
183.13369860241414
9.03246038306949
189.45173565595894
0.0
79.99443402786534
184.67236452170684
175.65024724754144
189.58803795603862
22.169681745467905
48.69841310675037
96.95411298548731
46.2919894878132
50.9261950116102
0.0
82.66507537137291
0.0
15.995502170763263
120.85179583173509
0.0
164.55494742919095
117.27188274479742
43.96825248832779
133.79038093508265
97.1972132707136
184.86497257991448
54.42674078806546
63.303656130145
19.40221905866561
179.8595649298169
45.05400062553348
84.55343582058549
0.0
46.86541221590759
88.33832170333555
186.8269644918276
33.88142044484461
42.55027393272421
80.65685406456609
28.932592910758224
166.77355485700176
120.95768277104735
155.432190449652
64.6287166290124
186.3980777943356
10.96279698091516
52.568125283009216
0.0
0.0
16.725515428431695
45.976719774184396
77.29106179250216
91.04075324360785
15.955093720419633
5.593985074067808
164.71388393439221
106.6255955687246
1.7858971646308612
44.67605753791198
38.16675719061749
116.43546363284574
12.786535388416135
61.727224624665155
0.0
10.26425194638016
5.792271859059743
8.980931443075898
0.0
158.15672774601157
80.6131571442109
31.520743030887097
84.66928184105458
22.041475875388638
47.471739001303646
168.1639343564096
170.81969240692942
46.46676132839648
92.73324907597508
176.09153733021392
0.477818375283413
189.21054742936852
175.39163163821763
167.422489110981
154.22732416667895
23.389613378036668
161.78058886188717
54.75752627749739
183.644828201905
164.9446529905186
63.39710741645477
50.12096590496694
40.904241825093436
37.99823926353146
30.59453118287543
0.0
135.55974011503804
0.0
191.69135373828448
7.569763207025258
37.334424475194254
197.5508057325882
22.12587736331632
161.82401801882932
104.58672543815445
183.24530803473996
0.0
28.238641762624965
54.083762286226026
39.27630948707757
29.173598601810475
22.190159153499387
184.7769817942055
43.73171904381271
57.58397710374275
194.0969167086801
175.2992078215906
0.0
155.29353262600506
0.0
180.20264473587255
185.48602578896978
63.929950524577166
97.14514931242724
178.43766882840643
0.0
46.08786426644477
67.38271490315333
8.537084737434268
187.71967699562364
54.669458816043
0.0
90.14925837498211
39.47813909988953
35.364415267469234
0.0
30.235654569489252
0.0
33.91493416844842
53.082150793354316
0.0
42.310817537889776
12.774280943851789
30.723571431776133
80.03052379440275
70.33622842936197
47.642850329786334
76.03119206738704
0.15991318578570402
82.71967647086393
0.0
178.0294121829269
50.23311253634268
0.0
10.17132684151764
48.378083668524695
181.0386910552125
176.83189907888277
0.0
0.0
52.457394969748975
155.55606993280952
42.85779535783588
11.099410766419348
190.53073062553787
0.0
43.9936963779397
168.75670928268087
17.917074855706336
188.89579740800352
0.0
13.774829942861551
49.008545003254795
163.33249460801792
80.5491607586043
131.0243363719276
178.78725961287128
189.58865396726796
78.45546604447115
3.5004528191293165
180.09116441769496
0.0
185.09171026433572
19.497871953337206
19.84053021087374
63.94525345773997
185.24358073568226
184.41851731005792
74.06488591725436
68.18899446871563
0.0
134.79056780815827
178.93203259685475
166.54355159224014
60.75451307809385
12.313159720369114
48.94224059943629
47.49763211493629
76.5584073039998
19.661403921093257
48.022077518789814
0.0
25.40856934228149
0.0
134.76384878345502
174.14777877837145
115.72435077406655
190.5932907060686
163.77748733893964
23.206097280135396
46.72855582126672
30.83810885387243
79.98761422206806
0.0
180.7799757116214
0.0
61.07627931157301
8.040223140365853
102.98555161424952
0.0
74.27580484419745
122.8497541938224
47.35469291446286
80.2680525779564
64.08280649900104
179.59334927516758
28.265902686833336
32.92535183909474
20.112825468862756
190.19566469087925
177.45157513681235
46.12928553739054
49.253182283584295
46.29497710962883
7.475703655126511
90.32552133240345
106.08854466552523
16.738631623966015
9.69724942230427
83.01725888457418
0.0
69.73767456395157
6.111043298660866
4.38937685516295
10.202577181890291
10.596888496298924
8.359746833794471
22.377084397216223
7.425581273929607
7.767371184951389
5.517195755496365
28.634743392143914
9.818467923816026
5.251658358054027
7.68789197095705
4.972910807143684
22.325934262023832
0.0
33.289084587633994
20.470910706823815
24.777829068162475
0.0
0.0
187.8261936394165
194.05404845267734
2.5820646474065203
173.4176193900422
134.50094822581428
64.10066894365958
103.31870391080564
76.94298323573986
40.14649105694574
59.967012595183654
195.16873248833215
54.47855315660479
14.101679036895929
0.0
161.97419950291768
22.15692756006387
34.67314033118611
0.0
184.47228364058626
179.9538810115254
12.930697652245055
185.7176834921286
11.12309149379342
20.1570244760699
0.0
35.927405235545756
33.53100497991295
16.837566076336007
25.296041630436758
53.267385699495875
5.443519611366932
48.366456550626424
6.635087155374763
13.41561183482152
48.14957571984729
79.76195024677783
27.894930928173608
0.0
10.313120369865308
54.3342220241041
29.94126477768461
10.49917213648685
43.59770766460739
25.640630446615436
181.79069383549435
0.037452829186047136
4.932991890877599
187.50924679224215
57.93600841057981
6.702359351936995
113.86142767535668
149.41461461679003
42.15314180115183
181.0441193758124
63.23328681343451
97.54551694697379
189.5852628859697
0.0
147.74887820676517
163.73316456781882
183.8522444303555
191.63341084481465
81.99158586300074
0.0
69.86329664906658
98.06310951482126
7.128368893464703
0.0
180.35758570614834
13.153476356442768
10.543760339640592
181.0474415800121
23.90480951192064
185.63754451867493
185.1206445415627
118.47653295744207
184.8405086855942
180.52573208109962
96.06405806554699
64.02887781025518
0.0
2.0448411117821514
172.24064327682493
0.0
30.97765989805665
0.0
47.07027916457415
45.91086537050397
9.793928395068274
80.78688616376297
42.67462964663359
68.4198482695612
46.49157511171104
182.18136114350833
194.07693924327748
17.266552590646903
0.0
80.59633379013326
184.27683011130512
0.0
174.56260946586744
8.333061545792514
179.40105288872996
0.0
167.18611446742392
0.0
0.0
0.0
0.0
0.0
18.770770911074532
188.7129957816931
22.097135235877253
0.0
184.55535035286061
184.22884283586583
108.04415776809462
179.0253035852403
61.87690633177944
62.81199059575435
0.0
180.85049474688623
0.0
0.46776457472730837
25.110265868988552
48.444335371360545
12.659408582832201
92.55218508714854
0.0
184.26116331804909
180.9140310256298
0.0
180.84088527471002
190.11715941685145
178.30832403684477
52.06797581691407
17.7287984650756
188.75479124709267
185.73696536520788
90.87726809084207
52.65373059370935
0.0
0.0
180.07394346650645
0.0
0.0
12.139390625239226
32.59842751706531
187.87081547417648
19.52620966110241
0.0
0.0
10.114771143287024
42.1038832635984
28.17845716074259
184.52361020548796
13.62837334248131
0.0
198.6941424013926
181.2070300173044
165.98682901941234
0.0
185.61971914737003
79.89744113255092
187.91124519946644
186.47942848971917
188.12910906900893
110.11554757223219
101.22660712195572
51.84544522589743
180.1477247352419
63.50188332553005
106.48628279905716
12.141960500328759
183.2458256247268
0.0
30.74095108996381
10.196612519264184
0.0
135.08715165690867
0.03658306151874824
183.0277944977551
44.70932033860151
82.70445154251605
177.88273574877815
180.00984419635768
27.971352732614683
183.09477234757898
0.0
63.324704044530215
189.15135797044525
114.02169255107532
0.0
0.0
189.26283106277577
12.93026326751451
178.10946498993692
180.6364737733445
121.90776676272418
100.97923737045262
183.89327625603588
0.42022479135933377
114.79951917150119
7.096019158301817
17.761779997735037
0.0
131.3821641389893
96.06361410148156
13.966965400031645
53.514821112422844
184.19331072641734
121.94939202616003
14.36853158161509
21.40412445264958
39.09010157059078
3.1342573965569422
8.223986929668374
33.08198339180997
0.06161784488348769
27.393085865681815
5.116407907612549
62.189033985801416
68.39708987861577
192.8209472295002
191.68374181343225
130.8123498022342
60.33940737858397
175.15169215716662
46.594263585072284
0.0
162.40583664525474
25.5761240376821
182.4862841934186
186.75680604160007
80.47270937628159
181.68409025884878
187.66638707630918
13.532879078371412
28.923243968636154
180.39762238412303
178.9560756465899
7.508236940482658
175.12612964067878
181.1773993105827
6.548404523663761
53.376571951804095
0.0
176.13562715147248
184.2930051379716
101.26941433321254
66.6515272275002
55.1524838341815
57.709853410947744
165.73077585776795
37.04660046133363
5.892112175108087
0.41662668830733507
177.96001967166524
77.12249477575148
190.39716100032672
189.2141141285303
176.97293040516388
0.0
0.0
184.53672651449196
0.0
0.0
53.15426345525147
0.0
152.86341457641726
89.86845895234525
185.1568056312594
179.77082479208207
12.949129524709578
40.19292469798695
61.85862127181987
0.0
48.911483191884784
105.10655832980586
174.19270942644894
190.97195421425738
0.0
35.88498074531118
116.34903894729125
185.13246234388848
174.9750558337158
43.723159004777536
39.82741072473552
24.002861793901307
60.04851060651129
0.0
100.92765907939089
124.38641035259803
147.75308739674864
16.57963516997142
0.0
96.09959758273507
43.931896812055754
0.0
30.3580492591626
141.83556920231672
28.136087808510624
0.4143508403524145
26.06392720025494
165.64439217609586
45.00845891657362
0.0
51.75883695733485
18.921452467388622
88.65345360020217
25.709828294590253
187.7347396813308
150.66839208692525
0.0
16.081856702691898
96.45010695187904
189.85240441157228
47.19042510883367
15.579391509322631
12.25474194309423
0.0
58.17692933831938
30.464373875400288
0.0
84.87209950775878
19.147595289143762
182.38970380727892
0.0
116.0706119131673
0.38888402424689233
10.657621116163257
117.32774383123756
0.3968054701563434
0.42414218467747467
119.87541862886422
10.640130051949054
23.152330675389614
44.0445498452503
191.62715651135707
175.47627171024988
0.0
0.0
20.776785050915162
174.00597799698437
34.82214983506593
59.181415702663756
9.064110540725299
161.74947326162012
53.29275852535902
28.85530757141289
164.5924577031968
9.836895385026276
49.614763111639405
119.87578043372616
121.23800297599155
49.17738803222821
69.74257193185532
22.51301694015358
83.29157302590062
82.77606030670334
105.4694839646897
45.45331008952948
56.011207547332965
88.68013686432505
177.9108785537656
19.268402357109995
0.0
13.376710641020704
194.77127053000223
181.87144641979071
179.3026492869628
63.49217716595613
20.148818274740332
169.56857782319278
52.593947289805655
188.41448532566812
107.64554158142482
79.47597926067691
0.0
73.35270479536867
173.86461706921065
180.93773966711535
0.0
0.0
39.40267194067869
9.321840395916334
0.0
28.361120144946444
0.0
64.78622191667023
182.33450607035653
189.69929805740665
0.0
0.0
42.671198114883
0.0
185.1466687855388
49.44311637363506
0.0
185.25737363354943
181.02783390203058
80.43302016927842
0.0
50.481585554094934
185.9039885093565
11.153121619666134
0.0
22.78800815064685
63.537684374813246
16.388474816846394
48.2344264975936
34.75659809995648
155.45451157922108
0.266643140276161
62.455781014534715
183.78191346412547
63.45005864780004
52.78294140640287
193.45332798221608
0.0
0.0
130.58065339372004
60.17197318353088
48.326549035889194
186.10170548478882
63.27413605564459
63.16091463224211
179.8915555739827
0.0
200.776187601397
24.689427815537233
17.85953332049137
0.0
9.687408402710151
20.025482735045383
176.93358830366668
0.0
0.0
185.2023123062695
183.03311737960667
0.0
69.03372531436516
61.6006986438122
39.73244165033089
194.88562877057754
63.6980371445303
180.47891426986067
73.35322108366891
199.27728193619242
28.093152604067036
190.13254246597165
0.0
163.1153334296983
0.0
53.66617289198952
73.37092940964081
0.0
177.5431891391205
92.40478969352527
8.07964050544941
23.77164259542629
31.205113165471484
43.92464608295506
32.505526938187444
85.48883697810709
49.1374461245015
33.744610949770674
60.34206160796079
123.47642072524997
65.41059524670182
49.99350669525649
44.056842574847
179.45722775792171
30.13408726412431
9.931072108632824
71.66376191209115
53.17624862592336
50.66082799004423
0.0
46.04919334527137
181.03044101065285
182.79622421852253
0.0
28.49908893391807
38.17519561024315
0.0
0.0
105.16669193333675
0.0
185.86997117797895
101.03560783553786
135.39904735151853
8.030570174050348
96.03941956576452
15.298790448285324
51.900365919685214
119.86319257277319
191.2376945340756
159.2200376129767
0.0
145.00615213662493
184.2770853038327
122.81484628040931
181.6318014943971
95.38770038086541
0.0
46.830429152517524
188.37114689305446
19.341436883272365
32.30549410521392
6.10953230613433
133.3524563939013
113.70579723367234
81.16577047372874
43.413120811575524
42.47028316313534
45.917739184700906
185.01609683115495
177.65997632545864
51.6619250251721
176.39439040400373
43.72461401644853
0.0
0.0
4.179221400633853
28.241945159956263
10.62352232874506
66.92342698149689
12.585580882202565
64.39649259518765
134.9775571542937
0.0
19.72597335220663
0.0
175.3943722621309
51.327177246265514
51.18499242703069
0.0
17.414060407763696
27.404436228685736
0.0
183.3047755019264
61.59185778454587
12.095605771285072
62.969301787379806
44.64299108825646
0.0
57.4019543745455
42.99545521891004
66.06552726683734
180.4025670291094
47.66785627883986
65.5322422135867
75.3094450212617
40.708304564449236
6.671907934524184
118.64469199273381
184.43334997507174
24.619336706075185
155.1188867299806
186.68325631810848
42.3598504312305
164.22463909658632
42.324611653190935
80.99750125726906
