0.09201913430162337
0.5276879641965746
1.3916354686219343
0.8972075434589154
0.8988898377987563
0.0
0.9918377072622011
0.0
1.0267941236915314
6.271407347063527
0.908210568661061
2.649621010076027
3.993417417388469
7.285361293297293
6.8476048719339095
18.393331571971043
1.1365218674436255
9.985344154269843
11.476499489410296
0.0
2.0041981013910624
45.42279789228658
4.688195971378291
0.03671393466214522
4.771241745546615
0.9352151946794784
0.06821417894408256
15.16499241404188
0.0
0.0
4.881473285424362
4.830174120896377
0.0
71.11025914642927
0.0
16.511039541501273
63.35525456960272
9.776796366220948
8.236953204225687
10.95457322410365
0.9443771562998216
0.9264259023682737
6.4636324160513166
0.0
28.634529286664577
0.0
0.8903560606587899
0.9139754859382229
0.0
0.9561373423108799
0.0
0.0
6.222943577130236
3.9093696492354715
1.4940443829322623
1.1093557312873767
0.0
0.9256218087889104
1.0298316053271814
0.8867106944203091
0.9479577592398506
0.9109846163505833
3.025418023620626
0.9327260957607064
20.894952184287
0.9255354572246403
13.401084646511364
3.802212961185484
0.0
0.9335757921557721
0.893283212788062
3.8616384127188494
0.8908099449249687
0.939694876993241
8.792654577947856
0.0
0.8974486687699813
10.346697776423333
0.7927949917582059
0.0
1.199719865236788
0.9173429612436887
9.688117280279839
0.8552046639083332
0.9094598794836471
0.8924983436957735
0.0
1.0733432611932125
1.3173541377102875
1.7730004221322508
0.24458904541976456
4.367847748960017
0.5914907227574957
0.16475937148573833
2.2494708863220434
5.679255711501236
1.8399213952203815
0.0
22.85215495004953
10.201543395065332
1.0744330911073623
0.0
1.710088890063226
1.009221406363211
6.369964830040356
15.870944501717887
0.0
35.0767918126452
0.2469162655342334
0.8888466788940412
1.316040076265649
0.8611360814296881
2.101350547796107
1.021662597083281
1.0395186063439006
10.249545255538413
0.27556794686618946
0.9675983760244955
0.9771519246604651
0.6719191405611673
1.143847611987255
1.0807875689389355
2.999999266675299
12.66752259789906
22.101686865393447
1.3334530330584815
8.023925137742973
0.40464992744617817
0.0
25.87589214690271
0.23399750923735152
8.160717192410173
3.376534187900156
2.6759287682577226
54.640252581094295
5.23544153028934
0.8611050087610694
1.284683228490441
22.224338648109757
0.3740251726084029
0.6682524309787551
2.030624146244167
2.358064488511666
9.610591918758212
0.8090920894791601
0.0
0.9827793658984214
0.9259809031909954
0.9549234856178581
0.9919174339765983
0.0
0.28599112071624216
0.0
2.86942066143311
45.627710622915586
9.11828145300108
30.139004148622803
39.514198561029524
3.216818733350936
0.0
0.8985899368711104
63.17387095240337
4.125728180247762
33.63394886529499
15.874279801650852
9.225789952791978
1.3428763619609154
12.265574277898363
0.9007567094953856
2.313292988413525
4.542904530753888
49.183642658765
26.935470750386518
8.975273352090403
28.15120672692945
17.526501747897175
1.3415567100034265
0.9365118855003325
0.9235662075646013
6.332485604796853
21.451753767659962
20.22341254778199
33.87162142192008
15.55013311709634
6.584723603241032
0.0
28.127799817623377
38.197142875801745
0.9098454886101136
15.449233444004651
6.899012052084221
18.749568172202192
10.584576065302684
4.163855134366178
162.3779173367604
5.272978083426665
2.880060456405894
15.384144282051848
3.0699746896344977
2.0026387545177897
5.427773531124981
1.0855635444847627
0.923712720448078
7.0691692823411945
68.05048466647114
14.58651087395699
1.313387475991153
0.28945559721249886
0.9259246765294501
0.0
0.8553384076241146
0.8919237573607153
1.1248406382139615
0.6068123980547574
1.0045068904076035
0.8774157452825782
0.0
1.3638520001719936
1.085566433795847
0.09396332871958507
1.0206942858155061
0.6545778111879951
324.8950273222514
0.811798423405308
39.17288547945045
2.6027414062496264
3.5671965543808133
3.2353155999095375
18.428427418116655
0.42174876304742004
0.0
0.9078943350011439
0.8834348017792101
0.24321876812383958
0.7975018655444558
0.9023325349453811
0.9116208605778171
26.44623128198359
40.39436329401993
0.9179735025719886
3.2504213349153264
0.37705211110107617
36.12365717919086
13.929136343653827
0.8876306514652893
0.0
18.456702711359302
1.1350851123805583
22.70183377456107
0.9119200138608778
0.9212828954901998
7.164465356787798
21.7763844015425
49.6517743206406
0.8802562741654179
0.0
63.55621811206719
0.891964393504233
5.529054868535067
6.678766492838938
2.3542025080578366
1.9349203352967541
1.383870120029486
0.9309363505148626
8.590327466758309
37.71349488429862
5.184834548765674
15.222688617689638
0.935392420725454
0.8897878845547422
0.9376946320680744
12.570217753844231
0.9386523893148815
96.86452282123506
6.162790831541111
57.08651183043031
32.46645213069344
0.8865059278932124
8.446638009095436
0.0
9.6158381825955
29.80944750333852
8.685834818471701
12.042344113671202
7.981749335988563
0.0
10.93430572055753
10.594975321165794
8.636682842855118
4.785459355262175
3.328442538282838
0.9353683556647752
44.29013146136499
1.379741317868957
1.6792324078983454
2.1016665245167867
23.91982457965414
9.474994036480979
4.071691195112437
2.0999901109078345
1.9431611741365438
0.0
1.4214630660508019
1.3954795743210646
2.0424953248520628
5.3492785268309015
0.0
2.008862193387529
37.99280048801951
1.0342363092200137
0.2575578062699816
0.0
17.885535711099017
2.5536337881183124
5.923664941220895
3.4558728419355274
3.0110856090530573
41.07663915646434
0.0
6.507582860685285
24.22316401728163
18.603637288422966
8.790720839355169
6.425413366402386
1.472217634793659
1.9011079652853209
29.180071976998594
11.894587313015208
30.62722636141655
2.787195599966365
0.08926028625181516
4.561006866556403
57.8464604447397
2.3490360299666864
4.435164309054556
3.5787792341527265
6.184642736419329
6.689834487145081
39.05491081816982
16.990152311232766
1.1575577272109447
0.8692226027615149
29.88302570699257
21.859880467400465
13.771570083768548
0.2726775269390942
0.0
32.23306558742731
0.0
0.975679620530051
1.398796056106091
66.20412211732672
5.680941492112267
1.684815368721204
0.851687842498045
43.02071644356729
18.456893734752974
4.110497675901854
1.522437075142347
1.0133412308898082
45.63050929310943
2.983373310313471
5.891790690932831
0.0
30.741540019874783
0.8980217419045153
0.8189492372387054
69.26171285700565
78.68215838267909
0.930160574458912
14.102701296828583
0.9140394644572211
35.231582952032156
8.51443863172613
6.032681789848517
0.9482412266140231
0.9348438250468425
5.064089435427831
11.143108256207716
4.259549431609769
7.678283882543782
16.683576464410557
84.79120799383207
3.0263889343253374
2.281243803937814
0.90400778646867
0.0
9.526182475675702
0.9378843887335268
10.05067830277204
0.0
6.154667366837744
5.569692252554205
3.593108976199183
4.566745452893416
56.51562801640716
12.704227855123449
12.873005165939537
3.5862120032691425
22.225408930706628
11.816349333345062
1.993244558644886
8.177328753532366
12.137201804888933
0.0
1.350132905751522
0.9579642109762222
3.133345251987266
8.5522916847625
0.0
3.301558881821098
9.763486661087791
23.36685112042524
0.0
14.634766188178183
10.675113121082504
5.52562192286854
31.725313693858396
45.3092909820909
0.8919976738716203
0.0
0.9119598473946068
0.0
1.9426053088927069
1.6675224267675672
1.3256877447462783
10.124310365681461
25.346848427504803
16.04663159623465
15.743798834437435
0.8956973504798785
5.656611454556629
8.644009625385136
60.29444888626604
7.793813733206443
5.032239795948401
0.9883285837615868
77.2461940602137
15.162116817136912
1.8459750904202217
0.0
2.9477528002941393
0.0
4.67790795373874
0.0
17.492280476277376
28.765902777651906
0.2845646727503539
3.98984389366919
7.312694383479033
20.121155018760714
0.979935312724513
1.6995300400685094
20.643897536112615
4.706068226467991
5.1998001077806215
0.0
9.675451710867634
9.269741524695897
10.82739010091841
112.66080253241287
3.545677680409455
1.4200923687955747
0.9265149544773426
2.8782692691342473
6.14265533319226
0.10235006468483818
153.04974314475004
31.42215565779291
5.859055936429429
42.46467602989172
0.6858243291482556
27.286346274844778
7.836083117782262
1.8435870862128505
11.2192550485908
0.0
3.803555336486502
14.079604978193684
1.8865852029169936
0.43660918730961745
26.973860693074535
13.489236930402715
26.122797007359623
53.16728290892023
1.254530190911612
41.78067071413322
35.92651920024205
0.0
8.71717178508705
1.1039291923728152
48.77229185044468
0.0
15.554530176556142
1.0306497612006065
15.443859577687808
97.72916374110808
11.31681313139221
6.108570341214614
7.32035127817815
0.0
35.15224487930226
59.325409509680895
0.09104188762651517
0.08841226303678808
52.49932460385797
0.0
11.494750208982419
16.63136390725411
0.0
70.01792475113957
1.0549860301830434
39.82837865247109
0.030178669341142387
25.988038638084465
3.5639132701745586
0.8984577590413765
113.24092975555331
23.09225315066292
1.1549371252808558
17.582283069713117
45.443868814355234
0.0
90.97886525415711
14.375294262887834
0.0
46.63731401878937
8.083048282841467
16.400485192183936
6.457097493353306
13.819701315602
16.375765992941357
24.83959467671337
52.90729428911281
0.0
0.7455897162697822
23.660544883919318
177.6920831974257
125.22887174836033
2.3560102126416833
13.51730495278071
130.04144028848162
0.0
79.42214670064027
29.257443787596756
36.02100042112459
262.412346210775
41.22227446772425
77.12181269701011
0.7229008385822644
27.911323237657648
81.74745737083848
75.92920311589981
136.38086091415622
56.108737509294826
25.079092315299416
8.572039372003843
6.067654790201883
136.4247242604814
0.952164109285268
0.19325876669358388
13.059348799045518
0.0
6.5479257742056
0.9717717501796249
0.0
68.84384578152039
6.500763142282685
16.416416108733603
30.798991979988326
27.41524375688939
10.862787509426067
0.0
0.9358869960498483
10.855406593269603
0.6848638224774053
0.6778925858791276
36.01114367771163
0.0
0.7073483271122973
51.07852378970456
0.9632588557655476
0.0
0.934636741439048
56.33319369855037
1.0644438058748105
0.0
0.9453345798374647
0.9365015209562972
14.926238824963074
0.0
0.9519970471506647
9.288869360288285
8.479566886128246
0.0
78.57038758492259
17.934126579275556
34.584446148926304
8.231712932115048
0.8883574146409599
14.100034258887781
39.99295937054784
0.3389695779719513
0.8924537550362618
27.19506358765969
53.02219207620475
28.522196101536455
1.9202430658024225
9.45781690404381
0.0
2.517021441641428
0.0
6.708680303542721
1.831328315190481
22.213437584128666
0.9658901990505876
6.45528930959832
34.14059548266899
1.0853509439112876
0.9156494876733337
8.927167107949957
31.145771950732804
20.233746114704413
124.31733161436473
1.477563120298163
0.0
0.9294857505293271
19.228425953160762
0.0
1.2659804874561529
0.0
24.896819440636275
81.99027551555126
20.551528430039575
21.623392951358646
10.506119008924163
0.0
15.379091317641402
0.938770243262398
0.8964492426957824
0.0
53.197335040050675
42.27974038710749
16.487176994490607
6.2166863257523
0.9651660991510279
20.38308025345707
8.71011137727501
0.0
0.0
10.966106252169784
0.909081887164114
15.693208150148816
11.423342294272059
11.856040774761974
0.8962656938716582
1.6820465162506588
1.3772674005991632
25.420901033731827
12.52701877630363
10.886785903357936
9.147996310156223
11.09825437071975
8.2042679957623
0.4148471804468778
0.951627772888388
19.08550913827728
15.859009286466105
0.9452040557754532
7.9787709272134535
25.875131602563496
0.0
0.9674184979928889
95.37802413096638
0.9693994421176332
0.0
1.013738130825364
0.6695933298151843
36.997864750653
0.0
72.65724057805627
13.516606500380815
66.72960242147624
0.9940576042494876
12.421172265364046
20.553225721971693
0.9285558466345298
36.09537434620538
30.696387113100595
0.7224348507173104
50.63572346115572
162.16788629581725
210.12497439140597
197.582193393616
0.8850187297947016
0.0
45.71732190361799
1.184029583083248
36.45910734198662
18.77889875553508
4.073237456044748
22.270233523912825
0.0
0.0
0.0
14.720179601625084
3.270417800611464
0.940498774377703
4.32039165950015
24.896932613581345
1.4440201662739138
2.5892993778731195
37.09263281073176
1.0262419858098184
0.0
1.3180960688803185
25.619426215938972
55.88892202966371
21.976180679147557
0.0
5.990877383764543
10.377337527440062
20.93227135292915
1.358567273442553
68.29737701165521
11.623373949654722
1.0964319351009995
15.060162929953036
10.612581202700412
0.9325234648989548
18.437221849902155
2.5277195230277325
3.957099129578106
3.8771128499472782
33.444350765301806
1.3281349215478224
0.48079310287764027
0.9072883907307064
0.26239927214835607
5.615772419390786
4.097221796597588
1.4451848113632972
0.0
8.75049777531182
23.488478738464885
14.996326938180362
14.948515799240527
4.563023940096923
23.17743528208083
14.112354076328655
0.8619736513650881
17.9774303872176
0.0
5.806625236870185
18.502074199924298
1.115390342779795
7.154678944439012
0.0
0.0
6.126657432775584
18.220804044425613
0.8955211275764507
0.38550030312133776
0.0
4.495173552721987
0.5194676889748515
0.9124096143452836
3.961530132142015
2.338939250644932
5.6264222423555985
0.0
3.618015012255966
4.048587874627307
2.423139907674479
20.74685956434657
0.023805889723666495
0.6987050559581978
9.322496957603404
0.8833408007744041
22.725130708979634
9.22209232518768
4.115860497030832
5.540924265960053
0.7868269636036379
20.579322762631875
1.110368166322381
3.855915661308352
5.371660401281078
27.414011900930742
25.640470141965693
0.9559338482216233
0.0
0.0
0.9427830468463728
118.48379803472493
44.26848731055466
121.21990416049158
81.42760588092474
0.0
82.70524344838665
41.873693880822664
73.13321981371475
204.66110362021135
0.0
17.6437775501108
1.0301079623850256
7.348740939016241
3.558704770789335
2.215162904533143
0.0786748779713428
2.0966246054585547
58.94593013633713
0.0
46.612837506244674
14.488109575556173
82.17289304409763
0.8906633095840152
43.65561639122164
49.76096221904518
290.3678567710714
3.5901477904941452
0.7207249094378341
56.80658921915071
37.65562673636307
0.0
41.028526563615856
15.35499960798746
178.05147536379982
0.0
16.44679185408965
27.99002024309759
0.0
13.419713611407563
0.0
1.0898570045587144
0.7554303160762417
0.0
70.60464282185103
17.120790213178527
34.20544016785543
128.44936999152625
0.0
42.1129145682933
6.126278269823146
11.43798621507744
31.519040018949656
0.0
8.411411438587672
27.8635816090325
0.0
60.99115596902261
0.0
1.3931045449155566
43.662463120494444
0.9861122373811333
0.0
24.28012411698914
1.1440373646833777
1.6601533931489756
0.07763376416444667
15.324013701071026
91.43230496995353
67.86209064404473
2.03847599012784
0.0
19.933098071909818
32.486788698980305
0.5627028566238619
232.4849306247447
78.45215470230006
19.11355594444892
21.9251657005136
86.54112826793293
0.6837806617346952
42.630913807914624
7.5661753962230165
1.066711777727718
0.0
56.39179512872169
0.0
14.944654786973016
0.9297177008588838
9.612717630255762
70.77808947815673
75.57279005659447
34.74791977483382
2.5895165614975095
0.08703803687639995
1.0364914651342825
0.0
0.4192564845254202
0.0
38.60750433662371
16.72139700216096
71.89280047365182
0.0
108.94839177134554
30.592024298468797
167.41418692807886
0.0
189.21357545336096
32.848000776723495
101.55813156972171
36.787223369892
32.01817353897303
0.0
29.092426580714385
2.649534531918605
0.0
34.158165991476174
0.8836288388946539
45.30950997931699
71.27301578145666
34.24941613417937
14.949049126100883
4.4905429512013235
3.468237017061988
0.4975966073467517
40.95130639232789
169.28657994793224
49.17721986607878
16.848985795382795
2.2073997402226904
0.0
0.847823785866294
8.002933281569332
166.1553714827102
39.531908915276254
9.887498608713816
3.419284873549077
0.9173103320921691
6.3462667486406605
0.9115972471364993
0.2845420367916998
64.5207979684856
3.114836432452436
0.0
2.3142888894530107
3.3154334796831524
2.254121886879984
0.0
13.267024329608168
66.08519711322639
0.9487888724544427
0.9246172820698294
33.140748501602936
16.04807798407014
9.61895079724262
135.92589378276492
12.849064463387899
4.071741434347404
0.5896687365118752
0.9256694098744055
248.71980930859618
0.0
16.028051806096986
0.0
0.5632203232661411
3.7094149625786943
0.0
0.0
2.4100354026896382
3.997744736191677
0.0
1.9118062198942152
3.8463821153073328
3.478210150818088
22.04829937323043
2.3477652315647655
4.162219466291644
5.574141500211694
26.23766595011375
0.607698794313986
0.8951242078855689
0.41809183818451334
0.5068490765998476
143.6005090114732
1.2860697171872608
2.616374273051965
250.9048143923239
0.0
2.3695455705252364
2.9446059911674674
3.6340510249779094
2.6254490731623763
0.0
10.489770282348978
0.959657024314721
77.35493566863079
153.8973108667408
7.276486684726636
1.1468785685658827
0.8924245158258632
4.56768980043456
0.9843232490279601
0.5076983712966652
5.955655512568742
4.684589290121049
4.558146369215931
0.0
0.6299420336462649
0.903107631165606
1.0701003987768198
0.9951319912668952
212.73041826366904
63.502395941817404
3.204881876623672
4.7208298969050455
3.305825056138924
73.05104947619917
46.23083618312017
6.735699721543854
0.6561247534124875
8.803137783661558
0.0
0.8820317393846246
4.273422458056585
157.46571579574214
3.390050537544442
0.0
4.727924892067251
14.9085652212629
44.3901619373252
15.690646001333835
0.0
9.069369132958883
2.773985613577574
0.8000461542656155
17.380494289938976
50.96918426529878
0.6491712170550038
1.1896272339897405
0.22032301691408604
3.1982874593797685
0.0
1.111523683844332
1.2331151580376445
0.0
0.8805829023010888
21.322280800537452
0.6812251201445193
7.277800862919519
0.0
0.0
3.748125883405207
0.0
2.797095383161869
6.322998310142848
0.0
2.262356803211393
0.67943955719078
4.408815941722205
0.0
0.0
0.6787260314595158
1.6082370732364042
0.2630131129252079
0.8946479935800591
11.490086075492085
0.6159226778126901
0.7687287391180659
0.8468601007997906
0.0
1.7645796421346
3.395280889959572
2.5054058578086718
9.52368783581044
21.227642205101365
1.4058612295653616
0.9182176625089467
13.507294550734517
12.325537637845748
0.29356613462965064
38.142113680002765
0.8781846594332136
3.983521153126567
12.255173010828614
1.154294168166662
0.9332852643380456
7.056832680732814
0.3242762566114101
1.1921391813561775
0.7486975632325262
2.3146616250615653
18.38532376596135
0.0
15.265528980741946
4.9797701565559676
3.8778092400195794
0.0
1.8578380339230303
0.913569597543395
0.0
0.0
5.350805450144367
0.0
0.0
1.0414173358644
0.9297535659152111
9.806851609633421
6.704535457932895
9.021731562570173
0.0
11.019838875581046
1.0508740064677644
25.885660128086812
0.0
0.0
26.809740673945598
6.38566523866581
9.92564316268057
4.979181837566737
24.160112289643138
10.355152104557849
51.491113614622805
0.0
1.1231578044542474
1.0397727430099732
0.9795361497397691
11.745614143953539
0.9465938249138041
1.024549296536424
0.6688187694128396
0.959692520424478
0.9303782545085799
0.5063200578411405
2.27204878599032
4.972166010178977
0.0
11.149794846829773
3.181807910282802
0.9525685109341635
47.3078439472627
6.53837377452262
0.0
22.783538239380288
10.71499806123994
66.5057194640094
5.260181297517323
1.0952317967083456
0.0
5.060557876909374
4.896927299892743
1.013277125196563
3.0952144603828975
1.0599535265311621
0.9730830164177132
3.55522087716352
0.0
0.9623272548437619
1.0547972900323745
1.130832160960518
0.022554119343932068
1.4412616728970864
20.52753560226053
3.3157245687719232
21.234416264226667
3.596568974998115
25.013207639017473
1.1600349722913976
13.645719965923766
0.3341970087495684
11.47719718514978
58.68522310059195
0.22729086005871524
4.575995741719015
3.9036065601033094
9.322966944786815
5.316118266069398
7.180973805399877
10.121632852400777
64.16849233153222
24.370746906295306
17.59892149902754
62.64004722858287
38.435789109428775
19.311022057828445
0.9342696152193523
0.0
0.17952486154182581
0.9097121874468176
35.25689554435311
45.50208958553453
0.9195152518454787
8.198162576740193
10.158043703468856
6.461883588371072
27.873439517536916
4.156745316193522
20.894734767906048
10.860428110628858
5.233518389474027
14.353966615839722
5.62395253648954
4.183632538485745
0.9924058327663248
18.59792065620942
0.9395556595627574
1.0893727531134088
0.0
0.0
1.1312378791423356
2.8445657788042666
6.147347936755485
0.0
21.890965734316502
2.8722081485504702
0.0
1.325507025236571
2.726400222944191
0.9550647379619495
27.433075592561163
5.111381188188202
7.141793258291466
0.0
0.9156866367450698
22.793610142499986
38.29360449242573
23.809750405789444
2.9121081156087287
6.050405113141218
0.9242761503831208
62.86987098063926
0.0
1.1508460359559805
0.17430182376111808
33.22061856210471
1.0443961571338591
0.0
17.46568070640292
124.97706567571093
0.7354058171075069
0.9043512431540791
0.0
1.4573479214280105
0.9514897899535705
27.765275284374436
64.7998261182632
1.5078472530505933
0.9829235920541104
1.3690980283686127
0.9181247752153682
1.0393554756643049
1.024143210370925
0.981067756116518
1.0240904795891457
0.9568990852952611
1.0622072907044597
24.633590220798894
0.9014279152480269
0.9122754514736162
0.8668880105234814
0.9032107553771092
0.9721993172491528
0.06565124663446126
0.9076737483279266
1.0798907773131425
0.0
60.143342867401
0.9129333457021845
0.7170333230879008
0.0
26.51071860334978
0.9442705836585172
22.493288701087437
0.8892302295382236
0.9233524207461339
0.9476137799985326
0.9657380218488615
0.9325862869171647
1.0658610804414113
33.361602386594015
0.0
38.145435265688654
0.9510808050141535
27.138004419640733
24.939363696684783
0.7315251556567698
0.9085050673393077
0.1709972858419011
0.0
2.0585813899528813
0.9318457081556577
0.905152398120689
4.98348658969944
0.0
1.3068554811768782
3.3665054803764756
0.2796559923992612
0.9205248106344387
6.336236321469778
0.7341992232568754
0.8953518152145685
7.642644511744772
0.9397608313556263
10.639133944174567
0.0
0.45553768468123007
8.597474373659898
0.0
12.489127963018364
0.9287018570960182
6.334976919838443
0.9323954250958175
8.325449897420413
0.17356774997348617
0.0
25.645323625271175
0.9347125962045643
0.0
0.8996994243664284
0.9544641088379716
49.77107013666055
0.9294809390304895
0.6376621672407198
41.78658443285258
24.62594262450451
1.4640182280532354
14.807013138628708
0.8585331991530627
8.364546233014478
23.585165650721965
0.913218088339554
0.9438379259436045
0.8727491666876354
0.24565212279844972
26.354153963892166
1.4852589288624098
0.0
1.0215350931203964
0.0
0.9364971846579676
0.0
36.59980102069965
29.50266344783299
38.094795293143704
0.8760881965704959
2.457504732314992
0.0
10.78146162451511
53.025414243722366
6.792178304876131
0.6530738976061238
1.1232588457764807
34.10209437551573
15.003517124726722
20.423487901113774
20.517337900327213
0.9075310525998755
0.0
8.811855815364765
10.88734801283022
7.470523196357039
6.680942246090727
5.207764470946227
37.085797624913624
11.012782219782476
3.737486461447856
3.906958158106478
10.290314740114098
1.7801249557568368
0.5020033766793259
5.367051381138708
11.223533577425242
6.503376142462721
0.0
0.0
0.9318234263423759
8.170104246909634
22.48301616714102
6.089163365485494
21.11100565122672
9.913004736147327
11.914162811500155
0.9196912833827274
7.791881734821027
6.173472325784507
11.108890702010429
3.534962263498528
0.5204593168508586
5.149575624417727
68.27753322531846
0.24182073889454617
129.56493244396947
99.32805136520102
1.32907256980193
8.5565777108879
73.5283180607728
19.03308443079648
31.107570199072363
57.0728960306025
0.0
0.8961683468427821
0.0
29.04263158321701
24.307029984023334
0.858606820369063
2.230657704235553
10.779978390770045
2.393006709658905
0.0
24.964862380274926
24.210886253381478
206.8579129353971
84.41612624486879
0.0
2.2686054582067254
0.9174857767729053
0.0
32.24036088027215
6.789539106929158
13.740187233478562
0.07537797175136195
0.0
0.6168850789708693
0.0
20.832349734046176
0.0
3.0009364313487534
93.64371436520534
0.0
9.576039588218162
0.9346435809297381
5.5165930432121195
25.978906992443243
8.86519590232192
12.510937458248241
10.662552634817686
6.092628036617666
0.0
5.0966777069587685
22.579781313454525
10.418726501313342
5.255319521804545
18.39456874790606
14.027251544918068
15.031351282518868
3.0057037599773717
0.0
2.5388112923512285
10.909173722806592
6.706443476779704
9.448046286069093
85.57668368381778
8.552631936369034
11.173939392514184
15.378867029132396
0.0
0.0
30.921602474288882
65.36986456641536
0.0
22.80723520389727
36.58522733234108
8.175284317762053
0.0
9.746327439373168
6.635272939905889
17.522187897990428
21.926706947149906
3.2311059236313464
7.9305846134222096
28.22566207727032
0.0
19.23655280208596
20.158770000517723
14.321611740874411
8.614793685863066
0.0
5.662177716973255
7.85644682135091
42.070100633055574
11.479139916837347
21.566053893316194
0.9161320784886693
0.0
10.54273871765193
24.783843126819992
4.6707735233853525
6.466048399117393
4.812839786035366
0.0
0.9659833726236611
6.083817381629483
27.209571807129993
4.66132215854684
6.454064941467186
8.866049599300185
12.40531469068331
48.26865653974756
0.0
0.0
68.98943465956548
3.2818851911133664
17.963598419793925
5.876486552995377
8.252583010352227
6.555780968125511
31.62397225670706
6.805942792551272
4.013303844811621
29.02684797714722
4.988765653763642
0.0
14.105332701897927
8.16548092250303
1.1912640315635543
0.06547675069601365
0.0
16.209998987564457
0.0
0.0
3.4501996551716765
4.414491298873001
59.05620476359261
0.0
3.2938123890465554
1.6856866578803884
49.924429126365986
0.0
0.8900664785731327
46.790628657619735
0.9082137761728338
92.88505179328662
0.6969169748080862
9.307891454361783
175.28330219633443
0.0
0.0
10.336178918386027
3.7477424254798146
5.477216370253824
28.26843792411926
26.652756365496018
19.050434843674488
19.83691120529355
116.31700941203795
44.679741019649086
69.83760414183891
0.3496828008218693
32.40009664237447
12.973879808909425
23.82033423724811
16.917775562794436
0.961415228419495
25.937368489221257
19.064129179878165
22.568850512323987
0.88877670615539
20.7511685948051
43.62273370247436
81.85432144911871
1.1926028444631682
43.900940787585114
0.6744009078468399
100.30348357668899
0.4082833412867754
51.16241129869625
0.48684575782403133
22.423640263942676
62.36042271258926
8.945899671600722
24.807519343417106
36.20438419463916
0.0
29.106204863393717
18.120841138259408
19.041131491297506
72.531197043841
17.921245604828933
31.437864311737492
30.065009442466085
12.35738500648354
5.2157189078464326
0.0
70.99144524978063
18.635869699796128
0.5967749644791429
0.9743016038885547
13.105007108586593
0.0
63.24918980434961
50.54675135150909
2.350889875332053
0.7406811602971575
34.857924712497855
2.311296628286111
1.0165931494001081
38.272052710079464
0.6933314396859961
61.30466218784729
123.13637532237634
41.22940554211894
0.0
34.77128502515692
0.0
130.87646494811167
0.9603945478840841
2.3656774480128453
180.05143806094915
8.382071146133795
67.93440707681022
14.445742089903584
5.011862935513198
60.61757721290836
0.2428276296547203
31.679678321978926
30.345293441001346
0.35153574690873857
2.4344943493546753
0.0
48.392536254470905
33.445887906155576
46.38189621275775
29.13502344543229
3.7473651477440715
60.30284376622823
0.07674189246552286
0.9222989779362372
0.199675579004063
39.080690535998706
35.761447856836654
15.634703864672199
14.097756488845839
196.13132013959267
24.468317406221097
10.050236728796895
45.141432725377435
33.14229193544303
0.0
60.61648659480517
33.50129724972216
0.027512540839066568
70.93800464122822
34.34581074122075
47.511421286356345
0.0
1.2684692625294751
139.60293075216072
0.0
18.92419773963424
20.039248290481247
14.582103426707267
5.495862661809631
0.0
3.6771590929176594
47.16931486950088
3.8495109438139803
0.0
4.652338906880498
3.359639661369462
52.31807456260079
0.0
0.8927399472402129
0.0
37.773921272278415
21.793738400641764
21.583146609775575
3.2217264526283844
0.0
49.997614270672834
56.124735899697896
0.9250176781053655
16.747573688129837
32.034495905922725
25.09354569063195
28.56299683676228
73.00057676306905
6.348142992895295
6.613420530461537
192.9587913727659
0.0
71.26451667510182
17.49834032744733
0.0
30.580665023350093
17.448908546943322
8.542599560164136
53.25910466239862
15.018753274179206
0.0
67.55439670224564
1.6246857368279954
14.308606636602798
17.682189003868437
74.03163659116673
75.2609878866713
0.0
9.670557792049287
18.81737588918714
1.6776224745954038
0.0
22.917618901012126
0.9512165035989064
3.4577013566790797
63.051932795059265
0.8976802229753372
65.78506573125006
14.582184717328952
77.04206824599615
28.3240588215549
20.533489643556155
66.91241835207636
66.3348688360763
10.399817140327299
5.46632759296673
137.80330079601055
49.55853109619617
58.32298902504735
29.981360000128433
0.8911874387057542
29.246156799744174
44.825042930523196
11.560617083496536
33.58838843594149
1.0407706558035128
11.687161103602522
130.60055876111662
46.06044180318906
56.962547264962005
14.694386271944772
17.893271157793546
77.51276782039443
18.766561560662062
19.167662819151154
22.999231587239784
44.70166906084494
0.8903171802367286
128.63975180327472
0.9250476565809378
8.421946313022199
141.04871770893953
1.581995433269378
3.314996578320391
6.8567303010259675
53.92157193361358
77.06098624622255
43.75756449454705
58.700810110049844
0.0
34.647955843769424
0.0
0.0
0.0
40.27559514027083
13.401132854809282
22.814664695684534
0.3867526682384319
0.0
0.06883097929205188
58.287223268303045
0.0
1.155389789683976
17.29803475962504
28.7813093969142
17.551477455371025
0.0
53.1802169650066
22.103593404814244
0.9191182305416767
0.949751476004718
14.297967506963362
6.619698560880173
16.97647763522107
5.782478727210471
0.0
6.655083708572001
4.24256836288277
4.209411928273926
2.391231673689523
10.59203003249231
6.265812345172125
8.807103508820218
5.821204016028938
0.9485123736139478
15.1964438586866
26.98268873569671
20.075373817871604
47.14910394428896
0.8726143849846106
30.699359575371258
79.98713577242218
38.7146341970694
27.812982549807476
73.86939565952403
27.78454663465458
72.85435742822668
1.0617662433375963
33.499818273917086
23.17037204894663
0.0
24.04782648220133
80.56654221327153
1.0738508385777914
44.60160764152003
21.92934620851875
12.918378645733911
111.12700258274916
46.20788051323543
27.04212467229478
0.0
1.0184031457368452
5.3815344191408325
0.0
15.143073465694187
0.8069369039441984
273.08011694019194
75.48959726540109
17.80288772295573
0.0
24.62864982834534
26.472539272702363
11.26069499698138
0.0
3.385828357088897
28.715960271101306
0.8838058710076722
50.415220603937534
67.48298468958171
11.180041675870562
17.05554971673013
19.936229559910203
10.590633166723809
14.466548106723447
15.827958885563657
1.0125825069676795
11.432833185283547
0.0
18.732111460396176
0.28662728471000476
0.0
32.349803012332615
7.492402099066995
4.632008342343172
1.9406955374028532
147.04691470244876
7.962910783409219
5.293177905835433
0.0
0.0
0.0
43.142558810957226
11.825573826723454
5.627762756712614
0.6053836373395604
6.482727326142735
1.8833976341160843
0.23163166402599333
0.0
47.06147619180398
14.681390707915867
0.0
1.01371601466666
62.933489550846815
0.3135033693608306
33.370682237891636
65.93094102254997
4.809157903784523
3.1410521514204994
0.09768749150025774
58.33239043294479
0.8543788047681992
0.0
3.796929182006925
1.8511678708802761
5.271395599707064
9.276755340363072
4.388685820983813
0.0
7.064190366325058
3.2757745083141274
34.403796553889876
8.110813971284513
60.332896010513224
0.0
0.0
0.0
0.0
46.89446805761117
6.946515799493644
0.0895105175999259
10.092063544313435
47.0328919088872
1.3185580948695528
55.240033558856716
0.9416604234201867
13.416353007598213
44.28249750212023
32.85208450404873
0.9789027428839803
80.43409261995807
48.52490101993535
0.8716870465726028
0.0
84.46071874764007
48.04083424728528
54.670296688762676
0.0
11.066084677544392
32.97644645199126
59.66659773167013
91.453946768172
12.481471193767948
85.82691861808578
0.0
39.17526893691868
0.265740686570176
0.9091127113398565
9.405578866034114
0.0
0.9756763070993144
32.95148844449997
0.07920747928048766
0.907000910770988
8.16573027393908
27.654459788155744
19.133616289493446
47.094447376894735
1.0923947781364924
5.203019203280111
5.451675869922834
49.83205128694492
0.0
1.3605600946316856
2.388201440450938
8.572419000115474
9.656474524392063
27.647524480218458
11.204248745205819
17.20216171154872
20.268965550599404
52.01994344398113
0.0
54.892733487534464
5.824912077364335
0.0
6.15129584742651
0.8573140959626787
49.67533435441528
14.81684092896886
41.94290879734811
5.301903418271531
5.4960995334005345
0.0
17.945312953727143
18.218184117028258
33.796799904236984
25.55921016800194
13.150236390687141
0.08341945015998198
23.588051470529393
5.088891521009395
7.336145576202836
6.378221126104153
9.831726739032561
14.733023200294374
7.8795430023656765
30.13226289108453
10.996368146271324
0.0
0.0
25.335874573507216
18.685776241771475
0.8882011207200796
0.2398912127488813
0.0
0.0
9.487294429030626
118.49026387582026
0.0
13.030925023606054
0.6926604033357693
17.78279733204929
0.0
18.416609459756188
0.8928155984506674
0.248397114480414
0.0
3.5990807096396717
0.0
0.93704648899397
74.20414335375095
0.0
6.645668677628876
0.8306013639548002
0.40163933251225936
9.770367692034085
3.2053636727120156
120.30034005836713
0.19000175879033593
0.9432858273205175
22.50521107539628
2.4467628103793375
175.64686226763197
13.151002593041213
0.9155330575467853
35.04228460000161
117.44788984480873
1.7976002697139146
0.8187960322249485
72.77720402050973
3.723543438717523
82.09163140258413
36.551522607511856
0.9303502877352628
42.638160767832694
16.295419251822246
35.01226774667437
42.51172240411992
1.0651073847734247
0.0
29.230919396247913
27.63023577106215
33.03578019331385
0.8744449955026331
68.99615306605594
0.0
16.91534457127719
4.167431528554855
2.204272385842868
104.21261423203553
20.971234539878093
7.731939074677032
51.475979981639895
35.93915800180686
0.0
87.1434923944984
8.833220883850844
21.948055169739444
20.219960753859215
0.08281456699662121
105.14361245089496
0.0
10.063152365264093
2.324179219691813
14.489182835039456
50.89274849447621
11.016095413442338
24.055168271221802
0.0
32.05654833011781
0.0
0.0
29.705006121943292
23.811194713301315
3.6927752357390338
13.127972773188622
2.471708105864785
2.0842916448002113
0.0
39.915146469946194
23.65900706628887
21.654548999544378
5.812882546516353
137.14806926287318
18.127941980698658
10.673608578910992
0.0
57.827894841171315
26.827322281445245
13.574714138014054
22.364914290335864
0.8634389102615098
0.0
0.0
60.94453922695577
74.64602222458997
4.2502472164497345
14.066083884466648
0.9470735084777095
2.5208263486199916
74.20424440724436
2.640777659533931
30.294236347893165
13.465569208800787
0.9462047173925292
0.8587037451213638
66.06771906266559
19.89918658596163
13.684165400213793
0.9438917584676957
1.809988342033554
12.33197966229464
0.8887121681092502
0.9833817994172457
26.977940935950954
9.96487999520764
18.849686525250135
11.487382549669157
33.280661996109025
4.940918057783282
1.95298277192114
0.0
1.018625979558854
39.88735369731149
0.9123245466613832
2.200358857636603
29.28806564020527
31.67996669348007
16.078988690311576
0.0
15.620013853238651
4.1902760188674035
24.54406660768537
0.6852519951464843
84.42728397611688
3.610030793691649
17.624804430276892
46.45653921059755
19.58047210890115
0.0
6.225596100862029
8.506094298034123
0.0
43.256520972709545
18.131451404603308
13.419178133538054
22.485996640674742
5.377820792550206
1.3317655850571455
5.175171581258734
19.416869848028753
19.013132097935955
26.921415116710197
31.98769619906607
35.14600283418072
0.9072214896770772
82.8266156066573
25.31076500663551
5.210999197803309
10.79697599104193
0.07620104261879287
23.102218648730652
0.6392701532395744
36.51595882147971
28.9688610926111
9.054558621647612
46.18963902007509
56.09262843812692
30.48089517387639
2.124617623822599
6.437521578348795
2.2546458765739406
0.0
0.9114774147814737
0.9736197235828216
20.18908612750866
0.0
47.67231859943366
0.0
34.1948088522635
33.462503607074105
0.0
11.346815428038608
61.33788113287066
9.566431455337664
34.75982420016952
18.219753108455404
42.969016624232275
7.425095140980261
27.06913897219351
12.301106204350917
0.0
0.8919094101221595
36.66328659505058
24.445614204167388
5.5360564620312775
37.120480169390476
2.5445164607570407
19.61905897823501
13.5519457034085
63.665013179735226
5.309926232452723
22.170998472718587
49.59804665980917
20.06042825162673
4.133503640240395
4.232330438627275
60.0354148799251
35.81795609311531
0.9348261601381899
22.114092807289094
0.8701093988667157
0.9655871287516209
14.100135682886167
132.939472084413
0.0
37.49585553161132
0.0
30.078267381781167
15.183897231857124
27.17678617255902
44.144364053962285
22.08391976378902
25.485545378573743
0.0
73.95676523580019
0.0
0.7273447881703442
0.9270094289978474
0.0
15.712785685407525
25.36915118590364
0.0
0.16981825861921712
18.456935720314284
5.530997068923763
3.6517754556425954
28.242791156247605
40.35815641360348
0.0
52.95621931110006
49.07706150540714
1.170309131379476
0.0
26.517291895423728
3.9116870965154598
0.8189811252134959
1.844238940850858
7.347322595108515
3.873386537472032
27.60023307625856
0.8926704624353333
0.0
13.349813756803922
18.624269666300663
0.0
15.235212954707126
0.0
37.80477303938233
0.4102554120463882
5.7630914795237445
22.760355366557317
26.528775501584906
0.6968306108629998
5.730537895019635
79.12202858810838
11.539205394464023
21.111625978339518
38.322024726469586
0.884348797262322
15.586301274932229
14.469472134942949
1.9952292054823266
22.469430384539372
0.0
46.266768327793784
4.7925640969071805
5.058561753265558
98.25620200177077
45.84643809758449
13.212946738184597
15.879067649850015
26.866317167235433
8.752181122744659
21.20640095020073
1.389506976826635
61.1837178130087
3.9444766670074105
33.111575110800096
39.58329456818218
32.26913330471131
0.2794159474433947
62.70482309232879
6.166746152695241
110.45474409950626
0.0
9.687246519353897
14.321313974730769
4.938477871920853
75.94366247107482
7.468036865566822
49.603213129649994
7.5104348607288465
58.719795576997505
99.15469826877417
7.194665606647376
39.97383989185878
5.793190941501274
3.270085836549328
0.0
0.0
18.708964155211046
0.0
26.132272753239437
38.62849848531201
36.06920909556046
0.0
31.343323510010315
8.516926414300917
7.822878521286019
70.28244235859543
8.9359210003226
11.164960101333113
22.21444877176656
0.0
83.35699996486608
62.560328235670056
29.049300025280782
75.33485388691254
9.52380547253544
1.2180027670292928
0.0
0.08892484864726177
94.66005668105524
26.945775671917637
0.0
79.51634821849473
0.0
76.33059704976922
39.98007935083737
0.0
59.04255412279989
11.133266119673573
0.0
35.457423984923004
36.51364015137662
0.8852852708699632
21.369628236807227
7.026218492442094
30.55588011700619
5.254889125924726
226.68625665993466
91.62727508160083
0.08973571484775475
0.0
183.0034138790922
39.65492629396262
159.2751233701167
0.2211923336239556
26.778311781258488
33.8457202964169
43.5573715774447
21.52370616611993
58.188150523351545
19.556504494794154
14.039358999200118
0.0
35.72327012123656
0.0
31.63933325259798
9.65001782258367
0.0
3.922223372535102
40.74743548673454
0.0
57.932490418813515
75.14019194211782
51.62420448958114
12.474563825072323
14.857128207810396
45.50669694163912
0.0
0.0
62.13598801599267
6.950550048099192
42.45305734875639
1.6770448746304945
99.66659236166731
5.286772376915319
82.91143375888873
41.10345870422914
0.9168159412157847
29.85837223324019
24.94214670844318
33.48398956757043
4.6760892476591485
6.333931420095635
0.7616058501038561
7.195560046858286
48.74691999392573
6.064922247545673
31.27230821280518
127.60663312193836
3.5178691646914158
67.0055143448859
55.27242989258796
82.07205719067079
8.120669238132631
66.37574937507596
41.663444503794935
0.0
50.71042550486794
9.63118583327829
77.38087361240761
0.8991592744566704
0.0
44.564441571032084
72.16429552470777
0.22778330706982752
4.808278186188342
6.527014537479179
4.526328599423381
0.0
52.22002221381924
92.29422550787115
0.0
43.76205174342129
9.212701851287374
73.21932298357223
88.21492621834318
0.0
91.74628236122021
64.93970636264042
30.450971788462038
0.0
0.0
71.28126325573747
0.9578516852438568
30.15172149354771
3.838402673473349
81.3553664171251
7.938114558893752
14.877530782105808
61.86251340279954
0.23829113807961613
2.1472977342045256
48.220562565260245
0.0
53.29125206052043
0.0
0.18708904869139867
57.93710374315082
0.0
23.12551243695172
4.204726386991783
0.9206280489716693
6.28947125037703
160.54152755470855
82.7591821357715
0.9298597122016453
0.9385107962489748
0.0
0.0
58.97237161845329
0.0
37.04657061701389
0.0
2.6034275131725733
12.892573547559126
116.34890026041681
13.052077280515192
130.06398872694692
7.733479124360055
7.6267226999341124
74.40063097038018
0.0
32.837694844303805
44.64641033332927
56.108399260358205
66.37503181846776
0.9133893445543754
87.3075494383283
60.12406914698438
25.575947628354722
0.0
87.63156194215618
5.936680749810921
5.307161100317482
31.273801920835226
84.14399945193486
22.351694666952255
64.53343587620986
61.83800521620621
2.845162321019664
39.52507350034828
1.0608522801119467
24.335609397461283
0.0
25.517171374551815
1.9944169744329465
0.8407126480352471
0.9394549319452424
0.9300589664373707
0.19141524647744634
41.064749020154636
6.5955710261054294
1.9903531289876477
1.0209390857781637
26.647033219133917
30.13011126376273
32.437331648923426
0.9215422427192186
76.81847714719196
0.8979326292241773
0.9624859134191373
0.7404349599463969
74.53140908434442
0.0
26.193200209016915
0.9288045305356798
38.164550147359975
20.02002362486938
21.228526353692803
24.829199718481398
87.50030205409622
0.48754737070902904
40.81592479605133
143.5904324186458
2.428275446592358
61.088917280007486
19.96522404998357
19.30460172113488
40.74192945099827
32.68732071242182
0.9289484903938796
1.3880770270418603
0.0
62.3092971551299
0.0
67.65976708917785
51.0418125989493
0.0
12.148491273074907
2.2004777413424277
165.0908451201251
100.5277010645684
42.47506937662622
193.13375830997163
140.50065772878492
103.38733049133526
25.82435170471495
20.791957455375723
100.82964692660089
2.2220526694428218
25.149122620573454
3.3010159686651814
103.67274794221628
26.588909983189517
2.1221042869901376
7.144507409701473
125.52785802337658
30.567980216290472
25.269950204868323
0.0
14.0012167640334
17.056442226156594
3.6514096870577126
41.26596099751875
106.85179828146663
0.0
0.0
21.771910289372215
35.8471210632854
17.16928073511617
62.8167098138248
130.1877709543559
0.0
48.40648884760282
0.17221822157008213
0.7546203769883647
81.55812704320537
0.0
177.46756530896224
23.40771438720292
54.42690708853462
26.52807011892817
74.23643857147891
32.188796740274434
46.194378278098505
101.87792553733608
26.722779192357734
5.122618918252161
48.311565888035794
0.0
24.417004177509178
5.524726067176776
145.6820804015611
22.11130788625894
0.0
1.335480283433229
0.20022066557130638
40.09697031014162
33.01308579593029
0.0
0.0
3.837878424524405
0.0
36.434779915419895
0.0
5.020858287223235
3.5076183418831657
9.892589452675333
13.45087692971249
95.05945953421275
115.55691604266345
50.81920978700914
92.42980501579112
0.9378254654211511
202.85113514195072
6.423342513431703
86.79857051833122
0.0
25.66346464647173
0.9053518489812329
336.64415756097543
7.963060460567811
47.65971595283686
1.112748722072705
0.0
27.610290590461204
5.35443127912122
127.00175104605673
68.06670841352155
49.17144314161311
20.328255868079186
34.94942389022174
0.0
52.20486414698043
0.7612846179544431
1.3318208782736007
38.32837871989899
7.4461561491024995
88.23341066537877
0.7791836626629606
20.850689378466875
11.465948508638816
1.4087368288039865
0.0
0.6930527744585827
0.0
23.369602561381615
57.83704469822252
0.0
84.5977875544389
205.52207366904696
27.828609539898725
20.78881218873567
32.02903920517474
0.0
31.727116488953218
88.14256890519378
0.8524778323781975
94.11971689568462
14.159860418079838
78.47612493170553
2.2170707009896904
1.8759060752986287
39.45023605307426
0.9009813599154437
0.2087704117763025
10.23249365944479
14.758413574466045
47.44732256923197
77.70164947662298
19.222360817297734
0.0
7.360761401302079
86.44326088516917
0.0
58.36860959619885
60.07633206255231
38.857987998083004
0.0
2.710420970437828
151.0222498861479
85.13359421767463
186.58016809203878
67.77547157762143
62.37540213046587
111.02178883524174
70.31265038881193
0.0
73.36084285393784
69.78526859391805
0.0
0.9421148837460032
52.697956708908485
38.12209077495467
0.0
13.993333811413098
0.0
0.8805076044364872
68.55188778903397
0.0
31.77254170884232
0.0
92.87745285678743
11.924235756797408
0.0
13.460205358798131
1.0075959678139241
23.38516689835279
1.1713169137470532
95.31538759531149
166.32953148922454
0.883936668754355
42.92060275553207
0.9582352013346106
72.3240176873587
130.44994662052463
0.3057425310053978
45.52929820894788
16.547894492673223
0.0
123.30386019439477
0.7190137937012971
2.7526365011311076
63.750335027233
0.0
35.7735615608595
144.71153432155023
0.42225964266479443
80.50843758416555
0.0
13.07972537238104
148.6828775874515
125.43500466736333
0.9582760471412167
74.33254970150938
23.55993378410009
58.52348549152558
62.7427336468488
14.868603897285787
0.0
25.874360756936237
6.888363968736462
232.08327270889612
0.0
2.123582075928602
7.734904609084057
66.09126618472982
0.0
0.0
0.0
95.10517047740144
0.9483366427363727
58.00067498416827
0.0
19.80920026081444
67.92297009477542
27.78806064413369
71.40388191194666
73.07511630024607
27.96303617300245
0.0
0.0
1.737647771330686
6.98348430011196
0.0
4.813212229589711
27.247968197570913
5.434367432189854
47.54279963242703
64.96732878198038
33.16466229182553
44.4261930202756
1.6830470464199923
11.506116262570064
11.274219653432327
15.970464069194092
56.12909822468703
0.9425736124035441
12.41646379965964
14.508424545498107
0.0
35.5278159937585
30.515709863287068
37.227679041779695
30.142688640118145
24.677493108955474
0.264233773581378
22.591194120506447
0.0
8.008953792431795
16.628198588891525
44.74652973645735
3.744442205614241
12.566879756566745
0.9199657216105684
17.17572170514369
5.4797672001676885
6.643610897948033
18.165645333916565
0.0
0.0
0.0
18.956882658004503
22.103759502035565
6.975532775158623
13.87182357218467
0.7304901099885117
64.95592262721696
0.9882423071689983
35.53892805689826
0.0
15.555492873917803
0.0
51.22509584650229
26.463967083987917
41.78090428060573
29.49785925119485
10.87291201470353
0.0
14.050515128685126
0.0
4.9336228671565925
12.397465134014874
47.137785426548376
0.8999766459787655
7.110157808515732
0.0
48.95222740874936
264.54828396208717
19.852910354257624
21.196336325200278
27.59230256018175
11.17788639301344
8.325893219285627
9.436689317355478
0.9307511368721136
11.057887429334924
0.2331742658119762
23.767908433345415
26.214145652917207
0.0
7.592929951863264
0.0
34.77099975854624
0.0
6.085457292557608
97.96991403922357
1.0985302303510336
21.67584396518145
14.290551210269987
39.87722370936425
45.17287061517784
0.0
77.39082978992036
1.3532794433473458
0.0
0.8173514223842666
21.607872874464285
0.0
29.729662344822902
11.665295384803038
0.9041715077428228
27.489620731155767
0.0
0.9419377350472631
17.03830709121573
3.4218036157759437
27.831917570692077
5.299582035897159
10.906251875590794
0.91609062844094
49.66062132501842
1.6969065687236973
37.250445818206046
0.9403012751099091
0.8711356987449973
0.8798807016669806
5.073876920069623
47.126170380369864
58.46274011331875
23.5855425726037
11.4861440810858
21.43512099188077
0.0
50.30203889363597
27.330485948077634
32.56437809204632
48.11921043898016
0.0
41.173649311270104
26.871475361384316
12.180693016930178
30.470723804658924
0.0
31.31517329204441
0.7550595276925143
7.9353361106266
50.64764076354886
0.0
0.0
0.0
43.11892131627136
64.22288980154984
8.98214743761417
1.2688233179788486
0.0
0.0
3.302635987648152
7.996184277865093
14.704219515426532
26.257409300025344
7.551110888416948
0.0
0.0
28.441183652845904
10.702889794747763
2.6242223650540053
14.567127208292026
28.34559870901686
39.383263512265906
14.695764377812221
0.9652666820310853
10.98504791741462
0.30463695043569083
0.8936755556248283
0.25217769383929345
34.29270828686701
2.2503445588818645
3.439554853906999
0.0
1.3092913236223311
5.758204741238534
1.948538800944927
2.7230360986198536
0.0
18.476574679607744
0.0
25.512307070771914
16.877934744121067
1.011233331868326
0.8314836956036298
0.7094749683945543
25.231551179753883
60.83449843537201
12.570095407534073
59.25035429689271
1.982188934937824
158.1108681921516
5.074607940471715
94.9159810739335
0.0
45.7072286530779
2.1592563441847448
11.167754935854418
0.0
1.1148160605492867
60.94385596599326
15.314621390733986
33.77307794006398
1.1594412038103876
0.0
48.41479501219086
1.4224203348310012
45.781213253502195
49.18480800383334
0.0
72.78626671059382
5.8007945578566416
24.136221551764656
13.001142171005164
6.88515212690023
55.716875568443825
10.293324465891194
76.6157162384091
3.4537819288440548
0.0
0.0
54.37942434550427
0.0
0.890308783321124
8.07111108541747
0.0
0.9007819716958312
0.9248933205684571
0.17347170091983308
0.0
0.0
102.7540783930319
8.568022508037954
34.08256552868844
2.037667967245106
5.246635449066427
51.11517425221256
143.01061589523636
0.0
10.117439144618249
4.085347144591679
5.350196435987209
0.0
52.98719022295782
28.50363928234467
32.28512697400649
100.63082626945669
5.439930947654741
50.57067012461618
48.614374263827436
68.61513701930383
18.93552028758891
29.420729121145403
0.0
70.75691481113219
0.0
0.0
40.9659561721524
57.13108233967965
43.94054046790424
37.96932219370744
228.72396455049318
11.483748452795302
51.29180953783638
32.65990928668004
27.44310648997026
28.48941961658179
28.492517800013523
40.583560665446484
0.07613937515928029
0.0
15.8022762072048
35.66604705817684
6.124294480653098
26.92067372469949
13.710348559892015
4.94397610664799
1.0592095507076063
109.76766247173188
97.87614570127134
0.9599508416140445
28.564171170612653
97.08908829527844
12.59735613896674
31.506799466017586
22.368083639223073
11.826455032065995
30.525907804431196
28.530445114245097
27.194689427027708
0.9074163638053407
46.57058306848424
0.9264948797246707
6.278955040259472
1.6706970399204437
114.57931676481851
0.0
0.0
0.0
28.429457805370568
39.02095361152004
0.43519519252293337
13.674675340099387
1.2609264316500877
36.84524023119661
35.233058910769415
46.61797085320215
0.0
24.08296536381244
0.0
15.61148978622108
23.78444921831252
36.15451125335962
37.41229300675198
72.1313503127205
0.9061255387846803
35.74949859895403
84.18787376175374
6.590703882542012
8.144229119080855
11.29418041746815
11.390779301083619
9.687180930573188
26.56627725995073
5.311605902966216
24.525997462483026
22.486936874425034
25.57319560747603
3.731709943370908
17.680704311898815
0.2820916552333615
0.0
0.8907409508987281
4.610859961630637
2.6489661638791704
40.62090532714921
0.0
0.0
11.033029466372335
24.075023932405482
0.09747373656514924
31.71382107093512
19.784605098051582
1.7110404638225831
36.06817754393067
43.336453196367366
8.884543340376302
27.037607851232824
0.9091706646272304
29.099402114467054
24.98408743477229
9.372965575949767
5.065466638019784
28.53435714855202
4.992352901194392
47.09258906070014
15.515922519687178
0.0
0.9312967064243229
64.57859464091952
11.409797045659806
0.0
25.58844333360927
5.1667320418321365
27.16298337618782
0.9892942808915821
20.344565385659454
2.4530468519357433
0.0
30.569776644470533
19.824766535638293
18.9813460057397
0.0
0.0
35.44336471005734
33.6128426879092
13.09907815885906
0.7183638100592442
5.026726555872617
0.0
11.395326650336246
23.77379909881326
2.674535960520192
5.6187238380603475
40.88705404056204
0.0
25.92112291308514
10.989536888875495
11.043462945927187
5.459496573228945
48.666854872901276
1.2821241432229942
26.31570372244614
12.590092979475504
25.77772074261438
1.1810311560128635
22.119663907978676
28.18484101236977
43.27722702171272
27.48510569830891
94.99397211976466
31.31220429307989
36.97313586090879
35.352790454264664
1.379749996068691
4.39070990719176
15.400332908788014
79.66212646360528
0.0
30.204518599766924
7.158464845557561
0.0
9.608901627172036
25.259168990100967
15.294380874375975
22.273385262347034
8.182117617737452
37.288089319284026
15.052144740279193
51.96099627653984
0.858851920845326
2.1609548956675675
31.322390856604983
0.06017689524141834
0.921447681037746
0.0
1.1245228585589828
17.317356127542077
108.60514268930734
28.828307030795788
81.1254580191807
36.25081998291514
65.14414398227235
0.8514223296324969
29.008828189044817
4.661966219382029
2.6282483156390657
0.0
41.67650540865493
0.0
5.012958090402459
25.92786714338947
23.594906816508015
37.23875355654837
26.95523169398901
32.561566202566425
34.98929760331124
0.9247737363021444
18.721525494504096
0.0
153.3990167633573
5.087564114979063
0.0
1.015626223166068
11.286732208726027
37.841675505087714
0.0
0.9536203421492084
0.9425212913892329
54.633135161858796
7.336592604857377
65.66642360618961
0.0
44.67731172786091
0.8997737262777886
8.144751661533943
0.8987878053840941
47.293136865449654
7.778178541543126
0.0
214.34924346362115
0.928721093659149
99.77083826458653
0.0
0.0
41.4593690894104
14.085829458057209
13.750692451891235
0.0
1.3168581683955016
0.0
1.4043141289151961
15.184819622764955
18.904681322501073
0.0
13.809332403934222
7.035921034241839
0.0
10.240615571390007
1.013207205918281
16.066928504722902
7.702602430811888
8.50082303580857
10.923789920477141
1.1052163616803996
28.790870596321355
27.992777079450295
1.81102000687614
14.973142242483064
35.54620482197812
1.3586117503208954
27.11865291664936
1.9513417238914366
3.0094178731432195
7.7444208457219315
102.34915014711375
52.173847189982915
71.02032581177366
0.9655630931452606
43.08785164286228
211.7916491717656
33.38706913449165
49.66026815937629
24.925827487377674
18.13339579691937
8.267296115623363
11.788039097832113
0.0
22.902796718556008
0.0
50.56298251140911
6.4050081496888245
0.0
4.3356374089989425
82.62878553912186
1.3882914184989406
12.390951333545205
0.0
28.108902374723755
181.09146392331775
12.905412657454702
27.183767351548685
0.07269223621612003
79.52729368438077
0.0
8.489159603732743
26.401569560182907
6.253508192687605
25.04313948338207
16.44882994178154
0.9147789448794481
0.0
8.709130493900528
0.0
22.255364981066972
0.0
22.22513313709911
1.7046494879692577
0.2724779556186031
18.432095769298698
0.0
17.698950125090345
37.27154569859576
0.0
9.319445146649443
0.0
12.23557658338381
0.0
18.595905704973397
0.2595802844675232
2.9608979421087223
16.287973444310143
2.8830360925737253
0.8198581921019306
13.182713664093102
6.473993482303486
10.964920722488586
11.175341975363056
0.9639395876954355
0.9007830707703595
0.0
4.287382434703291
2.0801834097935528
14.4153588097798
88.26462169817519
0.8517253017457818
14.251342372655882
0.0
0.0
0.9382932876648736
10.559176059271936
17.673250360256468
0.20596996483661237
0.0
20.66447379005327
17.8699532167745
10.909176052966512
0.0
0.2607639086481251
0.9288173496124024
25.504153668769323
12.433668739678625
0.0
0.0
13.765745764835419
69.05866891034913
1.164006622150326
34.06834034615507
0.0
0.9047856904067365
0.42623277651725067
9.988976369730008
30.109380521547372
0.9727623835424194
11.92007830382818
6.294013929530327
57.70179909511204
14.426718524599506
13.592979318923135
11.090424026514999
156.1887063415193
11.916999436692056
0.8953132693154524
1.177998775328971
0.0
21.80918329581591
9.192849310736015
4.052267367373652
0.8291973665927007
4.689700321453948
18.13541208821454
33.3650346086192
6.547511629576321
0.48436817376180386
6.422981624750565
5.486050783953418
1.2284930114919839
3.368316935384116
11.068833848733036
0.0
22.3906159504415
0.07062593901824497
33.702598643916524
4.108791708065176
17.593859063819664
0.0
3.9383506182718193
2.4532085098633227
6.162147710232871
0.0
18.554805698832613
1.0785393572639543
17.596608235902554
11.79899291254689
0.9112023577381434
32.0266099851101
0.6015937310307111
5.109671238954269
6.016690603892997
5.706975681080227
23.32612604006239
8.034935524137651
3.4085123115703873
19.085428472188187
0.9097781261529868
0.9147150126182221
36.40252874838527
6.048447555255146
22.50580019879639
1.0108697283681254
0.9758927974648589
24.863382592582077
4.291944677616779
1.8502195199113132
33.45729748072059
30.877195290563364
68.078134831478
6.0911465126500755
31.359437682992326
1.2398541291703267
10.808403304022484
1.254895218908261
0.0
0.2900020763283269
20.075333915339424
8.936833071978157
0.0
0.9624942073895615
15.269849735201118
1.00899356516761
8.293142089249573
36.2301892778855
0.2895766520344661
0.0
42.194758340048494
0.0
8.758612373455676
33.5023731556033
0.9442303982169064
4.7946496213360215
10.67964018067133
6.414245410810548
0.2749148690731734
4.033224249056812
145.12469741013382
106.40531722847382
12.431643702687978
1.0217624512170849
0.0
9.432663150777916
60.12013154595955
1.7441893167914415
17.695265563969663
2.5432079480567102
108.5243621163753
42.392887850619985
16.23468808197459
35.18931438110964
11.470488142851156
0.9289437170146574
79.70768153245942
30.323239436486855
0.0
18.497543001511556
27.70820671861387
81.25174603983334
113.22183111593027
0.29270998760281425
37.28333831293488
46.701452540298135
51.74973968863646
30.8125193119632
0.2316022831645126
157.54553509576562
2.145885518878523
1.2082236227440901
220.03580486976415
15.362592195031086
6.519693059343908
36.745578058019866
28.32323622712191
0.20419504594489907
25.16569062994432
10.626664618677788
0.0
6.4101008209143036
1.2806169839130253
69.26291708751415
12.287068990005366
0.09151438993596453
3.457891436906154
0.0
0.9073429632560633
40.74943977977988
41.705362652452365
37.75836985478142
0.0
15.929321612456418
0.9168285277344118
26.885629200142812
0.0
32.667242445479
28.997227158513176
20.134624180926842
60.92456145596417
0.0
29.533364473623593
0.9749744585088367
212.93692525424146
1.1168954542388505
9.048263408112826
27.442483882520193
0.0
68.8498070421854
28.024866137613284
47.871707073618964
0.0
0.0
89.44532161768409
138.47727969940618
16.906143051049977
19.709855388372674
100.2093555569169
9.07153504260533
0.0
2.111089867041908
16.077904346232526
0.0
31.33787554820183
33.54308257773754
0.528559057277257
34.136063839738654
43.39946834254125
60.88688900782986
2.0597831599331777
28.471491706339773
43.7620889247421
118.35049024173071
72.62398142885397
98.4190436897117
13.330267304706691
9.827928963379948
59.88800312012235
0.0
0.0
42.32909265074804
83.21683292942711
38.40680259523774
4.135744997533877
49.77923727435113
0.9450021392072935
5.3707092552354245
13.8104504705061
12.208740127267793
48.32493789135326
39.531730741688214
0.8551127202665263
3.8383127708958167
15.286926447719043
10.716426200240852
17.02957344399005
0.0
80.53446452421038
195.38229089499805
15.828254980547499
33.95296501181706
6.7305987289705005
12.925854289551834
1.0276124999776255
1.1339513028694281
18.400077571071733
19.6075067102042
1.0134766030739992
93.31438676397859
4.922621062022605
0.0
34.745405518220785
0.0
0.9831545997686026
13.957791688245871
11.442517234953964
18.562536517896714
80.23392614415789
66.35743223431464
0.0
0.0
20.41303653398708
0.0
36.303034973985234
0.0
5.733577966913649
48.07118250107557
32.86609962193955
0.8972730233161579
32.897173901532405
26.804941570557833
0.0
1.110082913911678
18.9774219292187
18.902415045895417
22.094185451058884
24.022415777076294
16.447916893500942
0.0
19.75801204729496
0.0
29.030065858369195
10.95971570827378
47.29473284188702
59.77990402996177
99.46633293442014
19.218819675235185
3.89803082217223
0.9142730234313347
45.28623549640324
16.847995583039005
2.4329051861058404
34.75236785893155
62.015794818024986
101.40557973243996
36.6029651511127
0.9974037911271614
60.88092136283112
4.525763041039671
7.038142849810848
13.548031912175812
0.4356733511734802
2.122547554024173
1.9345005873711498
56.224963580837
48.08937058550928
0.0
11.575201264806813
43.71207179634363
0.0
0.0
0.887220928735255
18.999673620674248
53.27225213423494
43.424179636819844
21.671090487479617
40.675390021726486
3.215492015232111
32.08870608858236
2.2411110131871634
0.0
19.94360540773358
9.315133080023362
0.0
11.439723008114287
49.17187363221283
57.834679679604285
8.442684046003333
8.356934294788813
1.1453964498741835
82.37144850116667
0.0
83.57451268874519
25.606024756605766
25.41172513455546
8.510028730951994
1.4141858813988535
7.329785312380271
27.54510884651454
91.27611403381083
11.891809823588286
67.05470953078976
5.5073483924557385
22.41372585303624
37.1882033526682
18.525628679319023
4.675908077943492
0.0
26.361397565582735
10.319623565042292
22.22204859398801
24.149109712954704
0.0
42.65450495661787
1.331920292308635
13.668108690320786
28.47631511976881
11.453281820986993
9.692119973444225
6.507048024126444
15.410396965626475
1.1503802195683728
0.0
14.927590752993455
0.0
93.73789242524606
0.9278699771515908
0.8939446025672587
39.38280114994649
14.866709554000007
31.919678822035245
1.009005049090092
5.6034814137752536
8.764124789478263
56.69263871885086
0.0
3.548895629334556
31.396255794989017
25.493159877116142
16.870861513233365
53.7479950781055
37.50384474627333
0.03896884525176703
19.436913453462978
0.0
53.177759926867274
11.395553120530813
27.214643807454436
0.9694296117803398
10.81910044271821
7.6714030457284315
1.7775318481044116
11.820002525455278
0.0
17.587814556241515
0.0
1.8267183916183147
2.4061270474576704
2.2976897466828476
25.05895518103419
0.0
30.857861807277764
0.10341257561611703
0.0
2.333793253508433
17.759800345896256
12.94923190726105
11.316592386631887
7.819246961183775
25.054707981799616
12.245429794370173
53.442813625785895
0.0
0.2234664684573272
5.652675710177722
77.77316604295287
1.1176346550010092
0.9735660013994611
2.0186475930169245
45.432799812693986
24.288863710515354
0.0
9.141615721455901
146.58249205242748
0.0
34.96707148315522
0.0
5.8007386219966826
1.3739717380278669
0.18469254720075848
0.379053979176828
22.79709686834217
36.89308125351244
1.8297560822996783
10.95899464822818
25.62000386799538
27.382301585207742
0.9029708186359598
28.582670475778357
66.34421252578501
0.0
48.28127583633609
11.320170904687636
0.9272874137422021
119.08411643966474
144.85846058377084
0.2663399844625256
33.662196712548315
41.84190315484197
29.674330696799128
18.674093297140768
0.8844026056197405
0.3077055095567523
147.2470529820761
31.3496780848353
39.20767819296097
0.38694720543823674
32.54882129931404
51.0269900732197
20.548431659758613
0.0
8.203762979488781
35.67994826812846
9.886936882312947
0.0
59.66256919750583
16.47397623210505
89.46330618478194
148.1617969733397
49.017165098501266
38.76513466248058
28.864972840904663
0.0
48.11662597971365
61.079461439870435
5.392359308413343
8.100600599475678
2.184557223018311
0.3390482091161817
1.9232055115440267
0.0
14.015826930266794
0.9082490458068051
0.0
0.0
9.259228370592204
62.62543310656295
52.41764257889941
48.55555261689302
0.0
20.914985679755944
43.134429237453
8.685326362805645
30.3417742286661
17.065924610330967
0.9120431484941641
36.287633969722876
43.319951817122785
8.770207642311131
18.06696374102834
7.410594136969736
39.99780065999008
0.0
99.3365278007388
4.874942523174716
0.0
0.10802766804369163
10.556317397799926
8.313617841827366
32.82406646659156
76.10244167650988
36.061412064585205
0.0
42.277573248158475
0.0
109.56074576820127
4.554329624430655
64.35033469038959
58.8363739623867
15.118337063792328
0.36288968692323775
50.23599307081445
58.877799646150024
28.86612899815247
66.94046786778858
1.926262545245934
59.73526718032643
0.9601789777312589
16.832285572925677
10.982869424310909
42.762665378684964
35.4044937695827
0.0
93.64874158767121
0.0
73.39158207093406
21.83495383941528
6.039194603035313
0.0
46.920060320875066
152.61592698582905
36.40235967317485
17.316343536617257
6.680575714405442
23.836897795222693
0.0
54.944677574947995
15.925971608875592
39.124885106542045
0.4137988395778595
18.962584812611066
0.0
0.0
50.84505682542551
0.5704801198873262
12.493435024335366
36.66346386897728
95.98258150842037
0.0
44.28913602514585
13.015203418504079
19.148828998465817
19.470778891419652
55.70162475707345
0.0
5.625446714133126
36.15630224529884
17.05835930188962
23.153800677888107
0.0
23.84158785253403
29.605578697584075
21.228974489617563
1.6506296630452069
19.992915833478722
71.27942154157174
2.5983308911858343
0.0
6.100126755414933
8.394739572118159
73.5275218972914
1.311056948610873
14.278892168877647
29.60524418868437
0.0
21.619221584596787
7.970449895220626
34.92869366413003
65.07790456303796
0.888919546988703
56.739848426036275
41.93550142213641
48.1490957986328
0.0
39.07682293885311
38.402165372778775
0.8849172915566059
16.7048677862092
0.0
0.08982201513358427
50.88132694906522
0.0
30.16359062162752
41.795683463299895
31.242219458966993
25.78201202926261
14.261368283261621
1.046162719201669
28.159257558900514
0.0
56.59120122489972
8.636671577851528
67.75137807821862
0.0
27.199590589335745
32.8723277874109
51.87856124016355
7.49883441394518
8.616770201981087
6.538373699325415
3.7867503529077946
32.9947970399363
20.56317595696689
0.9573500678232213
18.180980318728658
2.204861531413629
59.82953977455647
0.9893252696232272
7.793215205355878
11.45930654979243
5.562751867619641
0.0
1.644945438658871
138.49519369674815
0.0
23.687108369514387
0.0
27.802830712278606
16.095085581906076
122.45531993652601
1.168524442443482
0.0
31.179583235580136
1.0875124986066433
0.0
36.6578823338548
32.691676064580705
99.52807001353466
9.307306248334791
17.870236500873794
13.567457162097018
0.978035953429252
0.0
36.91016250057953
19.784124787706013
17.708156688621106
0.907683283094568
7.833081463187172
36.70429351498651
93.05207593602131
32.66696621303963
0.0
0.0
22.247149922346313
9.606513110154898
20.980474007814244
9.820644492432132
8.705943217304235
13.677429145971567
15.351050585496917
58.14705746014218
9.122205689840568
0.5693117130670469
19.684395658341195
17.985671382763513
5.840700303458539
2.4359724701672554
35.269165384052954
0.3225240660435557
29.183385096298785
0.0
25.837981080415094
4.353427860458988
55.93484194909925
0.0
0.0
1.3176648221170473
1.0980931351939363
1.0143512147825087
7.4217012830238085
35.27433111802172
10.071850664255733
0.0
0.3981734768949807
9.970253903746414
34.212992918293104
0.0
1.8323158112411575
46.12137663653998
39.176272153043534
18.87976771993872
21.428755388996098
0.0
20.540105367202766
0.0
0.7736973686534686
19.389862581523516
1.2986673473764276
11.32460734950705
0.0
24.029547355528802
22.683006416801106
20.419693068162868
10.327771006988694
9.517106189042533
0.7417470316895078
4.1493684339386965
13.927350172555805
1.6444345456888978
34.300629190064356
4.778707515944496
30.032396988905177
44.741849375992
20.628358737698044
38.32453305406064
5.5326446176800035
2.50488482261209
0.0
4.553680776208014
15.32981674943647
5.559814422634619
0.0
0.8093318506203301
6.095419766671923
23.51106454637679
9.57243740052467
82.86749562827566
0.0
0.7465762194048942
22.068463097722585
3.2075483040476183
1.1786638231588848
37.38749036389419
31.883948378575827
0.9203393522713026
36.779858440271774
0.0
32.76888576011172
35.97014698826983
3.533276555416678
2.8388524306869902
51.90370845420502
48.0674440192916
1.1305886182891332
5.631223337480379
0.6623939635708884
7.4193946546750835
1.27838751928541
6.264612601632798
31.917065301967693
29.11126814464159
12.950466732576967
17.582275914777345
0.8480748295270959
13.970578775782595
1.1706252037398708
8.493844535806977
0.3509663347347015
23.529885975148442
0.0
19.837383237621495
0.8965172819223021
0.0
48.07554603896731
53.82811543416806
38.76404526421805
0.48735648213739535
1.17276978105307
26.603368940846767
0.3213860554883989
19.954681323810185
17.57882997878698
36.720710865759074
0.0
49.711240240645196
0.7050174359489889
4.974488578331951
35.11716555070591
1.2009711230651436
43.70742970930205
11.501219251449884
0.609685893598468
47.5339494431852
0.9398862479539452
19.737095589237246
6.396219702670437
42.1337328835396
14.69312956346885
0.9144605286727638
13.804260669435068
19.795483414889954
45.250974859044774
16.022124419170005
1.3857167956534164
45.055048668270196
28.28941737116783
18.676317884132494
18.355900436759843
1.9768863749552985
0.9525906993385951
0.8694816349680947
0.0
22.24877303138457
66.91393122068175
0.9059180849655231
43.9424074214426
0.8921181964833148
0.9412302595060533
34.79310981375465
0.0
42.255254356107706
0.0
31.788565462520044
19.03240095352299
1.177078124823934
2.290348034127225
22.746608272355882
2.526609487989404
42.150274779039194
14.642387699665797
0.885747662014366
24.14495253295924
13.410670295599498
22.16766253304901
5.313604157997862
0.0
83.75372359364361
38.66152399418194
6.29436511965659
0.0
40.2052954190714
0.0
45.381307800276716
0.9143674108006692
12.844394535372478
66.44693998205415
43.750969775648066
37.06553813832161
31.071949334947746
0.0
31.67228902541327
13.282427204210762
1.0152201943949093
1.0522542920312632
0.0
34.121915949851136
44.26896581934563
0.0
0.8733968971953111
3.1367693017769755
24.832142248465196
28.318526420654955
4.698088763557898
11.62368117590583
0.0
9.764218605122378
34.44113893629263
1.9615564568053818
0.9292134960989529
1.0855082075759626
1.5305418949713818
71.97307745465244
0.0
14.508092700935451
20.405192171549686
13.927368939839042
1.175726814873723
0.24158542666444566
33.01962526677559
5.886382902063999
15.356312823379252
25.450472884982666
43.41579968034808
0.9011276146447507
35.777642700587336
14.41195018503326
27.383843198574525
0.573250183264931
36.004086145917064
43.77110196441969
44.15567859605932
2.047360968543362
4.135180199242575
45.62664349212504
43.76696736815147
18.924067750408085
0.0
13.273371573772573
25.738653395046157
65.18642344701635
12.786885286357585
5.140431542300554
0.9250327386830143
6.638667038095672
33.062321061484944
5.1895988304379195
47.448639466313004
21.250816902007273
60.58837368691511
55.107244878181945
1.9660561318470753
0.027689713951434058
0.0
4.877317696294202
3.7199103347280977
16.957736224879433
15.977970305617225
0.8926601792308978
13.43064816830519
0.9480431907492963
0.0
0.0
0.0
5.010938932516771
144.47733466607238
28.025624786772582
0.0
24.646536833978644
27.86004464283305
14.851671438759709
33.17523682288381
0.0
28.101087641074365
9.982829207497339
25.490481229509147
1.375436410532795
0.9247400562928504
0.0
25.312467554135022
3.6586288679173067
13.232444473262724
0.0
0.0
94.96159900182357
25.57735510263504
12.443223383437012
15.19452549286005
14.026579257107139
10.298524710220612
16.48849103451173
0.0
27.54868557833149
0.0
8.511697677546723
11.70481257976448
8.579066245530685
20.445383457619208
17.036398301655783
38.3112513961146
46.81535706949308
0.0
33.370724763069376
18.367143854385695
13.857088517249766
5.869075566665095
4.6063241989419685
4.936179320207966
27.08023136809296
0.9650006358781542
0.0
44.162121438214186
17.838648570162906
4.404268664039039
48.74142553514221
0.8087799891456535
10.757887707855923
9.786413130537039
0.0
16.92717341891847
12.318716863668723
0.0
11.53308194351174
0.0
22.35948714473645
6.343459855414899
20.89172723589183
17.325576272820445
2.823091324298912
2.7225191897729064
0.49716873139911
1.9604597537829047
17.853006253665935
23.071723788318685
0.9534389772468957
13.256009689627446
22.962559063988646
8.39337543869098
0.0
16.555001613473667
22.274125291659246
21.25594100379015
0.916337827057213
13.840396841279354
16.65082284562208
0.9275600136902019
20.894209491296937
43.769276797485084
3.509436795614352
1.037422735859346
13.331178915664317
53.1727859096612
47.23514760933333
13.46798041514382
7.628585499821917
27.12804456510047
0.6741667877358011
45.3060048107486
14.397185089607204
3.578619874713122
3.1312105212906647
9.729700199160867
0.9532978454353214
53.98384467197773
37.523335047572694
20.67993991605159
19.938538378133806
1.866049374015395
13.632114650381116
0.0
0.9721980971057153
12.322512613406643
13.991498721552128
39.49874088151339
0.0
0.0
46.710823678934055
4.946136731948522
3.957853348961131
8.507399583039627
0.0
8.829235928178491
36.32872872903889
16.227098308577805
28.688997182536852
51.67715402912432
22.11124588033916
91.53310122946327
23.25119125082037
15.09251777736397
3.7703454685373314
25.824020011389457
12.860616798384259
9.550590589873973
5.3552020641838025
12.610419854161384
12.041992186710205
82.19952948151965
43.426007778901095
0.9397941121556562
0.9906716811217473
34.98504154868467
0.0
1.5884568271612307
44.57870171864188
0.0
30.981597922458576
26.756872397057826
52.82862327513455
17.665184555887656
72.47113579453716
0.9313536182801258
4.575141026645414
1.2109302118866556
12.251180193499499
20.803631787077144
0.0
14.929704085270817
31.809384867456668
5.834338008047993
0.0
0.9626031472301367
10.227592599526615
1.0307025437705866
139.74783438559362
2.1934227369516526
100.91364822046705
11.874725144367147
25.726629012218563
17.69639942827025
15.007403443480861
0.0
47.05023126049245
26.246074916505
6.464538494858905
18.077021675842218
5.793858131316935
15.478272604821353
0.8836239054029216
7.371527148165093
0.0
1.8595396654176424
6.974301958596215
37.21729707418926
19.366599229038723
12.583190035161078
37.05707114662486
2.8403226834954007
13.153630378715654
17.977291501218037
1.1446447256801955
18.42271987807839
18.350676335755384
14.696441233018865
17.857368823196836
0.9173524348431225
11.015570465024064
0.0
7.83291667955906
153.96341082095708
0.0
3.594805905669819
15.70113011527905
35.816949541468084
12.481575051559442
0.0
35.423851957905725
30.061569718132652
1.328156835065028
45.539291816468236
10.68162119201205
11.734967424111362
18.712195508588813
0.0
0.5649788407118251
15.788647945853084
18.501542051804236
4.184204520608513
122.78012869955056
0.0
7.5620753010393695
1.0031198491406759
0.3733840629027719
0.0
1.76382324982554
26.62646009228706
0.9413903237927199
14.535443689796601
30.89999260554579
0.0
53.865213469339466
26.18991923496538
23.772112778744397
0.0
11.092654801064542
0.0
0.0
19.42177857672617
15.067575014773436
39.56329601313583
14.461571436268208
52.03922174730577
3.0589438265190623
50.299725653445456
47.869118118166995
0.07205987320336166
0.9323362086344109
0.7545936364118195
26.80160529290153
24.71192577485137
42.087665479122485
55.837888697636814
43.44492387030359
8.67551582793967
38.07165501780272
37.73350908478053
34.6543676953291
32.957877949119286
29.14992014729908
1.074763735065352
88.87204592609612
80.5762393018089
37.85431064372661
0.0
28.30140816389377
46.87023733651514
7.495878443181234
0.9366065924585432
44.252868024918875
0.0
17.273405038999922
8.932746790380433
19.550997006693166
138.56289050388392
20.528577056395214
24.398143144893343
61.31322281894908
15.116110676593314
7.982634558398125
1.3495040181464442
20.303155421613972
43.923167276412755
0.0
2.572090710446037
2.3102919862476865
2.217834059662495
0.791748088344445
46.26819107107138
30.029613905822995
71.42084242885139
2.874930172186825
19.450816066244254
5.605834403166714
0.0
23.89095323521801
13.524777197063703
11.679972170813564
0.0
11.56073444720028
0.0
18.361972068322
18.595992977167302
0.9086284661532231
91.2658657762515
1.0750672417585156
15.859405236604394
16.275380840280643
0.6967080243289958
37.46385795693857
4.304332327959525
57.48791005590689
3.1767893686765407
28.602355006622773
17.04167141617358
6.49800559038238
12.316368104803955
0.0
6.838092733379132
12.299779000373778
20.399037544463575
4.232489377074583
4.171213190307134
11.771851417722038
12.499051531205952
0.9404017943398504
5.3844937215309665
1.0723418381528722
5.421608559732093
11.63020197106624
3.5587591994682546
15.978835445390882
0.9132670424393211
16.023985245490838
0.0
26.589910910581093
9.48738367089017
0.0
163.64332227626426
8.281326546598155
10.237398081602558
5.459837034157137
12.366924823747626
5.618890157622166
59.73640275986493
15.726114310268745
12.99626087934803
20.371026681969223
11.913907296859565
17.780132709150998
29.055155462642833
62.30660227360136
14.229082900048327
24.342793233799
0.0
22.45090447250765
3.4953433977610606
80.58941930331062
17.032837798392777
12.904565511309448
0.0
52.18319022251324
2.290033531451556
32.24293279098162
1.3067770081677388
0.0
29.877819556473085
36.74443350620093
0.27115354666324604
2.947796243679063
15.39548540219403
15.168025848739381
8.175551624932485
0.5417220587593653
0.7907429056901565
17.302195731681074
37.42601903482185
7.022520147393833
0.48033625230709204
4.656600555457605
0.0
11.51333082978932
90.85735428641135
25.240314046506384
0.0
0.0
0.0
0.9814081524127094
0.0
1.2148285493110984
4.361451804717142
61.46875040798768
54.161993271672344
1.327094845335857
20.418950829191576
112.87047591850067
3.9299997296165152
4.501965374070622
22.376525841305668
0.0
20.17610277747233
71.83964312947329
26.05773075728174
0.0
0.0
26.876780878347763
25.609650077533
20.534535638915493
0.9381246879172305
2.0377793887220887
24.011756905209907
3.239319790468724
10.65217448325967
23.181657493829253
41.31910197752845
6.351439625483396
20.19069934556165
12.180182265817065
1.0575333891928984
100.2809314008456
95.70042137211891
20.325524702717974
32.76126368483554
20.954419846326296
35.42651223669054
1.0867517435489134
1.2385410165224606
20.700769158303423
2.462589610585779
40.688609634177666
3.890252235569159
7.411213405486542
1.0855402603018551
0.0
27.10779460313427
17.781016757697852
13.701826825073264
11.078162206188782
5.083769716518305
31.857372228648575
10.168574530265579
0.9515803008215675
0.2511997474912301
5.983485304784626
2.0640548105153687
0.0
14.295415713535231
72.97543360568311
26.550866153711784
0.7677734122651164
35.56504009479514
36.11114510588296
0.9002601344520942
39.73578930078859
0.0
16.913930438893797
0.0
24.40849286506833
0.0
0.3886731178841161
0.9454805011522525
30.156939760970147
0.9558187202220862
1.8916226533988472
0.962571879833875
17.634265045660594
0.8491629858398447
33.635652656541865
38.40168760369738
17.0005048507588
1.6261618456185871
12.045259335704891
37.92261939973982
20.50275343260679
19.31654773832869
19.84246275230834
7.262174338151399
32.21462526822119
30.764238568056456
28.549650478569408
8.57983053083694
0.8423384083508303
0.0
33.176675536908775
25.080245190266027
33.90923809212556
4.347859768487813
0.0
8.647887807927788
18.15934823641462
0.8948269578736938
94.88314904609112
84.32720648812253
25.31408612806503
0.0
21.086083387394353
53.208014939881764
139.15929951479322
0.04466975725619683
0.0
0.2417006281729922
26.85423010893772
19.19633673516647
3.6179063732745576
2.4235360707364104
1.3757188861081788
1.0375908911358902
0.29675295340807206
0.0
0.9439857701231965
28.58752736036123
6.908883254620744
0.0
0.6153417642594992
0.0
5.207186335357006
0.0
4.981033516226827
11.783136087232831
4.131660577869724
100.01394462337335
25.76908229555488
12.938558107342894
1.168026223243879
3.029764159240811
5.340844144295374
67.4053467820296
0.0
1.093642531956007
2.652536979984017
0.0
29.444072616259252
6.154917480318579
5.060883033667937
9.525466492477285
0.0
40.77979106543499
0.0
0.0
0.0
15.690155223332141
0.9657282611836812
11.90950582514446
5.035165086411425
35.771522994842364
12.69996283335001
18.41666308966052
0.960883205048316
7.545110047330052
25.62754781293672
3.0560553947203353
7.7530626065505315
11.852011057920844
24.20476034900462
10.73303369022007
0.0
21.528340043201673
0.0
14.295552628525002
27.259890855801846
33.97183254176101
41.257526572864386
23.66360224055942
117.33374850108649
29.644085519200967
0.8936617799996271
0.9525606868908179
0.9625305788597597
0.9077296875202531
2.6793440699907416
43.39532227902483
0.0
0.9274100060685568
30.50967584046787
37.35732211521066
23.26412676278052
0.9423415585033783
15.749244294556377
0.0
7.313317367730319
53.159686576675966
11.025250102121145
0.0
45.26027494145829
59.16960640376743
0.942907837331425
12.170172361517306
0.8788237100217486
0.29953061565568617
0.0
14.05718444622072
20.520731768967728
2.5321938995587217
13.294245511805949
60.75738367087089
22.35434199923053
28.612182313170372
32.86909493657107
34.65491912134692
0.0
11.555422366583265
6.123200547342642
41.18927321700279
18.25568736557652
11.426830092456784
0.9164762299638248
0.9096909383761153
23.5109906794615
44.6620290768328
1.1765417304529704
28.18200505181643
4.864861538540943
0.9231246303785858
0.0
54.174158795050275
1.6685080583016034
20.454332387410147
0.9332237694264984
37.551117610335716
0.925377543208345
0.8905670860106359
12.979161911366978
12.282512690896572
0.24649859566265606
57.204743429339594
34.688934372194325
21.497659008137763
4.597297921727732
36.55715841660213
9.986523744225462
19.873975687175754
24.208623765584413
19.284707971218694
1.1538469100696718
15.218139668184886
79.29306530238132
10.493544284350314
0.0
40.09033653115538
0.0
10.590791589428882
1.061107851272191
26.646987144567387
31.518959229630653
47.4768024604148
52.871972768588556
0.9453031954047038
1.809793409304771
0.8527210446437202
68.04008165036063
0.0
20.600405731764077
75.06286678055105
39.63352467472686
20.314336816945428
0.0
31.397095048200388
1.1580219015487296
6.42891543287631
0.0
0.0
1.431312767204671
54.42640944556577
79.48125848722079
16.152018663387633
1.1727705104349304
1.3232960477162585
17.36342920098519
23.708738562868668
1.2778063523043324
92.06050668079514
0.9890890223881943
11.854700766101153
2.980666143892479
28.820006381773588
1.0538377535726229
0.0
21.571829071693063
10.105750985531476
43.91449408371414
0.0
18.75579009998133
35.6584038945363
20.059352767566033
0.0
0.9768180739724328
38.17692085474744
49.3133760217599
42.83113199946296
86.31879586850256
0.9598023208396638
0.0
0.0
44.56853030418654
36.05931107427019
123.76112242097399
94.02206667978484
4.560152183848469
76.09838683750336
25.26078389959038
35.522843735026896
0.0
10.846074062817403
15.035497202084667
0.0
106.57771323857916
55.79418509981017
36.957523481167826
62.891748135510696
0.8836406094842068
21.25254696576587
43.03572376013143
41.278547704653604
0.899413538034141
30.51399489360356
0.9765396144702404
51.97700745155279
17.998889436629874
0.0
0.9247948128590081
0.0
28.762626659712332
46.06513800793774
59.99654488398921
24.143483750057875
13.236430577284525
0.0
0.934924096034253
0.0
0.7160437550304052
21.25921867017362
4.056693774353738
18.44137393483744
3.481923205785178
126.47633252446138
37.83904761834026
39.93577721484157
38.471118584584225
0.9169551495225882
24.272286190734434
78.2685498191821
1.5928624458830634
18.152317686042867
92.14148950364219
99.33269619049419
28.44260006467878
89.27680948712157
0.0
38.16359940123419
6.059857551834904
29.090658477161735
38.79729833177351
0.0
0.0
14.464968176649212
44.63721255847934
15.693285132636575
39.13060996288168
0.0
6.598603830764776
25.64723979373544
16.629629022060797
0.9449494788399946
18.075413824008265
5.715935247324428
26.24585997384372
0.9334669814215695
3.068518744890946
0.0
44.94392756365863
61.851082585135636
16.59118818586611
0.0
0.8570070263905996
1.12091096306722
14.78326730420772
17.123064325124062
19.471420757659914
2.199903973356967
14.912355780859507
34.308057000289125
11.77354349267484
24.708260134746773
9.244507713794546
10.27209558022158
0.0
29.42154992821033
0.9347237574711428
0.0
0.0
14.37739607458098
9.502315253516912
43.08319626481691
36.222576263862024
20.63867626590667
0.0
37.194894053774284
0.0
10.458375320775756
24.218896487122635
20.627189659471387
29.01954519340464
26.258402625693385
33.85272704786861
0.8557190634305645
14.709821358766455
40.27372429619723
34.02163919955856
5.1507535017394295
18.843365458456553
0.31694882828932125
0.0
24.027925722774437
1.4309903731688567
0.0
21.43563652109534
43.53308725187117
32.44083179766829
0.0
62.91487309204583
50.842976447095445
1.0633532113289113
43.41410086593492
4.224087790548541
34.346232059122904
1.5241728621214279
7.205719494605048
16.848682246742936
0.0
0.972657904276136
19.626460650313476
23.117518546016292
1.0970892357140287
27.52474211130041
38.26996747415709
20.749911164418386
1.0593246221459025
22.437104954590872
3.6690522811325863
0.0
0.2687105182460547
49.57898521775332
48.351104291327786
0.9345485459153173
29.61370323409233
1.8315424598049526
30.193563141164542
28.184686867134687
54.31066888067745
31.45932772124302
0.7132555157529868
0.9154632573109401
39.71632462600762
9.928979772670068
1.4654853494415419
23.922217089465743
0.0
0.0
12.322448100639747
51.33273138081372
1.4970201979601439
8.887812128957448
0.0
18.781570609874535
28.75189659768747
3.4871137090447872
12.667132718357218
44.83329772812115
0.0
14.683711601974155
24.4138217434199
17.269231084084783
14.939614639046441
6.932407308527819
22.469726335165863
0.7254125848119861
0.8887456294285124
15.72960007263587
10.460268814642271
1.1915425302840759
1.763555900838197
47.47097170092767
33.707843868762055
1.1329277414613108
0.8956957148473865
0.0
20.184134316954623
0.38580648195804684
14.957644319289011
0.0
1.014145215913849
34.20568038157269
35.998291649530564
10.836730518803678
30.794000842671746
10.43751732338084
23.01229469874785
1.3566028429745014
1.4917357601369647
56.787353346072074
36.045648822793616
12.597836849250449
23.855925735167432
12.242889613821625
13.139963258480847
23.928613276685915
1.1683739052256485
35.29572295673042
45.634711997128
18.71867766345072
0.914262619893135
4.173606481747942
35.60364831135842
32.50140778386803
28.395904777816476
0.7360676878138954
18.613189486326146
24.28267787594502
14.756597500962709
33.59343249889599
0.0
18.005970278327077
12.51951017572017
0.06756897126666594
51.89623820009219
20.40874561941478
24.574094338553042
5.4991207343265724
11.731473108033633
0.9145054570264032
0.1921525641011973
13.894209008447977
1.51730079432866
53.49938295498772
0.0
23.173102059376014
88.80536087644526
16.13842590600837
0.9413656177346539
29.740453312156998
5.315996642271568
47.18789773995894
4.076462035061586
3.6488125013423676
1.08657401479938
16.189054064154885
0.8993837796317323
0.41385152792415186
20.60042131601091
10.313301742841249
1.0003132719401575
32.9002170999894
22.64403413615949
27.891029199256323
9.795517666203576
6.033802025756077
41.7349926154713
55.510943179028985
19.348037736181862
0.8863799031612493
3.9284251295600323
15.7698978828767
9.863917801161234
15.868728678605219
53.20957013586129
13.445182722793277
43.69947015698027
0.9211443232272831
58.12360483833422
38.49284478479947
0.0
1.1122605286405445
48.55752895579851
11.156358259060738
10.756244360110053
0.8672058294656395
11.868415793114485
0.8973228562245353
79.70014328742295
11.23920433782829
0.2769668856664528
1.3240852518415596
20.585538664228377
18.72727197610434
34.04984163258406
129.0908596064547
0.8693017099155894
16.574090892859108
1.1390876550893376
13.342680546352408
10.455745885948467
12.07491785422978
13.231278236203734
10.03432245661211
13.466511646584689
8.68748178474664
21.975063477505987
6.955197817737037
0.0
0.29655002150136356
0.29761203461711283
0.0
15.253381127015512
0.0
14.36975129063648
0.7470120670383026
13.827068586819667
8.658560562576563
94.58847559509731
25.54485000661697
11.708848808286731
8.024447193462656
18.339988179229135
0.0
25.65414359549755
154.49105050297973
12.847896602352431
16.699822043738173
0.0
13.697359413356997
0.0
2.629110788966264
94.69533553374525
0.0
19.272502971524297
1.7945384339043744
47.47781934580151
17.14242001288812
177.25510768961274
10.775286951878487
41.27565194015943
33.75056695247343
13.868479918337128
36.78581418545996
29.277645406810098
14.192421863261162
18.738488296876003
0.0
6.574627479552631
0.0
30.145408053243212
1.1944293843753733
48.89856024731755
31.75199923329795
0.0
38.62604497729326
2.549284625946306
12.634158854900859
0.8936811713664277
14.782049889294656
32.552738149762654
8.92462055435405
11.537678186122593
0.69801898862534
4.010249734737431
7.4638398499233976
18.525223163387704
3.5071396243979667
5.914328492997864
34.29856237768135
0.9482072952017173
2.977378545000804
1.2109177776543214
7.748427839373254
10.059945160849852
13.880242265137857
9.143424357116658
1.7081636915096006
45.08114105351058
0.9176935102699834
28.340938079107953
16.944667242154612
35.54932736382754
31.998825270022518
23.082349415967993
13.951032924612752
34.19057259863287
8.791027120839434
1.3092999905028824
32.25212490943744
1.1171902556601996
0.9383023550344156
7.568503871350183
0.0
1.1956943250255383
15.846842076569985
1.0414888119270853
8.334893503174001
11.098699469361682
26.91307726023842
0.0
1.927170384445474
2.909536155445219
0.16038831487695623
0.0
1.403056253202858
0.40435533530687706
0.0
0.27003385107969513
21.919736817539693
5.504255751899696
8.454118162732188
12.5408254799322
0.0
0.851340994602509
3.863562773909895
10.705910594739441
6.701529984266214
0.8766383811713134
20.0450500668171
8.426648557921752
0.0
6.372545020595729
26.666147745106773
10.836180818799365
15.35236035189168
6.7266927774101175
0.9381208223646773
50.90658674334575
13.681895457933102
3.448193528169745
17.38655725868093
35.39516446369838
7.642072239238331
1.989826541163527
14.093873971181042
14.070313237850236
0.0
55.526744100296966
26.494056625714816
0.9302830005017166
49.927633163915104
0.0
10.62030607985797
0.0
3.0341451104989794
12.340610468715562
36.05326127867989
2.2492337630347325
0.0
14.936618466683056
11.465016697957774
68.55403894834895
30.845462022491994
7.729834285853817
12.074124623982941
6.444657275671624
3.210068485664811
1.2540154126840561
34.956907243530544
0.0
0.918166120305634
33.096660708721075
13.330204290314718
30.58474048293711
0.0
0.0
2.4482576191082166
16.540517053757274
32.41604419626775
23.37689310344435
14.935777575327998
14.191684569311285
12.8072926360563
0.0
39.49264984335777
13.582122701427013
18.39673214972842
0.9663619263121516
1.6880712366467985
34.817575034830995
17.609613049767233
41.23227853995494
0.9664403018321813
19.528361765102048
0.0
48.63666191020473
1.1777966004653868
15.238241502471775
0.0
0.0
0.0
0.0
18.074656861262667
14.597842637156235
14.361824645364248
17.790307609692032
14.323154643597984
0.0
0.0
15.849152160436246
0.0
6.576846735642976
0.0
0.0
50.68700847540481
45.262658890377146
0.0
19.267627254452172
0.0
59.178068934560706
4.161148767512571
17.030225876793374
0.9909998761728066
22.645205720746958
0.0
19.821452204900247
0.9383536587192632
274.907235145987
0.8866401952437206
10.03790325488985
11.117231559588273
0.30963119655038224
19.353290229914307
0.17414354648587854
11.343765822351319
24.182682931265386
0.0
24.87482014677338
0.0
18.880704439118976
88.1513237838545
66.50064643959888
35.8926701350223
36.74334364759955
3.190539051561185
23.151753625285636
17.578108900973163
13.450391142352343
0.0
36.8382167064093
1.0105666059882314
25.70265072676586
1.0397047367917482
1.099096224230793
45.12683319222972
0.937761003078803
35.307891095767744
32.354308502176984
19.167947153928328
42.87852851129445
51.025223005867545
60.03349316010455
95.65861719563945
16.630605741847916
26.13273893261758
0.5601800150033489
15.557302002852385
19.5655713883078
27.077691356806156
23.36839689602769
0.9760660795392081
12.317621367189782
0.0
0.0
6.642214616849737
29.836178260623054
14.609466568801938
33.90572080496885
8.3669868310034
1.5697492733960736
16.84936073837403
0.0
46.66122040752844
0.27351298918268163
32.9858413274789
28.85391274049649
16.181145420713143
20.852640621794983
0.0
20.43454073403993
38.3334285962087
0.0
11.047733324371716
0.9223236395091287
43.24724742313508
60.47531333504351
0.9191490646003311
0.0
44.67764521085221
20.860537698288265
0.43773480436701856
45.69825018828917
76.13282759411683
26.420970167238778
16.763139128414178
0.8724576160660565
157.08902685475755
3.120608668811216
4.398668685959143
0.0
4.989320743689838
0.0
1.2301487285510877
30.664516356006214
71.18548213219037
0.0
9.415005978361716
0.4212427708451042
14.56140372967148
0.9482136807452025
5.463284057607235
0.0
2.318522650450504
0.8738261407554462
0.9388899431007425
6.943481524429176
2.184502266412497
22.922967908030856
11.21359623192192
22.888106599318576
55.13835323340881
0.6377835141670325
0.0
307.7851463968622
5.911443221242546
12.604544050615148
0.0
23.42587928436765
14.453165125812662
0.2563303415647095
43.36015677067874
36.25028941656716
0.8575571645358188
17.36935032056179
12.934011408205782
8.247411163678839
15.974143404655214
30.14687349742323
18.09312085948442
0.0
0.9770243427474004
8.302024402689812
0.3174227268208856
35.067722435226706
47.332715217708824
0.0
0.9807999552402591
0.0
0.8946898269398824
33.23280737001757
5.802059027781395
8.966766744498182
0.0
0.0
1.332655960893318
70.87040509805819
0.37223220327878453
109.85220260398263
36.61969619661684
7.663985705654332
32.17907976476611
29.012929552111014
0.08889316137354081
7.3058402348225835
58.723099165340784
9.675071695744254
119.05447846853065
46.18094409227222
9.889857703305417
27.804047936867136
49.11504253289434
0.0
1.2076229734000317
25.56083557964246
37.96857301483552
62.395621265197214
1.0210829295527866
0.703257734664357
0.4024122893417295
21.982672201018083
0.967941228069656
37.948427746530264
0.2778546422006324
0.0
119.83704359588646
9.818668019856748
110.1326841379304
20.665032794793866
0.9982494058033973
19.58143641219526
0.0
9.102148756025361
0.9049729535479835
1.4523715346169221
11.117915499629845
0.9131402351778883
22.23405498574823
0.0
0.6210004752883164
66.9793743163431
0.9319551288392698
4.872019490160707
24.42594549359485
0.0
1.4867403418091745
0.9176721413281741
38.9605770099778
0.9213924985954122
27.178713992617745
55.15572242673026
22.368010485267558
61.12967246427412
12.33414658640125
37.89689550065989
30.08440130472972
16.281331792695624
1.2034224755226193
0.0
0.9943861377939892
12.297285895844292
30.12520405264735
6.878038881433777
0.9635120837203065
0.9678399760965558
14.813657725210435
1.0308078623175967
1.0080041969534375
4.2897959980963
0.9152577787029692
20.895663327349546
0.9048590387170172
0.0
22.300598714482565
0.9927578353364592
0.9136894135067037
0.9180874548602498
0.8944349992446701
0.0
14.941882883869848
0.704187669889006
0.0
12.109017637667074
31.29565294969695
35.29550198768833
0.17759356777705693
29.1729735029631
0.9433357606505304
1.168694053901333
4.792243202689788
67.97537666556329
0.0
0.7396346139250227
47.331411004180595
1.2659300517242391
0.0
30.79662896862076
6.587056265597049
9.571805160601246
9.288131369791
5.120792939882461
12.567233835519836
1.3378502896527986
9.497658653558116
0.22072308963949394
11.611596093034304
0.0
6.024446417264621
1.1247113831122313
1.3361295052848818
24.574692627392004
13.493348817208418
0.09606309332930979
12.993302209401405
63.59525329349775
0.3710583427186791
0.0
5.241905101016523
52.78023910248302
20.693478562580424
21.183505583362333
0.18238018862006958
3.978159242139878
4.768225201279142
21.669978588761857
73.42832161201194
21.88917104238007
43.20086279155675
0.9423138516590286
42.41614651905778
0.38864647707068245
45.48585446223032
25.554207884488036
0.0
59.789666022607285
0.0
0.0
53.03941929247226
0.0
2.4831354851309553
0.9496468891578452
0.0
2.7713120532943742
1.2164153973356604
0.9439365259503478
25.207725453090298
28.567598861331383
15.383659193446205
3.4797312710069406
20.506908653554945
57.46951303885297
2.443377294404083
1.1904723449854544
0.9123136316320994
9.68058589732678
10.488945004673543
0.5339555660397914
41.20757416401117
0.954480471657148
1.256657359914986
20.289162673663725
53.856763765584994
0.0
0.0
57.79434761080053
14.356620339991553
0.18961898452097217
0.0
15.376074695687691
0.6218745178469341
11.211876203218187
0.0
42.153300371545924
10.959135703845298
0.693460864291855
11.74145392312417
0.9973086438348238
0.0
0.9282455144257906
30.515836919788327
0.2941220967908665
0.0
0.0
13.49214872754131
14.654200565087503
1.1505082449875494
77.4186491211608
11.221095949876247
14.583495510092938
4.3503035694875365
11.536032959484324
11.89878814532476
6.46124026582109
0.0
12.203282388464933
0.9678293293189829
26.821676788112992
22.693400119887567
0.7173286324388202
22.265478074200246
1.3116633539932463
22.545330308615558
33.454882751611315
0.8824924767175056
1.2524585485193767
0.0
69.90944843381016
0.0
0.0
0.8585950772376882
2.3979956693672277
51.976033653297904
0.0
0.8980210937352925
24.67635290274121
0.0
0.31997364526952266
28.59693382918001
4.535270704897181
0.40600182337990987
6.509009508837184
6.721119020880536
7.063612405721785
0.8951051812853492
0.9523389415357338
0.06976657671131717
16.28362686720769
11.137879865708546
4.1143534401628985
1.1357336355889966
0.883323408725245
21.550138546771016
0.9103335467399842
13.385365511573752
16.96543207669846
0.9498932521594583
9.44271076059185
66.07799864430048
28.309567693381965
0.9519279589208397
17.499147859469314
18.93310216747643
3.216679803223781
0.2338756642580388
3.0124468106577726
0.0
3.602406367241796
0.32440810292381367
0.0
26.971841025381885
1.0344513253647942
16.63225860417288
26.072452038319113
26.656353961931536
40.73557391391626
0.0
23.75133492210282
2.1301686357572676
3.239815676308443
18.981142135214956
0.4853872428398113
11.442864292900742
0.0
9.482959296510392
0.16490822088989943
24.03686268750721
28.446615679031105
6.320298692172449
0.0
22.03753929241236
7.514540501533036
10.568986827842272
51.502707923623774
21.3586738484512
7.3537596517229815
0.9255245602760467
0.0
21.33238798407034
0.0
0.0
0.0
0.0
58.32993927996216
0.4780464890047602
138.93479654155934
73.10051371470611
4.678563726518418
0.0
2.417304099078141
1.192041514622313
3.823137080584357
21.100715641227637
0.16428220732022547
25.34910812888585
3.959224754842079
0.0
20.61417846333148
24.03318812796457
2.156589486462628
18.449715110816427
10.176564744336616
18.332419898021403
0.0
17.569736804701442
11.976443281883823
32.40969170080502
54.92949314055194
0.0
34.27972725582105
12.706913371126854
0.0
0.0
1.0822548145974749
22.880684450175437
0.9163546485734604
4.449048322079153
1.0796594137253863
382.76962750669446
36.882605722317784
20.186350759058982
23.876536816995102
9.254610997894723
0.0
22.250882697588153
0.0
3.314594527001244
0.0
5.118784073080012
0.8857828691630864
90.4469470920951
1.115960604031596
9.673437512046233
20.273208913975058
0.30081616524172566
0.0
37.542461266740546
11.64120273896458
31.212733948649852
0.9114657324099997
38.20416107315495
30.432789380510748
10.188025735528358
0.2387963026388492
0.0
26.14633186660703
57.79091687899345
22.475507902823104
1.1507211593529334
0.926088056049036
0.9017372106943519
0.9702836620358225
0.0
18.18886419349502
0.9706280604994397
0.0
1.1297179738762935
0.929927258316449
0.88693900271745
16.774444168647893
75.57975470633232
10.502297921798117
0.9803444241640211
28.89320210679802
76.57342422542983
5.346976273380812
0.9823705924461221
31.06844584799213
35.57424018072596
4.656136905301231
0.0
39.22698371169373
0.0
8.85859170464767
0.0
0.9312496727722065
0.0
7.884680326886595
0.0
0.0
29.114015635243383
19.491342552338395
0.887196539819185
32.02525105487802
0.21388523484082675
41.67448825868979
13.332348489729249
8.520931504724839
2.434220744160606
34.793633429058175
0.9494759820890251
20.77040870562073
96.57076505112897
29.187674670531777
49.50256050370501
0.9344460592613983
0.7456056240443701
21.507274861759804
0.9154197782998975
24.433751337706433
0.0
17.080861595648624
39.12455592798092
14.55517330264937
0.8804939058948784
47.42997849733895
16.842335915408626
1.1268672163256375
21.36450473420834
13.830817449868695
0.0
0.0
10.976333105872564
6.821956793279574
75.66187174191992
26.648806409432805
61.32071452917209
35.96612690497867
11.40898999701924
0.0
0.0
13.937742885237755
33.38191823559573
16.523965366988598
83.29162865694676
33.925257962471754
0.0
45.69876449011647
46.18551609359189
0.0
45.79699593076701
67.14419275240309
0.9526878334657126
12.57659686134241
9.236282582789856
12.474240234122995
19.917204249613892
31.4661401186438
0.9318084005773265
34.38079305542099
7.316243506172462
27.81994803560676
0.2898045287935794
26.773367296300094
8.522509251681765
19.358930950867197
0.09698919382841933
0.9498350196646717
0.8849948802220919
1.19588527818229
12.148063032101952
11.655579381049227
31.809249725190828
0.0
28.8142912631474
0.9304291519419391
0.9051943692519773
0.0
1.0102092086676142
13.4862600656008
1.1224663503701393
0.9954559708092112
0.4484931241415938
0.0
0.9188164452737079
0.897497588895874
3.4225299774794236
0.9385955961914741
1.0365374487824779
1.21125610434533
20.093954827451757
1.0040202181764986
47.63557392473857
0.8441117923333172
0.0
0.9167667955526329
0.0
37.27109303935139
28.86132562908789
42.82731848889025
33.30128538567915
1.4049506586331562
5.232884301301361
27.15373056165902
24.42036822064302
0.899345333841445
6.608398549362431
39.49630721645579
2.7279036716323266
0.9627958119915963
11.08908323218295
52.84217078509881
30.084597392281797
0.8501910670018402
0.0
28.861828149044612
0.0
0.0
56.154199134171066
0.0
0.9501185880476878
17.5611685437045
0.0
37.07999110780273
0.8984136599783805
62.64293407835121
36.156128425418025
20.45204928725245
24.050330906183817
0.8601649976496833
0.9140592574895086
0.9490315808385756
25.331550223596164
30.15517378492496
53.28665489898322
4.384157544693849
0.7048817081702337
10.299336537427763
0.8675552450232368
48.96073479161133
1.13310294459647
4.210604852546008
13.104537227664302
0.06981737036106943
0.0
47.257485336089445
0.9268329764568903
44.54238760445877
19.18982961292951
40.71235650074935
0.9008742065858434
65.47438674970243
0.9855994267618705
12.419956284072821
0.0
5.083304840975653
0.0
19.090600909682426
0.9527888848866186
24.77127443669035
14.445457164290188
0.0
0.0
0.0
0.9256107513369605
13.52171779442991
11.70469737006918
0.9664108440027124
0.8903923285459654
12.60340576823172
0.0
35.53104911500122
0.0
0.891158220179393
11.847864541313003
21.413883825529915
16.62081176432326
13.467353761779005
37.13336776591337
12.587684327478236
11.419985693611334
1.087153169314416
15.155626066448963
10.014412089389227
10.982156469831693
1.6653158591940338
11.880104339304715
0.0
29.633561281057016
19.9472736566422
30.29902813229662
0.8555714507185246
39.97368757494311
0.8549742902676454
1.076206162548597
30.504599226302926
28.465529902072415
27.073324124546236
0.9090821895364578
22.310497315688426
0.3634703866631759
12.368915445529376
4.157987431841737
0.9125649494544135
3.36712443708825
0.22850166784713483
21.190920006358507
21.263388587928883
31.674828494393555
0.0
0.0
15.304065597473185
15.355110842020169
0.0
0.9120059429682226
0.0
25.467952832561306
0.0
62.91558185706407
0.0
28.164275771246338
19.32973041828982
33.970958473575735
0.0
0.9673719686714294
0.6145093316575204
14.588790370992232
46.30256991657443
40.93544747685332
0.365333255791872
0.9678862728963924
24.1873660137755
57.895322832055996
48.29984899325469
0.0
0.8507577872784706
0.0
1.1936102264732984
15.519067335145747
1.5830058861355716
48.29557656046001
10.663050116945817
107.29289796479367
0.0
0.9487768486733996
37.95534646826712
0.24864577486565842
1.206920439888114
17.86948915359052
17.338694405195824
99.4517260890947
22.52933707994794
16.087139594655437
24.36414498598706
15.981284213050872
13.375224858096423
14.837482587308338
34.91118381316207
33.85023961219646
15.219530988164463
12.275656349033591
23.462058824498488
6.454498666352581
35.27724743805229
1.7490070206489539
159.20459522889809
46.419532541776356
0.0
0.9577465079908923
40.3220568217147
0.0
23.38330129768143
17.7601138961267
0.0
0.0
22.344691228415122
77.03668072448082
4.965622625331775
5.174115475405543
0.8927455789062196
0.0
2.6125710290827273
0.4996935116536481
0.8768894104939817
1.0237609925969733
0.9801070209322063
1.7308557937858482
1.1685055416926438
19.47087549616695
0.9580889162888809
1.2621528084717097
35.99127040285476
32.508541376973675
0.0
0.841038431735418
23.455308740413578
0.9833946289683193
10.765294757753987
4.645931126040524
27.22848177921914
0.9821200270800454
14.101421464453118
36.58775837921462
0.0
31.135135120145286
4.9078733186899255
26.277197553995567
0.7730739266901941
35.80728916348533
0.3002638846908851
0.0
5.020801523808024
13.150654865650022
7.027974645486964
9.178025737208257
0.17447126761152904
8.45262964185955
15.922001693193552
64.5104211857327
32.109026073433164
28.123555359732755
5.423752316064935
39.339928511562825
18.572571846070556
10.44045703758672
0.21636039522334927
30.09304369237958
59.90302735599771
16.090224607011734
0.9161199676452998
24.755957245981797
0.892825593837574
0.0
0.8960767454720789
0.0
0.0
26.43990278606626
74.47580496574069
32.63157571776743
0.0
0.9728581638498445
95.19562966386921
107.40506980070741
0.9495387189140698
0.3152066110345373
66.04085552953605
12.764887149473255
12.985910117593438
12.996674722286903
11.431990458926053
0.0
13.201512864396214
0.0
30.705068952647526
23.12510921116902
88.95288211931614
0.3683980548298834
90.2273460196806
13.863042425734783
0.0
15.313208212373043
5.2516450679290045
25.077481663849724
0.0
0.9166762512965565
31.31444320867967
0.9730621254468037
0.7505766008011165
1.0906669533852995
0.0
7.6754248148636375
0.8904250647672122
0.0
60.009047521942875
1.2449544310978276
30.35876070969636
19.36600680607892
25.107438434190748
0.04317754678912539
14.797982865309226
0.0
43.671987578327254
10.90576357606314
20.977498570858206
37.23804715740947
0.9770815609631858
0.26256752556197055
40.85186810800522
7.7518238222992055
6.246665018929409
7.834742207625733
1.2916998518494565
0.0
44.38428796504743
0.8889981193685123
0.7654272823428544
28.867163005680865
0.0
0.9075984886054684
0.9345042629376947
0.3116913428815006
0.9572838897577687
62.4708644725627
0.9067312117507315
22.39966356113327
6.905956724430823
9.858497614987892
7.279333866408262
6.0068110516735675
0.4113487704019891
15.966037771378698
0.39692336860631583
16.118589182574322
0.0
2.0838416348844375
0.9623872730795773
7.316900500112185
0.0
4.223557573774422
0.0
3.6355757196606473
6.777216694984009
5.481784521373896
6.349406541238009
6.452768288845482
0.0
0.949580329325732
1.9849224357401503
1.8678825824599807
11.215216051863324
6.7530296762632265
8.768598815522797
0.8894193458753245
4.550267424548001
4.140415899353614
0.0
0.20300593015308477
0.8908211729909126
0.0
44.628542551248216
0.9263977275378152
7.558190215018638
0.8999754239981559
4.849304049717375
63.91930293752407
0.3939306230307641
0.320063939162007
8.51856924604323
0.0
0.8639752938799783
27.33634215403216
6.28042301116242
0.0
5.9554316678625
0.0
0.0
1.1804943879215444
6.539817543306232
18.378911470159522
0.48546406062794245
0.0
3.2512819114263287
0.0
0.0
27.187804731697714
8.903679699601549
31.772269964056612
10.111356111473237
0.94084814575812
13.20819079410972
22.92402414773783
0.8892989675486429
4.848308724636162
10.095485290313537
9.815075896970612
20.85460066939937
18.7820501204059
0.0
4.30514359304392
0.9291784330161836
10.971741841204349
0.9272175745393256
8.041864363829067
0.279899934857687
36.12515776838836
1.2598966082825707
12.769020842189608
1.202385984667389
3.0728817518791836
1.1395205559216728
0.0
0.9779153661751337
3.545218279890651
9.688598148207095
38.91782715911959
5.188299087673317
27.603466654572713
46.44852601334474
0.4762647247829601
0.0
9.418002345482043
12.458887087659562
43.26187744780672
2.412389478374704
9.521641535553291
4.189044979894413
24.35798624139466
6.295683773048209
0.0
12.443859567922205
9.300455937101317
26.87903952243307
3.9196378055220404
21.243667233591218
15.558968002447287
0.9797042613112594
0.17880133572314566
21.90341601329489
7.37584787230359
22.116659091716294
9.163788937555623
0.0
0.0
8.094068942349304
24.55858837601061
15.93417411151821
231.3685467669804
0.9055780990159692
0.9354080191743922
0.0
5.400089862381258
23.505767461253907
0.9419910097845632
0.73335734204267
1.0278258515114111
0.968016989677826
16.893048476783104
1.2241050687619472
0.9771091390347942
1.3529677983978363
0.9041953381686906
0.9489451219999053
0.0
4.151748641586987
0.0
154.7759558107956
23.00199232876023
0.9287620276134094
74.28948674397165
0.9039358853499249
47.59308027138482
0.970234493967923
0.9424506769227061
0.9314633600462101
11.477970222830567
8.057362840208645
12.333275929533563
1.0473246379638668
0.895702183239583
14.090810708020886
0.0
45.96708965247386
4.772837451181316
20.681515045606513
0.907337222793775
32.25827657199221
11.229052131702637
0.0
43.10043590575317
1.0852629881496565
0.0
20.646054584685533
18.89997759761836
49.03374850935243
0.9415548276502499
0.967701052313638
114.17949202682138
0.9216919469409658
20.769822050143166
28.09331725829859
3.8497236825908865
37.719186223237486
0.0
24.495167403125613
9.483396273431582
0.019533932521206197
33.0890912609025
14.676604153959858
56.73485594518957
27.853562387780908
0.7878618947974348
17.188002895036636
25.319674394360664
22.87787554620351
11.329560585099536
0.0
4.314861944918057
4.766442977523789
67.59222394011316
27.084400247250617
32.19770978755173
7.3132520162435615
24.25716077665101
0.0
23.86543186864715
33.075864700366985
47.094771584108365
22.666405357961985
0.898151967692136
10.699224906756134
25.24387142801853
15.03669996915716
0.7282268594398493
14.187645524312519
10.063149871404706
1.743944648064037
0.0
15.054444446119165
49.502949945598004
13.365877453777726
35.47146136204463
43.76883949374988
28.0459003745358
6.979497584983225
0.6871149282928063
20.578863819363075
21.27349255490345
5.852722633931358
7.975711737124488
0.2734911740707585
4.567060818595611
0.90595435397437
13.897642254956716
46.9213599183734
24.541967161484745
40.17160922879231
5.312338659456964
100.37361242262094
32.037581815120106
13.09330200885108
0.8565497255815486
37.63972178484049
0.0
0.0
16.489365906810228
1.3551118370599953
76.56259474642518
0.0
16.632444100683365
51.1730501591452
1.0196427424188415
44.135724296079005
0.7080275091316448
23.914434108259805
46.18277168292853
0.0
44.10449555100214
0.9329960892442755
33.00593557621087
1.0663454114107958
8.269892526232018
20.57882443791312
18.23961043886125
18.680853491509694
36.147946375850495
23.362551665512694
0.0
28.069964269678575
15.684047825726461
36.002408273094886
0.0
0.9042668783670731
16.62013989615431
12.230654717856805
0.6611381918546515
77.82286149706631
51.391170403752746
7.214033143670235
0.0
1.0048249046517983
0.0
7.9410058917199615
1.1910966834531458
0.9334314283585372
7.25670581599216
0.04365121503486345
2.1709980965046114
0.3986438019199407
5.460784940564845
0.0
9.650869833214685
0.8521326805568504
33.688346700083585
0.0
0.726168270038472
0.9147588612377066
5.7830706142338135
1.2460387476531658
59.5874897342065
0.0
0.3643119645948893
6.473282571518938
11.000056290564068
4.673145524606821
0.9132651990609387
6.19187870095122
2.0685124709651244
0.8403144869239663
16.218734382704877
0.5024889309713896
6.650619102922384
9.33490908614912
0.0
0.0
0.6152686249696703
5.453960575167948
28.49959726310183
23.464989814237214
9.229026809207419
9.365899686607884
5.384142868739284
4.443825419738851
0.0
24.988504724739045
0.9416803728544829
0.9215689902402826
0.0
1.2494605887813373
1.1975897630379062
43.799961368076204
9.25936699415048
10.588833930820046
1.120733384858878
5.07268383716341
8.72727266358585
6.904206453338364
6.445226382030375
0.0
0.0
1.0507500497407118
0.9419417748095267
7.468104146466781
4.662505971266679
0.3625480596210211
0.8891912431816921
2.6671333879441868
0.0
22.119036676610676
1.0341257296978792
6.978297637171108
20.952847061706013
5.617102238680536
0.9687952325582755
1.2974056947777903
5.386894658359768
0.0
6.319139088775875
6.182474754907313
22.851840273627726
12.55135984783628
0.8621459919523645
0.0
0.49340390135837686
19.98368519861466
10.831890976944369
0.9522372728273797
5.378417618438897
33.87960493051631
0.0
47.2170818949777
13.375637535340129
12.417749747349752
2.192550428688972
3.817655245126786
11.823086530921609
7.813471449833292
0.0
11.934760424406177
14.23967955564556
0.9382134404122895
15.900917489583454
14.241846287445966
0.4853996921621272
11.099723545532498
6.947592136300568
30.95173989281659
0.7108565525196148
0.0
0.0
5.234762236093283
16.715705826719105
8.763687232661965
13.782662419888457
1.0147129404592512
0.9540148241441088
148.87715356839166
10.363565370055777
10.82025877703354
0.5915110283108996
0.0
15.030543380085161
12.231105782092706
6.101083161132224
0.0
0.0
24.305087588288075
0.8912919346775513
3.4022255982139753
0.4079984532973583
31.84403564418711
0.34169968599408457
7.092259246288231
10.040960270338086
4.194588521185703
12.471647651464446
0.3523592451511055
8.191815011968957
0.9555979483179701
10.744016586875812
10.98972209577342
2.4836710497174086
0.0
17.093448151727337
2.4217731097704807
23.582834627069285
0.8909359360682427
1.3347842144143205
16.255735924035022
19.772515586848424
0.9575922795822744
7.9588900245784115
0.7016058510734996
0.0
1.195945899933519
0.9661589940427141
12.458540951663084
16.797579427525676
12.586068240275386
8.735588426847483
25.56501321665557
0.0
29.406428388497435
0.03283122816070598
8.259515531697675
22.591363747491876
11.818595967646779
4.76417349624063
0.20056321112705855
4.743468337517803
19.670095957487792
12.257243144844667
0.0
10.765648380407194
2.646232749145309
6.10326864044453
24.199959939330743
8.868509853044383
0.6915468093007289
0.9590046918194167
10.54104037925835
16.23980433737859
12.64469307117241
0.0
3.292767144713373
8.47305661738123
4.6165030467876225
0.0
13.746665218600777
0.0
0.0
0.0
0.9611495698700849
10.962576543474777
12.269730558327474
13.867608334643695
0.7245264526917173
0.03407232407658736
6.996729663582551
19.373812933173802
28.42727455428746
14.5117104488539
1.8351306316189702
3.70727120479609
22.70431983061269
4.650474783877592
20.367822726174303
10.839644251118754
13.79506718211516
0.8824107428227259
20.257502728776974
0.38877460486436377
7.242890325110892
14.216611796095366
16.312731694742734
6.6986058192878435
0.9231651267122246
0.8602549289297803
0.2238840730437921
33.52984001062025
0.0
1.8441403377044476
72.84225188400308
0.748218646745113
24.237732684960545
14.240579307511338
0.0
10.238048463386928
60.218137628148924
18.13975393799872
10.501074275414027
103.84826353236885
12.413573854825176
77.27961073574448
0.0
0.0
120.01692351740542
19.19575045598389
18.43506261912363
8.703562717240247
20.083873303258567
12.43029913374117
5.358063720069209
8.793828331242631
0.9448165592596177
1.2225991166880434
36.99049958560225
19.560767283947133
22.17245357438295
0.0
18.538320081177027
0.0
19.385947807854272
33.913926258003485
0.832918160332673
1.7940959098128921
0.0
16.90474216993918
0.0
0.0
10.402500741128641
30.67687692396698
24.114951275931727
22.807497770034477
0.9023725046873943
0.0
33.74947897208554
35.88726390665589
25.39602350810281
0.0
18.326878240251492
10.745628724850675
26.629194772125096
21.45253033628692
0.9091411753239166
11.227151936685237
76.78808616919764
12.203609909933473
8.649012076168503
111.08958845321465
35.58640202355102
5.5595155494349555
0.9572668344236894
12.109598208837937
0.0
0.0
14.607079285982303
0.9625339601370476
9.555218206346995
0.2953151707268226
11.861816197594603
36.99913007302244
81.91323341136724
17.093110667433503
4.137016965391779
35.82179179706643
30.3059142507524
25.651383648673896
6.752066728650931
20.76514075134049
48.93874480707725
5.3245784172313755
24.443353160419367
22.70641738500601
0.0
1.449313831130589
9.003152932503315
34.45196803123472
0.0
1.1672233431552832
13.971576919497698
6.572348925733949
0.6645654743714602
18.65959907977599
0.9110822069559406
0.0
0.0
13.973262287836079
42.06001677437374
0.0
12.669932878384694
6.788638116986026
36.418606009985055
1.0987108879710248
0.0
33.31653221514177
49.513846013720986
38.71247333883882
0.8941744856039395
28.829335470166416
27.916390912716082
0.0
0.0
1.1895128406376665
0.9409927945051305
3.9487812790662056
0.6174660912148799
19.579343426071137
15.223205190555694
44.306494894485446
0.0
11.67652490165899
14.953683850272855
2.0660456199577677
64.98253119770068
0.0
0.0
56.6669333667673
0.0
7.6647533526731255
18.723240199541767
0.0
40.67221099802738
0.9436771036866227
0.0
6.933035721561276
27.71334292570492
14.735054516014385
0.0
22.53158905755512
31.141825049960907
6.383046865870493
3.303630603873387
0.0
23.935894936013284
16.757730367073535
7.105194343623391
11.004832217001853
0.11578253273505204
39.2228214209126
17.477635111064618
19.289426624408378
25.84132815055443
28.645427539755016
38.95961623501379
19.58745196564736
13.244044807490422
21.57260086001504
36.672828442758295
37.80164433500812
0.9658745680097854
7.489184609910647
8.335845620200056
7.276081549728326
0.0
18.664626605572277
0.0
42.10500201988324
12.631685798931157
7.053762853931732
51.86907097988997
9.930026241051996
0.3921461307194891
0.9081197991985153
0.33451361554761694
4.751016852991644
18.781649514301424
15.122533272245734
1.1230447679955993
6.621196328064386
0.2215846165971383
0.7076181903849811
19.08085201269409
47.88014911948413
42.65271160914414
5.309754404180781
16.89472297415914
1.2382609201423704
10.867349652940538
0.0
1.9275956061491974
66.94771274891481
0.0
0.0
0.0
0.9331505749726847
3.893514279731476
0.0
0.3404537608231406
5.262536979413673
0.8569402396254275
5.658733382962518
4.764545768302327
8.342110861185175
34.472604130094346
18.222974855100123
6.017095459987036
0.974967216517233
16.94181720548112
21.793384236193628
14.325133695050448
15.663537407512626
9.649171900917219
12.73608251660478
1.2040967671617375
0.9221684878350477
12.942430027900802
47.420088114132554
8.52108381847829
7.8731807175822
7.008776702793196
7.311027779821944
11.038340289646719
9.688936247520388
7.373603893925736
4.6671852602114745
0.0
11.816808377454366
0.0
0.0
7.772575893897752
10.77076819860648
4.801678272063906
5.992934647440571
21.485105143038755
36.83732329222013
18.732875894472034
0.949640223235034
27.59845279895288
13.78910422835227
13.05786001983994
11.651790541742438
26.38340570220126
0.9525389459604062
21.357341310569616
0.0
0.8877072401465107
11.212820802844151
69.8934270137954
4.2478192864418824
2.001995526970489
0.7540827294178951
0.9190761786425571
0.0
0.9282904616411323
4.704675831031999
7.904712080952884
45.04804183091016
6.893335726148727
5.011814037721154
8.257334900017463
0.36257347523013006
11.38561377638457
8.057333100948197
3.871843446734046
1.7794744736651844
1.705020958923406
0.9067112835562725
26.02692018454949
2.7639076380877574
41.74653811938512
4.035592286821466
0.0
0.9235859188933698
0.0
10.229322566652847
14.590638852340298
7.774364306861545
35.44347850512593
7.007588135415957
0.0
0.924048696013465
14.449878626192842
0.9390796144474222
0.0
60.596924732026054
0.316701199410168
24.203050171605586
2.2305473508297413
0.7033979537293238
0.9390361993715364
0.0
0.9595077160242451
11.747148245287027
1.2035011759648797
5.104567437082947
2.223329809993294
10.214332530632033
0.039703016756025805
1.3272690158635472
4.02364844711632
1.107572182584012
4.692127303971927
28.958488077512865
0.1812459079292014
1.0880385807244388
3.5647287546279163
0.9662838120821732
0.0
55.28276135688338
109.02193150338425
0.0
0.0
18.986223026190423
2.3710629875154705
0.9389821049166871
0.0
8.745369139263111
9.012545021885417
2.2554774140282436
2.613615425176806
4.159666481734381
20.12668025134412
1.3571396231551855
0.9564051335271277
0.9306590425842071
24.03751148850113
20.33563158779958
0.0
1.0130537549645753
6.5897111919943026
3.2760785811348145
2.5935688218477155
1.5377528793303339
2.4339227799518866
0.0
0.0
2.724932324435796
23.930455409304013
0.0
1.6039356848383928
5.384872537169237
4.890887572587697
2.4748271182744688
0.0
2.539839565673041
2.665929055331165
0.4089878630889776
2.5317430606067672
0.0
6.356287148891298
1.2678404589347387
3.2750228595734154
1.0110071116591008
35.759236522086496
2.7883149979620705
4.965907857315452
0.0
2.8609959368718982
4.958853342368177
0.10626651887920341
4.719224857015409
4.517556170802053
4.252080358510484
0.9188860024924996
0.0
6.318115358946948
2.2653596332246733
0.0
0.0
4.7667682866075225
4.875564117273671
0.9083144948691954
4.0630126903855865
0.0
31.547047806869124
1.5207650807594604
4.798509502163864
5.267639893222755
0.738377130350546
6.033185755505181
32.80754410743989
0.0
0.9548396517680207
7.958084602908765
5.370905500035731
5.1149553740102185
0.0
7.53996691769678
4.506938632168994
0.7086538042857619
8.843922865259396
0.45270130413703846
95.04675803278647
58.40498538145052
17.9876087672291
14.208721350334784
0.8526749634037613
7.882374504831822
0.9619562486426966
29.485435302599587
29.634205430677397
11.015127587002802
11.990833604571804
30.30760281410386
36.19514134402497
20.04506207046837
31.19217016400159
8.273789874758195
1.625284342604551
24.958854734676873
5.14713816470798
44.571899351750254
0.0
29.197821633611053
0.0
14.992450467118267
0.43386827721852034
11.250680972341925
36.08008456323438
27.5770691112355
0.9373284097424176
8.18312453061617
26.47524860120518
3.2908186604177563
1.617277736364448
4.097409859039663
2.5709792590309033
24.835470368630414
0.0
23.312667180927463
21.307879944672454
15.901607783560408
27.0883346283578
37.62557682040837
8.337166647240158
28.245274209340238
44.81955847594918
33.94391397840494
0.05318831440848227
0.24431259619907328
21.068928842464437
4.058179280817376
21.58961284095106
0.5947569027027775
72.317079199219
33.366304554491514
0.0
42.710435678622794
84.03808879276437
5.820212754831915
2.49099741540291
12.639130679670526
34.680680176521
22.27826601061844
24.26569434187291
0.0
13.605766390913503
37.18971583060019
10.833071668710927
0.0
0.9513789516304352
5.150321552773399
0.0
49.43647703501575
64.75804726148748
0.0
0.9788656784148323
31.82178455749915
24.830933808781516
15.3477945891541
4.910340314070493
0.2850069630568327
17.165482035266034
23.514323917709202
5.007374260691074
18.675240824873665
11.620651456681339
0.03071081747595109
0.8079070434044949
22.75431032322926
0.0
0.0
29.4168137288209
2.142638611606481
23.702459350574014
29.664994066918016
31.553926643318594
29.855787562626418
3.219387809514139
25.593035673878795
7.691436791792452
8.054822418213025
9.393718918366737
23.432198333711383
0.16801817500448743
10.216348194310715
20.79391232566158
0.0
33.30978478872127
57.18203460877195
30.002421678102316
24.291705972247062
55.619865265752054
6.786578795528343
28.58019360454927
79.95891812370654
60.38586448261089
0.275335156564374
46.01336516931112
43.439532910777366
0.0
132.52045250100517
18.87329554676273
0.6417553907677466
7.459808792977396
68.61276377180079
6.642600060252727
1.3102520155473014
2.5818918205442722
20.919662349486096
60.382703413450265
10.925492525095468
0.039050686336351004
31.133622577928257
1.7712549430584068
15.199208607907483
39.77670080209851
0.9771070818222487
0.0
18.702917671688965
4.907139944584971
30.97404421484897
44.41665793733074
0.0
81.99640188915095
21.56672864288761
6.392577287353514
0.0
0.6039767332677246
0.35601541838294265
20.115567776744292
0.9564848150427128
14.459703888327985
0.6276332168122888
0.0
0.44742752016072157
14.13849670836198
2.4894797389023107
0.9157096703617511
3.7334472223633894
0.0
15.970921689034189
1.4520890535126765
1.4420329685790247
9.761805942145328
7.95947092071704
17.441166494220493
0.8156693543731423
0.9352682915913612
1.0737132170671198
0.0
0.8914025153375211
54.14553192854203
0.9003547803113217
0.8580022395993299
0.9836442527133916
0.0
0.0
0.9337213094427214
0.04443751661977351
0.875037487618448
0.9645817439097667
22.39005480388417
8.155371382359045
0.9421840717602055
0.9305804079535133
0.927568867558242
0.8289304597104066
0.0
0.9219482781682529
0.0
0.0
0.9348603959595684
1.7069382010377503
0.8497347424678808
14.982725320170609
15.421174849991123
0.0
1.9698275753574146
1.4504713618072673
36.11012504430505
31.000319683953926
0.9049288117701204
18.237673267135424
3.7499750438630715
7.16137284115043
14.970597344808773
2.7320914142710935
19.437996603389532
0.0
4.080680412901174
1.0689157069728876
1.9579225295424674
11.386051222555736
3.829019965855935
28.832530927072977
0.9474250391423858
0.5514177555306505
17.229319262182376
0.816963026322752
0.9651423748844518
3.495616975977753
0.9197795521629498
9.115665461282259
0.0
10.605432816414432
1.004101426691393
13.754040396411158
13.385775308048586
0.8947791652066983
0.8423174672584491
0.0
25.972644402636448
21.902993853465063
0.8944476903394746
36.60833421337158
28.04858235725043
1.0406338392806855
46.42181582645075
0.0
50.35013375512936
0.0
7.0535244021147605
0.8912911440954524
6.650690884957843
4.4994959925323235
0.0
0.615805977706026
0.0
0.6766956081457396
15.472553720361935
7.266757052225096
0.0
1.9991438703775282
5.559358534816909
23.381978650160004
1.3654439283114264
17.300304260232373
25.44036348135491
20.47294261597666
5.02952474834846
42.99208492200431
0.6214822114852623
8.67899523808995
12.546983615506294
28.640844486515956
3.6228521430749763
26.607931334831633
28.990906364136944
32.836252466689885
34.12051550101121
1.0868580898542186
0.0
20.5210639990379
8.338179806942838
23.967679748185475
0.0
16.63723820982645
0.0
14.041964530086396
0.0
0.9573908967534931
9.584638655063078
16.239269319071546
0.2570472472233658
7.678413440319734
1.326513142303982
9.045288255239
8.554594237594957
18.539774637836008
0.0
20.22052956238946
15.3840480803005
7.804109354672438
25.476962287614626
11.680487659824768
10.621516679572403
18.443606570276035
17.321615118202946
21.85409058100887
7.970767860122657
22.442315151647925
0.0
19.762146283921574
1.325018245532016
25.863081536081665
0.7431414855622214
36.340644842731216
49.18469095352339
20.300995087886328
10.927566116052995
55.993141794609436
0.7857270491756286
20.735667120305777
31.16352425178752
49.00841673309056
20.823701361116584
23.260474724441927
0.9380172249107321
14.54653910329391
0.6591448994168254
2.186591805378668
14.968079574551668
38.06864264927461
18.925405917355153
0.0
56.99729424720974
0.9639861295784549
16.04832343031294
0.9344814152592286
0.8969631598869826
0.0
12.407738775673355
0.5833270324751185
44.0398369332016
15.597257653262607
13.269987899396524
0.0
49.15903750355923
0.0
0.22566939477278425
19.879946772643283
12.058601581148348
0.0
60.73695986328126
0.0
24.552777373338962
39.07413295046822
16.478808639418574
36.55231895339159
20.248562441065182
0.0
12.90567138863871
2.2732037290440275
0.05691688458682677
6.636345597029872
4.666226602939473
0.9212178475420701
0.0
2.045180017335363
7.917604599647229
0.0
2.325884457297743
102.78512988282795
1.2797468822224956
8.772486560254078
0.0
0.0
0.0
0.0
63.65574698867974
1.2731144696234102
4.442837823824045
4.873681411461262
1.474705075064636
0.0
36.31204889844108
26.609193591641702
2.9475419366694955
8.584509922097784
22.143332520300294
2.149288831463775
13.466840621757976
0.0
6.28924810486047
12.232121592207662
19.850568203904412
18.56036654276708
7.486371120963769
0.0
11.852921539635727
23.40714956813375
36.28593341777286
62.497317479322525
13.019794219853061
61.6762969949715
0.19420431403672203
5.265617955200477
9.894032639712348
22.20629995754623
5.3246376318350706
28.08983200930178
27.08947921893418
17.985200364468593
1.5208803386185343
9.640341583042822
9.042775382219311
46.01446527182487
6.571203404239983
0.0
1.3113828232444216
15.834369092822536
43.00636889007007
5.628345055523919
5.419693910974986
0.0
0.9789892127631035
0.09125973907513044
2.0950004396715456
5.791686305013609
4.137643323378088
14.578954259680321
2.4910045252368116
1.2732995362299342
8.539811211423151
7.15055138930903
7.811763385029941
0.0
6.883846163008221
8.33511681179428
0.0
5.510154225911673
34.69420425063738
6.840110261599477
25.90738815226681
6.52788708630142
5.7613080597491235
2.2471680680952018
0.0
7.579591580134237
8.585967871109188
9.2222221375971
9.025153740627761
0.0
2.115411568859476
3.4839580560545005
13.122778114358557
2.0817393613676365
6.851876648003016
0.0
9.848238229032859
0.0
0.9367545038672196
9.45030721897393
12.104320257686227
7.397541245297295
24.304730131772374
0.997769236759917
0.0
6.1813113166195865
8.59273206413501
57.13523231649251
10.465709975133999
9.421966758440359
84.31390887256522
6.295461073979888
6.29319293882879
4.297489390394073
0.0
8.929137771184486
11.457206222559371
24.76411278110747
12.302205169453906
7.339947495303872
7.938417932247987
13.57964399643049
1.0183327151985784
22.317822799274186
0.0
0.3732079974311822
14.225109263676604
0.8558934735986403
6.891201131214959
0.0
32.611545865610154
15.276118382643634
0.9601070850198017
11.822344107818806
10.868238560630026
12.861279590262937
6.681274412005473
13.613986971489808
18.447691352166757
16.945917035965135
0.0
8.409452266178095
11.226016062355924
0.30538312984550675
0.9741406089969492
20.87071477306249
0.7284829245951951
0.0
3.7074149605711146
4.760335711356364
3.73843854840197
0.948371040024094
3.9696263858222216
0.0
3.6888396585658065
0.8636394905282957
3.8391404186914846
5.4061894211190875
0.0
1.4117263480170974
3.742085707082879
3.4816250563551194
0.0
3.6580770730618553
0.0
5.159108301572466
3.7697959816157462
0.0
8.879281936247883
3.89350361890629
3.791511984517733
2.2597245788053466
4.5834719229484175
0.8786959315001321
3.2816017058300617
0.0
0.0
10.372733738680749
0.0
0.23980423835298567
1.0591511511124985
5.428817870259944
11.928310263408589
0.722846661098328
5.836285313655238
5.058358062891179
4.78240089688865
5.647685247965537
2.0555605776945596
0.0
2.714751701642654
0.9385949973211418
2.5429864836752216
1.4608394277907506
5.216096563725489
2.0586144553197676
7.868164611196725
2.6229873272482003
0.0
14.003247293914217
5.168495000194624
8.806029530231013
2.558871611603165
5.284678006092998
0.0
0.0
5.559285934603235
4.152346704227748
0.0
4.454665476527805
2.689311537355973
0.0
1.3795468728324842
2.0788044079922057
0.2974229110071983
0.0
5.247409230933113
22.38288716954492
17.37690477501922
8.652054865151133
8.455361267352965
12.90039532945796
0.0
16.470677993885182
28.636927922166947
30.678674961928557
0.0
11.7263275287912
45.07002702327387
43.21425511810211
24.642172917593342
0.0
13.68429733517559
8.721434370889156
14.27974947963921
4.430452539200094
2.649423964466836
0.0
0.8886100665241019
0.0
0.0
0.0
12.978981035489017
2.8807779896131853
19.72932073507395
2.9061362240532573
0.0
5.471915510515822
0.0
8.111432404360952
0.3354168293770221
17.983556415336427
2.5523307184147734
0.0
10.476856973414673
0.9995316772479789
5.663982345123757
0.978925876142946
5.097507129189225
10.954812380046745
2.9538629570023835
2.3428962929075614
1.3018753729429045
1.8539855796442901
5.4414380263367015
16.610795948608548
18.818502425915486
0.0
0.6995343323204009
0.8859711788366107
1.310267808566457
0.2511194380203725
0.0
0.9270571164116792
4.954083282276797
5.309200530818936
0.8240559575526816
5.0351820743980005
7.677331391974916
18.485935555670352
0.0
22.936438800880495
0.0
0.0
5.350698022616363
0.9202736128409106
0.0
4.091356583704378
8.751431528222321
4.861154193867534
0.0
27.174194192079597
0.0
5.152975430785299
5.328491663748132
0.9511308308081867
12.702892308459495
21.698841761029083
0.962735724548345
5.337615865216559
0.0
1.5321204984100414
4.715924483483813
1.8135463262022147
19.077405026943012
5.650785820320515
8.509798945506068
5.646495234990582
8.569294724482555
5.3808058127647636
8.782159347032373
3.0741396307088027
3.0396343122334666
0.0
5.552217808120175
0.0
5.59917153058147
5.565785178244136
1.990840663280016
37.9676059641554
3.747229682444589
0.0
1.215150522858282
5.246945134956313
27.51819821143088
10.623712966841207
0.0
10.59742408323024
12.596343892529465
0.0
2.0104575527363884
1.1630992698862703
6.175811376301107
7.794921324653755
0.0
0.0
1.4590186588225342
1.0690598940013374
0.0
3.021034732216377
10.446072269600556
21.488446564369003
0.35978119553099
0.3514852094937816
1.0062907730120638
0.0
1.0278876084879196
0.9853289758917603
25.08785716521307
1.0293200871090793
14.236813253852889
0.0
5.841342310974493
26.962422122353875
0.9699535256622865
34.95974537223848
3.8158460616103356
0.0
26.58175444586856
0.41934484345850664
0.25509247173347166
2.8773268816015265
0.8968370457261629
0.9947941101820132
0.9116746183083232
50.28401126870762
1.1593495843086554
13.238415023472
0.0
0.0
4.979018391089733
1.3585891166366604
0.0
0.9865028637643737
4.766727298547615
0.03443514472373301
1.4864778062400474
0.7541215428191234
15.362994973677383
0.16185692036742355
2.8885243682857906
11.143188794485637
0.6116733689656838
2.5868395504894197
0.6038116146917757
26.228123736063225
0.8964104666442971
0.3722332600409234
12.932106198976602
8.291904832447887
40.19443588358907
0.7579266597280582
0.6367800430114852
0.0
2.9764722914864254
0.893500417358101
0.0
0.9460343607332209
0.960981901669356
7.650809262012123
0.937776500849379
0.9402818890125366
