-196.96605991474155
-309.7099111997764
-41.62963456210784
-463.6145539787196
-111.33420673938912
0.0
-542.2506570716143
0.0
-560.8610527288038
-2053.0675567082553
-98.10772899125305
-11994.325710183546
-476.81137007529315
-419.6335860781934
265.48095236710617
-6426.364578927345
-627.5872730328531
-196.32332461626092
1009.8198722343948
0.0
-830.1999024184528
-1723.729260740992
233.55632476926087
98.99955762336172
215.56357133540547
-609.9714221356826
101.9766299318228
-902.320234630906
100.0
100.0
63.08829122876722
320.12036547417006
0.0
-4887.231931911024
0.0
1251.8333812674384
-20918.89011840699
-10056.67461189968
-18150.597907616757
-8672.822164476724
-631.8554966414517
-634.607720677835
-300.3736798120285
0.0
-8306.613257963105
0.0
-101.09952062830361
-98.53044105423366
0.0
-480.1025117426921
0.0
0.0
-1970.8607437360206
-1990.4066985953232
-308.5464553313418
-664.9323453357906
0.0
-106.59562599369099
-81.66477711857333
-104.57363325398978
-103.11196212011335
-103.57460974601199
-24.97928876860479
-108.62527631534917
-60417.35311182168
-103.54204044323018
-238091.5968880187
-539.9036488298399
0.0
-115.29661999992197
-99.29933506619626
-518.6462310413594
-533.4158106932744
-657.8981746430945
-17635.51114974137
0.0
-592.0661090264467
-9837.91500176631
-126.82746715897
0.0
-71.02437391769837
-102.33133399939439
-22007.672682170203
-140.76337972968554
-103.43317016451839
-598.0319157221109
0.0
-532.508701398333
-607.0696580106398
-787.5642095242227
-259.3008064915466
217.518553999274
-164.89809397743443
-233.91339845635287
26.719153343569815
-44891.02264098178
1.2381361801976425
0.0
-53426.48243679801
-691.9138727971172
-502.04393515773455
0.0
-11.173246801379975
-89.36338675855065
-640.641157884477
-6271.073101629261
0.0
-9484.798679197607
-188.1816873819295
-460.44477158010545
-99.24979833905759
-120.33755301420167
46.31992535883083
-87.16451934852329
-91.73013637466204
-1109.6365190166111
-186.7763051012087
-495.77171496028006
-92.30913643552334
-134.00896344444834
-75.46093320678305
-86.88788320922195
-1602.042074002141
-1549.6048806969914
-9426.541027689791
-54.5124216603526
-321.56038579645883
-173.52382880859201
0.0
817.2437710004406
-187.4449666712328
-320.0454316192422
46.85302347610249
27.764111200547887
-31107.762363490296
394.6797548789616
-112.13489064914619
-77.00463241635967
-20609.56486042337
-300.24387158973377
-477.9552749029469
-6.169663408420007
30.54298518442073
-201.01548014391133
-575.7305967960842
0.0
-513.0215435394748
-535.621607514884
-91.88503410775199
-490.96002432651073
0.0
-266.8600387767061
0.0
42.64390578984717
4875.293983092751
778.4527259129048
1921.841225826859
-1845.5708571802843
39.263990470525556
0.0
-473.50983081893224
5795.727752602233
67.30068598346776
336.2050159391688
-75.05969923039085
743.6861972958874
-93.84593653504248
-3089.694789026037
-144.7500445369131
-419.65772845768436
215.93299358037842
2667.0061756485943
-6705.295346567869
823.3880768824935
1600.9079680446293
-5401.352503717051
-796.2017940191786
-619.6954300927566
-101.21741750850452
437.86926124011165
1942.7329440458698
1920.9991703918436
-25162.266017016784
1843.1185767154402
-1450.2629608158513
0.0
-1348.4012900951645
2208.1574597644826
-492.34940052297077
1370.3588304896389
347.0960797859483
1545.6120241516105
400.9290632187316
176.96414975462784
-80281.34673305284
425.3038335718139
138.40207489664795
-27959.06778265057
143.59962386965157
25.79100477278658
305.9728272371149
-147.10988212842668
-474.9425521792831
712.5579773955186
-45210.891383062386
-49410.18251453998
-100.08444651061778
-273.11186232696025
-172.88116128964703
0.0
-106.41700394283666
-101.54104523048939
-541.0249693389907
-147.28835496509132
-507.7241140911992
-101.21632757794937
0.0
-93.94099600299334
-691.7381635047764
-216.0873378305577
-93.41735182994955
-143.8129359621099
-22133.495976755064
-561.6711687694374
1474.9831148400795
-5.211910633177524
109.8488441952278
34.71397830182491
455.96868789970733
-169.2833134795012
0.0
-150.84102149253422
-106.88406074909332
-255.01905824026585
-123.77059275995516
-500.8854895660005
-113.77853091528591
1058.131117747842
317.07047234970435
-150.2296795402795
101.13238598221784
-193.53888245608212
1826.0595884034599
-3436.1627287626675
-595.5073016844043
0.0
1227.3483141951283
-545.2864071877025
138.96022249888296
-485.89791260939234
-637.0037051348318
-94.99445932815058
-162.352406102852
-370.91223864570065
-585.6742583154037
0.0
4151.966355449756
-456.5212936073455
221.272419081657
411.5790399518834
55.98813819236719
-4.319961267782986
-653.9416676281014
-619.4973729133724
719.8692345088144
-2498.311026872101
300.1035215244302
-7245.597067083705
-115.01954519547097
-112.83461314032712
-101.68655559344529
-2379.6668347386208
-89.23672460857038
5337.180767569094
448.898379409339
-1394.166039797553
-2186.2761868541756
-598.4684532545411
-494.54079643970965
0.0
693.3022167275027
-1073.6738117888672
-622.8908947316181
-893.8441935626272
902.4817354736876
0.0
866.9674312057587
894.1240024294038
592.9869785413758
328.21599630779224
192.15438932955811
-90.76244061003256
-3990.964124344029
-646.1753027608904
-29.936356368059194
-44.91788101393115
-9115.24508115827
-520.1862934565454
93.33362294941747
-1268.1342265264418
-2.3389320706841943
0.0
-63.115728666115274
-56.16488080596096
16.978027545263842
492.705652954332
0.0
-24.281132539998197
1792.863328398967
-524.3230888695336
-257.0328338472274
0.0
-1522.5948743148413
55.69757593954688
516.1679939749031
-507.2195989524205
128.88640604502905
855.1335117428687
0.0
319.42561956275426
1370.2021062562224
1452.8454382427005
-449.0025971302663
330.7797356402997
-648.4967421229991
0.1840460348309989
2566.604554513858
1408.7572582497442
1444.4470681263663
84.07570874714048
-197.12457515500193
371.84616148343537
-1227.5980776806502
57.25337652528145
373.74947250162325
160.52874147398438
381.01983102763086
455.73462427011964
-21126.33083299457
-1352.6081346056296
-550.0998062820165
-100.0260103643386
-29044.142215946078
2432.3617458116887
-3877.997497421963
-188.71331546208052
0.0
3177.34401684638
0.0
-500.5854784235615
-73.04584629789092
3180.583109342097
328.8217179912291
-94.41965818283288
-540.060359486484
910.264152152374
447.0283773907231
234.21395169661713
-56.6849224950561
-102.11149331398056
-146329.4924704382
-1357.8131463334366
467.70168925800215
0.0
1527.338742638258
-473.1237086615789
-436.27635374931657
-7615.5464516661195
3617.5155306174975
-478.14766744408837
959.3780303040692
-474.38833951254264
2895.7779851055834
906.8241786672909
291.6422720443983
-486.1253869898381
-471.39874857479356
364.7527209904217
-2245.483722589341
233.3926709656223
675.887058712388
363.69799382206304
2793.845027891762
126.43950177586913
30.933948972559506
-453.40363159843673
0.0
981.9370791492875
-160.35456226539225
-158.47014235534715
0.0
432.7663473823342
405.16356079449656
211.4675107693913
285.51020884324646
-17414.22756332812
1160.7454876572137
635.7167257323861
191.4796205802603
909.9677044553562
1082.2588687827633
-49.22326177379355
871.3467456676087
1469.5887479009102
0.0
-769.2665286643809
-492.0771228755697
166.61663183816603
537.7989596214973
0.0
153.11034557653875
-0.8185658641202167
1353.8195497431639
0.0
-63877.3258819498
1030.2500851383481
369.4233313663718
-16518.785085293996
-12455.878717910035
-576.0534523608005
0.0
-477.7035325763495
0.0
19.79591787648809
-12.343042851043549
-53.44362611862667
-2283.015761067294
-8904.591530060083
-1135.4544684144516
1525.1516235457436
-589.8476812875122
493.0713716008971
-255.25255939507156
-38467.273313657046
24.730901257624737
423.4248284222755
-585.2742059001672
1281.5464223992126
-1722.1140208478455
6.830743460476356
0.0
72.86149677375636
0.0
327.98433452278175
0.0
1738.5992483776336
2362.271734527519
-269.0893728915876
225.93825440098874
-2658.2612581844537
-1539.291401536471
-502.06041947918715
-70.21139154747243
-8902.178367938024
-1629.1630867869583
342.55406180202556
0.0
778.3113233795943
426.8708538402276
305.5200227480142
-17614.448369412326
127.57513575190211
-141.2062050664768
-149.0095893149532
114.83811572417721
255.88944765070255
-212.57929909893005
-3347.3088026005234
-1827.6096082962204
400.86201026891933
3922.432501793138
-392.5491647388302
1844.7139979822239
483.3414253110295
-90.95495067892907
798.1593877730451
0.0
279.90419533599913
-48375.21950793492
-763.2046048759471
-300.04639281347636
964.4709902195652
1342.3104037722494
-2902.3191609655923
-5275.022396548372
-144.78788618102968
3082.049392620136
-3698.339063705537
0.0
-430.0775608682045
-98.05665574630562
2732.145703867993
0.0
1981.4476491464598
-495.4019929521828
1303.4628416987669
-14256.842508478161
900.1794841237106
-2142.4506126607266
-365.4873550103507
0.0
2564.547037551833
-30324.58719201506
-214.42460193192207
85.0560650893116
-7301.793053343556
0.0
-470.29997648486403
-2787.652364936102
0.0
-6503.003572599737
-504.55205658958255
1998.3539192882213
-199.68044155598372
-684.1142110716628
-1278.8656623044537
-455.6082812613465
13788.745605095868
-3521.588206938474
-496.5929329528522
-988.699442005845
3470.0609142709645
0.0
-6193.569638852025
1139.573626585701
0.0
-5976.9682118354485
618.9643294937835
-2016.2161659832884
467.78839941222714
981.252028992827
-1879.9893105847257
-3325.946697657389
2.411545032763655
0.0
-415.22909562256774
2233.451594075565
15801.40580215661
14156.741071920569
-24.397710600741533
-54663.92189602902
4531.263008420969
0.0
8904.334837386012
-260.48176652229574
-3126.6008556435495
-1778.6681836580103
-230.59490507682258
9724.853878963357
-393.38415738211273
3643.6553654474014
8987.788114442397
1553.195047446857
-11510.039349240165
-1188.5380125375532
-2990.7469220241096
660.8366417707837
421.1223736504228
-14876.260619603907
-151.70890275588047
-235.60332145231285
-62224.44065417151
0.0
465.9575936220923
-510.4344280599854
0.0
-167.876831288331
493.26368592019173
-1188.6203516810497
-3566.669233865009
-3952.855300276154
-24011.590616127552
0.0
-483.4696483902415
907.4432132618188
-400.5666556757035
-382.4651543247207
-15320.399303926808
0.0
-457.1462363261983
-32437.647007395655
-110.97423123920518
0.0
-100.30464001287427
-36013.83178284914
-75.44963821024756
0.0
-106.38044389339451
-107.62706778014443
-47112.8708853728
0.0
-105.26845398698636
-1074.0780493834227
570.371863552369
0.0
-8466.478094514066
-918.7378522140796
3095.1656743415915
721.0218175009834
-491.55059667242847
1248.6689359757538
3530.907665084849
-194.64492771171834
-112.40259311419489
2571.1526676366975
-1565.1217595670926
-3582.8369437960564
-64.10261040293148
766.0334307560992
0.0
-918.9699747514885
0.0
520.6326591415387
-167.12909150697487
-1488.85343160943
-484.1646877421358
499.78632471494916
-3037.2003436347973
-542.4567163270801
-465.8930613529217
-1106.5768463822678
2991.2850854331127
2145.3367806194683
6217.018195272444
-682.3386110683831
0.0
-487.3476402931858
-1009.9311108160957
0.0
-123.82565916940135
0.0
-4067.332067524622
9231.433226096058
-2332.917967075435
-1152.0265570506654
637.152691715299
0.0
1491.5986822055402
-457.6296702704182
-454.87403804039513
0.0
5284.275722936989
3588.7281288569225
1589.30116896965
486.24052690082306
-152.28152669234302
-941.2096777321049
-571.7475381027386
0.0
0.0
849.9729502678254
-401.1441560292052
-775.5402801669348
1051.4785557286507
1029.1116965800152
-478.7490080370642
-169.52309538314677
-659.8820857133497
-3513.816358100234
1276.084709644718
871.0624425984254
753.1228116010066
890.0757448880877
620.3038226312536
-310.35172103705986
-483.17332569839397
-1194.5568138432868
1440.6871467477217
-495.5607237568832
672.6100579130404
2260.4250807984517
0.0
-94.6119351597488
-5357.794534747791
-505.900848014926
0.0
-516.9840587802986
-386.78625480257335
1236.4975964590121
0.0
4784.488268270501
-58372.834965651185
2571.514272803737
-149.04076509121677
-470.21251611962447
-2859.4771560790505
-478.14815241832264
-7190.888792635693
-6018.460613538135
-416.2401782590649
6393.21576281768
-13067.56694546794
23933.527995419718
17820.27566867714
-482.2063099910518
0.0
-8870.433368121207
-281.0019359297863
-1778.6925601458233
1585.8676665574803
229.6740082857056
-2728.4757564698343
0.0
0.0
0.0
-670.5892355563085
37.85116688577051
-107.4019903652012
154.608197935634
271.5403880102017
-120.86524353710003
8.380275622752691
1734.5119020443994
-510.70219381974204
0.0
-104.02743488486145
1346.961412882793
5109.644300048936
-1131.3308397785008
0.0
418.5214842152335
817.54097574482
1304.212702165881
-95.08809845268529
5755.2225643379825
1069.2951638368004
-540.2209435400808
106.0352531191611
-164.53026432315258
-161.02503433156562
-7909.647225252205
56.166186313362914
183.31587128655838
197.40024242526954
1586.7407744759269
-110.30514125814128
-323.55774597622315
-472.62572171204704
-257.19158867656364
298.06577397200704
206.85157856940913
-97.24559508343577
0.0
616.4978444310882
1301.8669142944973
-567.9166362158371
291.6548505607011
301.1257428913605
1304.77212039991
-310.67267413954323
-435.66538823198323
953.4601153635065
0.0
376.0738672486634
-826.8142703405996
-518.3880794576546
-93.20027919650687
0.0
0.0
401.3364729631835
-787.8290047155893
-461.7870500159651
-193.24146434467684
0.0
250.3595245635682
-336.58350338124046
-463.8045047379359
266.8100851015308
-30.467244396048557
366.1334785156346
0.0
109.98334683523706
184.48278059708667
50.008602189179044
-1605.5499866765747
-199.68197994975355
-402.9475651079026
416.68636222549173
-152.8249621555882
-1260.2139562097743
-10.832113847623987
188.6168496267889
409.3275525972572
-162.71500468043155
1577.0323731603933
-541.9497938172011
199.38392875220222
334.096847073277
-1957.4608391902298
-76.77048813721738
-144.53610121196024
0.0
0.0
-473.5193851836598
9270.013630814203
453.1500502191552
11491.221618257085
5465.83505823174
0.0
-4742.123015576052
4714.997909899884
-210.2346329349537
1598.615518558642
0.0
-1829.0306109945725
-507.721069269924
708.5699403223311
135.0249132462498
8.923454987825892
-197.8926153508005
10.48773260058752
-5382.384195389959
0.0
1754.2026383919322
542.4240074176392
-5272.240379994466
-450.8057519548927
-3489.0218591445946
3431.8864404162086
-6948.726469227042
-1361.817731349045
-413.96808865785806
6062.640378688462
3864.9335269074986
0.0
4272.186686962641
1178.7311283617494
1537.7065841969966
100.0
1095.7053711859537
3213.374287142185
0.0
-1349.8740614627648
0.0
-533.3239713708513
-428.62423304899295
0.0
2981.9369316913258
1877.8410028903318
-1798.0764943112054
12340.392466227308
0.0
-5624.606060542209
357.5899756132411
935.5327646782682
3738.774236578249
0.0
826.3362387330042
2692.142583994041
0.0
2366.0975083535664
0.0
-134.07388912533267
612.6379063495889
-499.1354676782384
0.0
-2262.5141372898274
-555.199833840771
-89.96512767114784
-208.9964529576603
1237.9688048660078
12139.99475835316
-3723.1609181431845
-772.5051843959252
0.0
2312.26897395924
3350.1512666742087
-353.6977858866011
24352.16588701838
9347.678709481055
1705.70669141384
588.2165042728726
6905.498214246354
-401.09191741828045
5266.6590371339025
-112.18169731698003
-529.4203480373584
0.0
-4367.1562013000985
0.0
-49570.997609312886
-484.22216369033697
722.4660099335917
-31235.03799225133
7024.489335311656
3057.5308624277004
-80.22736629147093
-198.19824667253778
-156.2265377259678
0.0
-295.86611671031085
0.0
-1279.8068432743776
1290.8375511883216
6115.3882960907495
0.0
13346.302031292022
-2574.6749672463484
14682.451235196997
0.0
21240.91085852941
1948.790517534138
8411.796259026802
1821.189172475827
3411.29272265825
0.0
-2214.8333952076887
-809.2193389295003
0.0
3616.201105788282
-164.04508174529423
-7699.42747650754
-2034.5045429715215
1951.2705308389304
1811.044314558387
-1609.7850410197084
-1281.3111893199477
-330.51422838235084
-51975.37448462697
15588.97788443796
5490.5198490374305
-876.2096998133892
-851.7531910961953
0.0
-445.66906947259326
809.8235936063379
20153.843708143962
2179.7337857280704
-2540.560121965914
-751.3727505287001
-98.37042624557986
-2383.2224010842874
-99.6243217944305
-186.04437891325347
-15716.486646565614
68.60215149009355
0.0
-858.7920370908563
101.95881068685821
-11.056469108095655
0.0
199.67008968718193
-5675.231430036764
-109.71903167214302
-100.77697200483135
-2860.959832924146
-1291.5608792476257
141.43257299603988
-11172.225584300795
-62467.49006264063
-583.778219182474
-147.24339234978393
-483.9469927621667
-21021.968864218048
0.0
-215.00995407287968
0.0
-158.4943863469687
137.6098151567644
0.0
0.0
-965.865948290216
171.95105412922896
0.0
-58.80867990609181
165.58674379288573
121.37784092241611
1546.8523591952633
4.130346372244844
207.07246398055418
335.1453245133073
-122777.34607711
-153.6926287252677
-102.3018472130473
-369.8745282178969
-168.3035389720293
-6473.222218557596
-592.2004154531063
66.03418433879523
-24070.262747667482
0.0
7.266142833422833
67.53406124343161
120.84602450883739
21.15617764699263
0.0
-1167.911013125399
-155.5591660401098
-15188.599459255654
-8337.579483139207
424.04435655359305
-533.8719155835089
-482.46213163072053
241.8954620158088
-639.7047988642763
-329.49303264346196
517.7846944679925
263.01642798372603
253.08512447875523
0.0
-468.9490388616566
-464.1293365011927
-155.11866631742515
-488.0675214339049
-12967.11076985307
-7953.40445443588
122.27485587476366
-909.1157712946656
135.5691430059196
-5192.968623038919
-1028.1611348014364
475.5343652502214
-385.12868861267646
741.1790578293493
0.0
-448.4218561662128
-1505.8176490247386
-12948.23984266311
-1273.6704340485567
0.0
251.7909472265037
302.5046116086629
5450.3060902803845
-67011.54465652672
0.0
-214.943363749894
-48.581427873455226
-541.162342229265
-104954.14166391945
5559.316162814867
-151.66928671688152
-86.92388792299616
-259.23176200133327
-32425.4947623124
0.0
-81.38241087308057
-73.1156655660856
0.0
-446.41448197347665
653.2535932734303
-374.32394168919586
-2654.0002040943805
0.0
0.0
181.12849428091022
0.0
79.45332518735353
-459.8939470649
0.0
-207.74751660784867
-383.45506925889936
-565.027833012663
0.0
0.0
-123.5534311474828
-68.1680428944619
-185.59122207693633
-479.75050610395766
-5468.461036059877
-362.28765076341233
-549.2238548491778
-443.0515354224664
0.0
-8.177816125666908
-1734.103401935142
78.85560680663724
853.0441589743589
2319.197470103777
-588.7968778347874
-145.94062485793833
-722.6789304246355
782.5620427924013
-270.9755562707984
-1189.1014442063727
-162.16143478043136
87.8630038754946
207.70901075068105
-86.30305997069271
-474.69708960778877
-332.3221435353629
-181.60092519925772
-68.80988911314788
-419.43257695910864
37.68204026995653
-628.7968541397167
0.0
472.4671941653951
136.2142576513774
221.11587724833555
0.0
3.1501286711949774
-453.1426908545044
0.0
0.0
209.55115365359376
0.0
0.0
-86.3839997802293
-95.26621929512095
-846.5477291144116
-792.8660511098997
-918.2234758867085
0.0
-951.1496038556556
-86.58557814805546
-1413.7878566173936
0.0
0.0
-4570.998470614958
502.8076305193474
605.6660911024559
265.7936140744642
-1098.3751420346157
-4235.881820354407
2633.2752815725985
0.0
-72.49625373821884
-87.8849733428399
-89.81429976729959
-3971.271268138085
-490.1301173309007
-86.04662450997277
-149.1139808034319
-493.882063025852
-92.65818224593369
-339.35320950502626
-191.80113531060385
-1273.2185120029117
0.0
-2794.307898022976
-34266.57234706627
-96.12007700793637
-16426.081852992495
-2405.8834423404564
0.0
2017.2794788448182
-769.273731779449
-56317.398795829795
-444.5850120420148
-80.25417613822887
0.0
-3239.1330525235526
-995.1904695429099
-96.49206177151964
-251.09459614579805
-75.99421191680925
-92.03641719577287
-1395.4596488749623
0.0
-91.46198979542629
-80.23111497298633
-74.57959195150484
-199.68197992961024
-30.83090729749091
-1983.567043106637
84.54008591058755
-2616.446056645114
-38.14682589652921
-3119.764805146175
-70.4383161226888
1415.7317087051679
-195.25938286086514
-3909.8260432830753
590.6048483907091
-188.78641155007355
278.4332249194418
-1337.99908358121
-1234.744776882435
304.07531420404223
627.50531790415
-623.6001459597449
-5691.601397294484
3156.1757443718884
-798.6113988201618
-3767.0211608618547
-14545.28265065705
-2552.986571823556
-141.73401327561265
0.0
-239.26381304110427
-101.24326994934414
-9250.957919418837
4362.1056550756475
-477.1980091410015
702.9070262273707
-475.02804727575506
466.1277665558349
-304.87378518931087
169.4933314706151
-3506.596804639045
-24602.42590467495
156.99425573607817
-50773.15066047492
230.09140060640755
118.58170704545518
-101.66416258693606
-7771.801611315592
-471.0328216876711
-540.966933936675
0.0
0.0
-559.7703703874988
73.17626539202536
293.9381789504303
0.0
-4148.887899378384
89.52427615916241
0.0
-100.14611635650981
54.72738473235623
-154.41722352762474
-3316.482105604675
232.86716151174556
-431.088483064532
0.0
-471.90337594616113
21.849283267029847
292.85377857745317
-3138.7793133552404
111.16585830523695
-268.670097980422
-102.23683353505886
-11939.62431637748
0.0
-131.8922643296926
-237.69460496975142
823.3406841856361
-74.08445547043596
0.0
270.3462427505665
-25640.796415901066
-132.14261571084074
-103.717648432238
0.0
-46.8654672419558
-104.76741752289507
-2891.9316122329506
-11275.738072797649
-63.83244754646071
-102.18693237269488
-57.18186122708869
-98.50031024574452
-79.6274038342545
-499.91674484724905
-93.15570460126897
-79.7014839468996
-499.88510296438693
-528.4072567799565
-1207.3938893823015
-107.71593960962107
-460.4419728797737
-103.81545028120294
-162.72534996013871
-90.25432882765129
-199.07351441761764
-470.35990798967464
-516.6636925849755
0.0
-3852.6204919616102
-106.5520751929277
-401.50314067531394
0.0
-1848.3546523952637
-108.51435527452458
-1515.3082470008903
-98.73757853966846
-486.6765313425059
-100.90298942855702
-503.97259679058016
-479.3521603336766
-81.51820166108415
-1586.3577625316032
0.0
-1089.1936696410396
-110.17295516551987
-1476.5794957029755
-1011.6028326695459
-385.5744782276123
-110.16869788393524
-192.93068984768354
0.0
-827.3058817331802
-97.36563792151048
-464.9826971211091
281.2316087147085
0.0
-67.85035734530285
-1240.7968883520855
-184.3026824168058
-102.43668629392786
-2318.6560509570654
-425.5245283319088
-469.39768926427365
-1246.3565750246814
-153.5700002835884
-24554.58726729101
0.0
-324.44683825386767
-153.98209022003948
0.0
-1516.8386835497508
-97.39833698107194
-790.5938103932501
-101.22536518471416
-3210.6816901713623
-192.0997123620662
0.0
-1389.3011030761597
-100.2484828310396
0.0
-7381.074402328334
-94.17493459050053
-19323.22338949433
-108.8662167879782
-459.4158189842773
-5302.099499662685
-1446.4558297478077
-46.1073596786392
-1464.0026700531623
-101.89875560977603
57.79941888228058
-1944.8746651192776
-103.94044883358694
-97.2398487813048
-101.36858261388099
-186.98026262057493
-2717.9888645773767
-67.34514684481184
0.0
-78.08422285307905
0.0
-98.87083365911752
0.0
-4381.327199001554
-1790.7476091458975
-1603.6835219270963
-474.070170152291
223.84498650758889
0.0
-24778.257652073975
-3141.4259332619827
600.2622289782677
-489.34176781298424
-529.4746837277735
-7573.004714349163
-48655.2326390007
2304.4012026285036
-3342.4379080576623
-471.8433501360376
0.0
383.8331749519292
628.6074639270861
687.4495947476269
484.20880475144395
390.44253193416375
-5958.967978569748
-692.4423410096374
174.11943972191665
215.6376440233388
1021.1106378552211
-56.28130673423348
-324.2697999468894
-2700.1450795310457
-2433.2545201755033
471.8000703156704
0.0
0.0
-486.7842667034195
606.7021800796836
-13506.972017455328
424.9076064281196
-3508.9278877142706
889.0838346098944
1110.7195854096587
-459.3915552902887
643.130884545251
449.69503323087645
924.0020270248551
-57.93763448786228
-169.37276893247537
-30.730792913613158
-8222.801859054376
-187.88796161970117
-17704.20659266305
6668.240384439644
-90.25646572860416
944.9504790693109
8470.198848765847
1710.7352500735922
-1530.4599538083075
-8939.466994420194
0.0
-158.59939495917973
0.0
1953.1567561409752
-3985.5958656165026
-164.6043479570451
-880.7660508170824
1170.7566970596606
-80.08727824506542
0.0
3217.933560579772
-5246.14741058653
-18589.22509122675
8713.134376305574
100.0
26.247730453176445
-610.7926898930452
0.0
-1983.5029417201506
640.00064495102
-505.1287858819053
-210.80379077942303
0.0
-359.4091367975449
0.0
-3275.635876007377
0.0
149.68775717991423
-9803.303540517685
0.0
848.052303909659
-639.072751569752
405.82345365133415
-867.9439908979878
685.749575108334
1144.052772304586
934.5329425657981
-177.72222927243945
0.0
-1970.2821521370518
-1467.4493933154158
998.2543062908073
-2516.61097816563
-33318.21348005736
1326.8201785995284
1379.1437926861959
-1513.9565042865038
0.0
-238.40313975496343
965.6666098198609
512.5541044152374
840.6233626169924
-37266.47685361119
675.0429093686644
950.1044079464773
1692.617056504625
0.0
0.0
-1897.4845599837072
-27354.608935844008
0.0
-16846.319374489725
-53812.486199242485
709.1304944472735
0.0
766.2668642479151
-207.55269397514854
-6822.0940966041435
2346.2390837477806
-34972.7812837306
657.85373507821
-2366.164836596159
0.0
-2978.7934784655436
-1610.684186978583
1468.5131380522732
752.4055782732265
0.0
349.8542683864488
-398.0730420859326
4017.4468067240996
1004.4349001574817
2539.4247158501894
-623.8186755613987
0.0
907.8544873453116
-17863.14568913718
256.696839270576
495.18690826841487
258.7325677534494
0.0
-621.0014768476105
588.796736959987
-9650.819019466215
240.93777982084578
425.6937589290244
-585.7363802200234
894.6611974940342
-1405.0736826171199
0.0
0.0
-7332.131904274082
-1543.6044034075185
277.09098196728763
246.252020140401
-693.7473231189799
-2508.983649233462
342.0742865153833
516.3120318928995
161.0786650430539
-4474.511025546041
-1836.2350764624498
0.0
-3225.4444449538573
629.114132207771
-582.5266368768123
-212.57733753162606
0.0
-1018.4407627654853
0.0
0.0
101.62027461047882
171.910091173433
5793.6091096322525
0.0
115.32616662606154
-32.85928378247877
4801.568356395663
0.0
-477.1465077355699
1305.4604786937555
-470.17408223085744
7224.104143260822
-411.4955177562056
1056.691403956171
19851.848900999077
0.0
0.0
-673.2242990101496
-1439.4678865004569
400.3008259275216
3048.0343243914963
3325.6966646911874
-2276.1623850850583
-1253.3575330723445
12580.767697540083
5010.64370123108
8634.130573867747
-194.82696146826504
-2219.450207940424
1188.2878995020474
2351.339215878252
1925.3519856836788
-406.24461133612374
-630.1993273696094
-1122.1914302313555
2550.5630326504415
-482.6277025574717
1712.1417374733855
-8142.94129667666
7558.261451191891
-97.83503895651687
692.2267239278304
-389.05172344325035
-6173.792552579154
-296.9355364626691
5892.106285302455
-333.40473595290115
-1019.1050688994796
5225.888905505841
973.1489856398366
2820.0961267821476
3761.5455656384142
0.0
2824.5564923271795
-352.22376287989465
2083.9393540970286
9006.481159150191
-2350.6916604289136
4005.2838674420136
-2388.3781484562087
1432.4697147122401
126.77795937166371
0.0
5951.368276236238
2051.6258470147886
-361.8774854256659
-510.86295112961983
1325.0355599516863
0.0
-2479.81639799997
-2941.9901039741153
-899.9644803577823
-410.1457925766649
-6047.9340620002195
-871.7512157571148
-459.76523783580734
4528.3324077169555
-407.2572880057038
-4545.9733920507015
-4527.74466105051
4400.406888079106
0.0
-5424.540160243198
0.0
16948.40811957021
-491.5886012370402
-113.92663278270854
22240.566579871822
673.3193694635476
6568.247974075371
-24693.196060145878
-1806.5530579792137
-7686.534159027264
-244.28454903690505
-1990.3045757052498
3765.0210007199476
-284.9228852275605
-927.559048451357
0.0
6199.513956386438
1882.5543672064673
5330.750585575496
3306.8064967863575
-1409.4610392151933
-7357.549691729127
-214.34889278147918
-155.21805585826996
-241.22198092807258
4078.8237121417715
-3540.5011815176395
1788.2684329028248
-55054.14712893049
-13474.115044135711
-1942.1238529802333
1082.5958188494756
1861.489396888066
-3909.008723970152
0.0
7141.532647299484
-765.8038006659846
-199.36265532491282
8497.777446573566
3424.9758421428205
4773.415192353345
100.0
-564.1441671410564
-3935.4688169961237
0.0
1123.624524375657
-4744.617058465332
1466.3539654113563
498.81893974032107
0.0
-1366.7173461220323
5528.507288832115
44.6386958067003
0.0
-104.16959946315241
163.72114017086403
-3145.980465644706
0.0
-451.1962177427731
0.0
-1627.6785836612453
2591.019044659116
2587.610251286807
-1620.3192692362284
0.0
-215.1398973403583
6367.371076898041
-457.91681143962757
-3615.252031959196
3412.5016393838014
-2542.4630196099297
-3536.1714805777747
8937.49143834345
471.3468878526396
25.263955810457333
23961.188651195916
0.0
8059.091504596019
-1077.637808735587
0.0
2962.443428553425
-2900.581728405461
-683.3623880243349
-27723.44091860728
1844.1589492181279
0.0
-32192.578678618796
-938.0288780881207
-9523.02423552554
2026.943451839732
8329.107166988542
-3826.2333619030555
0.0
1020.0000157286836
2224.4711378184643
-243.86467650664542
0.0
2514.422919665114
-468.40096075733345
19.696438148112918
4516.20648521529
-478.06083924226124
-5068.475882571704
1783.5016845318933
6387.448646725197
2925.576690221256
1597.2645384610073
6952.437727678049
6619.019519878185
1138.3394922432913
177.6372377772716
-9386.458054288529
5813.931465920887
-4751.225088808608
2066.317961851044
-465.1657272907154
3274.862377432726
-4793.5405006793135
1115.7276562971588
4052.871940600755
-515.2309471453042
680.6233355524118
-12211.881723806422
4241.4721308139815
-4399.862029613748
1139.2560450804378
602.8033334829246
9115.848020453586
182.23152248513935
2035.8600638264365
-3086.687831429663
4662.961914918917
-143.2735453064143
-18756.828204913323
-159.78341391083654
-3124.907766377428
16789.643224771167
-130.14276994362467
-1182.3024227062579
-64.44039464429332
-6006.1185752816355
9391.916823329822
-3634.0397991945565
-8618.017052854753
0.0
4433.487007764677
0.0
0.0
0.0
-3564.6357271613188
1373.3754629727996
2233.3766171029174
-285.46578700769135
0.0
-208.92517284557636
-11995.070835358181
0.0
-529.7141155263807
1353.2490330855435
3142.6395045646077
-1482.9184852898297
0.0
-1119.0765926282916
1537.8867238180333
-492.10678961089945
-465.73948673434745
-2295.6408351031614
515.9630945972265
-862.280371557218
447.1015694177705
0.0
462.2824170500013
244.58212954245226
260.53275086136716
-911.0400566652406
1047.8615899873832
450.1752604292335
813.0107474117782
419.4140387876263
-103.89814335120668
1410.7342627829787
-2011.3776097792613
1713.925169728616
5612.228207712901
-146.09678336913456
3796.010938177667
596.8077473552623
-10246.823996653851
1931.3670941554246
7771.555780489198
1475.9342306644323
8438.006893856844
-503.4711496042549
-1929.4404859299675
2658.9338824877727
0.0
-1414.2477787401892
-9044.25323107777
-515.7113584794911
4850.549866760372
2182.558120508827
1480.9721094270665
12305.077141549555
-2861.586821072579
3041.9065020899648
0.0
-525.9367635764486
450.8696916014254
0.0
1619.644874105233
-421.26296033642996
-24651.23819867148
-10041.936491039447
1861.4403345261194
0.0
-7100.545107214854
2764.859046830107
1129.375501112372
100.0
31.578785787872505
-1962.2478705633473
-463.33262265164694
3207.1637706481597
5430.783474304482
1063.3365611846284
-1604.7371101649414
2093.5455414448566
1049.724779976426
1376.892105423843
1503.0684038758013
-421.7417240414649
1148.6821688383052
0.0
1500.8342858464339
-272.95186604997855
0.0
-2923.946687404896
590.509851748285
24.561757050173526
-784.6290648885184
-12689.91247745843
437.6698163343742
345.21311024181796
0.0
0.0
0.0
-8738.438192694379
976.8596824883425
236.0862723488899
-148.15536862661082
-665.5280253851222
-23.227029587053153
-187.3949962524695
0.0
-4458.940529784936
-5094.836025536173
0.0
-96.43924472422025
-4977.694247535031
-267.3395089153485
-5221.503577757415
-17288.86548811485
47.933292274944506
-1184.5943836505626
-216.0643537017722
-5189.775914939978
-451.73128166427364
0.0
-1449.3778633020286
-51.72452215898946
252.23418573687195
674.3128584951752
-1533.0625207675655
0.0
507.02456720596354
-1213.4508321343528
-4077.8932231012636
620.4160068758576
-5696.504855300119
0.0
0.0
0.0
0.0
-8243.467491737572
-14146.036967169204
-217.90347883589283
766.9572944640458
-5691.863835950126
-91.2132414775477
5025.822611712285
-484.5933251892782
-657.4789803301048
2504.479896105394
1247.2151228853231
-505.9491216874979
-12341.16094702305
5912.727493316276
-439.1777117554933
0.0
7908.487426124784
3180.755856615242
2117.9279117570386
0.0
1300.2461304556239
3687.5392089551206
-4487.240594349471
11175.26781998621
1464.7936977799145
9390.056881233531
0.0
4225.593529054067
-267.1617488302036
-499.1871052412415
971.7504023515496
0.0
-95.7355420308202
3971.7225056365924
-216.15140851968812
-163.14371174789952
853.1023498686777
820.8068416186464
1719.9593777392947
5321.052529656266
-539.9536715708912
-202.18588320799967
261.7868878237663
-5145.565992967061
0.0
-109.13976020133299
-889.8606612505085
848.4267238109405
-429.17847890551377
3160.802060568723
1320.2057059401454
1813.653783613856
2155.028600005562
3829.3609890830644
0.0
-16523.514025180033
237.01772507808283
0.0
288.0264722201949
-459.6913535284576
-3923.688324939816
1576.8338006324082
847.9630317265271
432.0900833659425
-460.5474811414937
0.0
2053.70320838682
-9839.231287166771
4066.9653407660744
2858.931910714613
1527.819734352652
-197.28451491688284
2609.328730533275
-239.94366583047128
551.4851722098423
553.873001472631
918.5020407627142
1584.8932295019304
760.6607085945225
-331.3107533660076
1069.3371510996792
0.0
0.0
-615.7304313154641
-7674.100396505715
-102.42799121295607
-189.05717630306404
0.0
0.0
456.30188945827297
14807.50740710392
0.0
612.8471156886997
-415.4151444879866
269.3938774357166
0.0
-386.91552337196754
-161.60076940361202
-253.99620611662823
0.0
-1339.9741042369017
0.0
-493.96089723827373
8662.781690061962
0.0
-409.2424820510969
-446.04637070311827
-307.4905682240527
1121.0372830305016
-33584.077786960406
12153.651522732425
-191.09250637378943
-500.55077167929
2655.2196694434783
-881.8036478825235
21743.90898995994
-1101.6866354573904
-155.0354255339838
-13092.063844006456
-5005.651524456265
-142.764263222566
-388.0941885812436
-7213.562584891988
-1324.0543551308688
9784.494574206034
4023.463940255433
-488.13679035311804
5133.56467096472
1868.814736099419
2322.170832970619
1660.3969907239652
-556.5972697340242
0.0
3629.2441039188075
3384.9950292240724
4240.772301194969
-460.6051858444555
-4301.8667894397295
0.0
1926.5408114472052
-955.2867139791907
-76.58333430311836
19.417650316464858
2469.678921871816
437.5857574829789
6515.743944893003
-4087.7232835403256
0.0
-5744.296301944379
998.6338362392096
2586.754898907878
-12482.78885378709
-219.6562204910953
-12591.638508128615
0.0
-883.2897061788311
-909.6893619543225
-49726.13412709977
-23532.138220374723
1255.4745159561164
2857.523923323722
0.0
2204.789389421713
0.0
0.0
3154.574296726898
2561.846909815318
-1317.32055597168
1255.9843798584302
-993.1288308644356
-105.9504057319798
0.0
4750.58271729741
2577.3762386972494
1105.7152410267522
-2288.3421161122988
16282.132157831911
-10737.641537243078
1160.8673861922878
0.0
-15013.168223762194
3347.4639356299103
1598.022983890237
2772.6417267098714
-461.092246342858
0.0
0.0
4038.640771655477
-10366.237954728047
280.3734820107368
1564.8974628401252
-97.37958179062832
-977.8700646606273
9282.475308361596
-1071.032282477053
1519.0915268859417
1570.7362988870977
-400.84736553990155
-453.28115005104905
7113.78294966269
2308.53374188109
1356.7715642259489
-96.89064096046197
-86.36069689670575
1284.0658470878075
-453.1019586822545
-491.86059148831686
1031.8283882521985
932.8984367878386
362.9876009599443
868.0964312896226
1730.7740101461297
-115.21766243312032
-87.54818003252252
0.0
-536.8792207097663
4679.225652737664
-479.66688441163404
-857.1137683957969
-10836.17257197773
3316.163074592476
1911.8830123922116
0.0
1731.5228109848279
-1507.6324952024363
-2699.6241585504317
-393.01871836592625
8948.415617396107
-1340.7117546350562
1755.592565513619
4506.213690312548
2325.2185302583966
0.0
-1231.5391504327818
-3096.6116223278427
0.0
-12208.607460589616
2106.3498859496417
1525.0526659763916
-2934.1062999177097
-530.2778532695858
-94.09148058583844
-1810.2748435802187
2169.6479679168456
2075.4381040286767
1900.8276847501793
3366.2812301331337
2616.8927120827957
-468.6145955318593
10268.634713342963
2933.990748438175
174.44360128427877
-25902.69668902332
-214.3387416502805
1409.7191467866478
-384.5742786309179
3754.1662175191254
3390.007830716954
-544.9528538624503
4115.818483981746
6114.578319002251
3741.4581122234904
-44.44297892474563
292.625991271355
-874.4292126328496
0.0
-156.03886471365433
-159.90329801806246
2155.520502751335
0.0
4034.6228253141126
0.0
2206.9506412776836
1260.8718160355154
0.0
1236.64148889638
-4692.461783913277
-630.8024330024921
3867.0182712044507
190.9844274444871
4993.23316829872
784.7847267658599
1322.0712528414745
1423.5529882557714
0.0
-481.4328241999711
2861.755947101418
2853.278891939409
-397.016245936425
3734.4176982438803
-977.4047447054738
2223.959244776001
980.0750368785261
6720.085476984273
-1783.4239705210655
-1224.514101771311
5551.981652353441
827.3629940222972
-1663.5391670146746
250.70916089366483
6310.754862987388
4444.63476688077
-147.33847168587943
-713.3177855230476
-450.1130540938318
-106.02762739198616
1640.874107597053
-25741.52535974454
0.0
4001.6411885130283
0.0
-4657.889517010764
207.35079237679457
1819.8944711253075
4766.064216695211
2237.2012610931038
3171.031513775403
0.0
1496.4877154266544
0.0
-419.2182064038025
-482.7169296915995
0.0
1442.2156824104472
-115870.27969444495
0.0
-233.8259605142281
1753.9943074120051
-1007.6986660610839
-1364.482403097357
3001.8761368525334
4463.456439790033
0.0
-19989.569092616293
-6864.0955514024035
-541.8406836221122
0.0
2994.3396532571865
-1349.7904334721807
-373.25500048062963
-131.7148459808106
-786.4498342751615
-1425.8172605398556
1273.0482795890036
-458.50780153383886
0.0
1323.3073261602206
-13547.977283035016
0.0
1562.995921732095
0.0
2451.8855794891515
-194.56022987750754
-2093.2311872966548
531.8050455775275
3065.49586632832
-402.0040003006643
-2106.8494712245783
-11710.490317537111
-69986.47585435033
546.9404818842283
4304.991531284576
-459.2605889523694
1520.6524597588482
1753.071058177457
-40.695551253990544
1200.5711310043748
0.0
5632.111394899678
-1239.2239922070855
123.85836290910328
10453.351334367157
-2895.630757479552
-1277.6220728655203
-1926.9021167205517
3142.052522145256
-598.8531654418721
2345.020460364368
-100.00669354439712
4096.483052590691
-244.8432794351773
3744.6621094242378
4953.599641913947
1524.4779876691348
-263.9125000453493
6853.165251450716
-193.8033120572465
4970.580497946205
0.0
-3420.3775055838355
1645.7323589408545
-1400.9674649300075
8535.208186669175
768.4770656205243
5884.19157461918
-2792.852748303323
7221.342625858648
11233.947114725575
-2494.9622869793257
4247.1806814996535
581.1409424101564
-1003.0301423955461
0.0
0.0
2320.4552559702506
0.0
-575.2301306866159
3396.9276737662767
3860.700511047598
0.0
3703.19239238679
-3347.6134725701063
-2790.6161069227483
6840.272140982864
-2272.9135530733356
692.0789734778729
-1489.867901320022
0.0
9809.251655117503
-8178.122201824337
2921.678870278074
8869.987608295327
-3803.4911080700667
-92.19470919581946
0.0
-212.57984413570182
11365.8529216979
1871.2446352435604
0.0
9667.717101954631
0.0
8840.359303995103
5324.510602910686
0.0
-15527.644423914524
-4141.525504409978
0.0
1574.2342150430206
-71.14835352126363
-472.8733359313111
121.2580869380509
-614.5987869958025
4243.05138102509
-1971.4908592686622
13357.3922068781
-8676.28039580613
-217.7897164186842
0.0
22692.896593847476
1427.6066634776057
16251.915437205269
-250.52149631949283
2036.8032261063277
-294.6301708342524
3775.928326807024
809.8487154134968
4922.72083511534
1165.9102211379054
-53039.63676981508
0.0
1509.8905655105375
0.0
829.5987281601215
-1071.4703403744438
0.0
-1391.605578442893
3509.927536234913
0.0
5489.433453109102
9225.780975071684
5630.859438463539
1554.7861935031851
1904.2529844510718
2785.077745028
0.0
0.0
6086.891558627665
-792.3789408071716
4510.778866077735
-78.47779510027783
11405.134642910365
83.19184325878882
-2886.5354242901076
4237.731929143614
-143.98314354520605
2513.6685651741873
-19889.03185389211
-626.0364707639199
-33.19232417713093
-2384.3487270544674
-416.75361500717776
-2850.4669984584634
5798.937158054495
143.14633571711693
1644.9311973379304
15193.069776736791
-1320.4777032438565
8661.624894122906
6641.850922745596
6157.841819454484
-1820.446450477779
7523.046204694074
2650.2018750419256
0.0
7160.0252854904165
-3994.070219309387
-15400.313461881937
-487.91007397442456
0.0
1528.7518844442313
-15223.973894851822
-267.6971356837312
386.1249398422776
-1314.8750138471055
-383.97461907214057
0.0
5748.866324801606
10741.496138140119
0.0
5077.552916252708
-2380.9237342285373
9763.400424467036
6541.9926275959115
0.0
12538.807144956587
976.2426943310247
3408.5835316644566
0.0
0.0
7654.933655260983
-489.41187617229815
4051.0953191014596
-1413.3103852865318
7776.433200414318
863.4303544892207
1713.7156010409894
7468.098958505774
-271.38727186172144
-70.76892892698459
5022.394376973784
0.0
5071.10676100347
0.0
-235.32708764445104
7186.6448756172185
0.0
-3753.749304364307
-1572.9091289464825
-479.5816061291081
-2434.9817450195847
21093.08050307652
11156.606643058243
-480.0648931227793
-461.16248899534804
0.0
0.0
-1291.3235667875351
0.0
698.3407067432811
0.0
71.81765197588192
-28650.94348314039
15167.464714516454
1710.0590214294673
4782.46019001569
-2238.5086673319183
-2918.0858469009963
7541.971445716309
0.0
3094.8069378433174
3382.591241381974
3052.1061485533664
3907.3007441828213
-148.61132918633115
-7150.370660106758
-7392.406248024679
-3797.522951369033
0.0
10375.691111852975
-109.63736695514397
77.39290205143953
-250.9500338357683
-13116.841565013083
2074.928873346003
-11249.12344546428
7712.248041786312
-33.23354697414197
589.9224565666028
-77.827505123485
-1791.7890770696451
0.0
2593.327441220447
-789.7071268105691
-118.09435970406315
-106.71899651259537
-95.52666483509947
-241.1263551715349
86.03346113298625
122.86208012396173
-786.3976670254148
-521.5241665264517
2661.334145227848
3752.126559931316
521.2396044647518
-481.484630170363
11493.311682158404
-488.2794702990152
-501.47535789305215
-418.9674652055835
-172.32099101262395
0.0
3233.7947051892193
-473.10052004047753
-7938.073430188339
-1019.4309270845555
-13848.677469395732
-22381.39601203308
11734.945349634181
-320.76010500102075
4587.103493082276
15279.407794084427
-964.0429459519589
7847.437017245633
-74.99782984944697
115.62196034260018
-1757.3549255004643
-1144.0450425473136
-477.1586174944079
-591.0442017644566
0.0
-5814.199516341254
0.0
-7710.362853060266
-13913.061915825361
0.0
-4121.0280367665855
-885.0080844972026
21796.698579627293
-10364.244583167103
-12193.717127888387
24980.378271666486
9112.061976027382
9065.681672568107
3581.1900188890017
1133.6357110745435
8408.15925417573
-772.9321150634026
-1146.0411162386085
-34004.593145445
10557.967093993026
3219.819967170778
-73.0478991449234
-2504.114892883058
5590.284218054567
-2121.1265812633646
2891.549419977189
0.0
-53221.481342490086
938.9753183044322
-1390.2437624139504
-2024.7056691445691
13394.939411663483
0.0
100.0
2052.4759364135784
3724.3158948322484
315.6356642020377
6366.541556844171
13201.896785921683
0.0
4697.195721462744
-235.42055979061254
-416.98608350908773
6679.156648192941
0.0
1352.1034108559058
-600.1143176049532
5773.327414197418
1779.2203068243339
3183.3371540698217
-30263.050362867292
-9282.128390998452
1887.3327036354267
1933.9051099985109
88.23688702299376
6176.1115949109535
0.0
3043.6646500665597
406.35220191446047
9524.298198389817
2010.702347997359
0.0
-100.84879709740044
-248.20678904601715
4403.5083405679325
3983.7595362147613
0.0
0.0
-1430.4402052600096
0.0
2422.0306963494245
0.0
-1888.0061079228983
62.09480070287765
813.0469549464206
-1838.1585327881385
12445.443216675714
12878.624788928126
605.9549156802813
12224.087758298625
-459.2588385287638
-17351.903326296644
-2362.3957466505644
10990.265503720939
0.0
317.2295450674011
-398.5328018064596
-71925.43485396879
-3119.2930334755793
7111.36968406466
-567.7592605671733
0.0
2649.103548825215
-393.27273528780745
11418.812513458131
-6522.351993209003
3661.653163672981
-525.6270533258537
4829.459289009051
0.0
5129.082346200092
-421.1711144091352
-104.18565045346884
2195.0568510191883
-2810.0140128294665
12619.80472512573
-370.8600145057899
2507.980049031618
-4318.60090985071
-352.09055161710967
0.0
-400.9616310319584
0.0
2795.981945148687
7310.776530256404
0.0
5827.190119317842
19465.34175849288
-871.3901476112518
266.2502104120956
2938.571151776001
100.0
3216.083213248399
10167.493113336795
-367.0880162222031
12210.252057269747
-53880.369186971126
-7194.156824896354
-74.78165324048422
-100.90579295586073
2017.7898288506226
-399.8623288549737
-248.3228837991242
-69675.43995973698
-5670.698718481027
6778.619143685273
10477.15025827756
2548.4577050302705
0.0
-2772.771593481399
1309.4055328867662
0.0
-4141.889782478953
-1455.0703070345053
-1320.6173816269975
0.0
-1019.6845829433292
2320.1278306261393
9611.824273306784
22210.285914355078
9062.663989567956
8232.187224963862
584.7161623942918
5295.628701546719
0.0
-165.80999940657983
7407.310165987382
0.0
-145.54571400186757
6108.766999616302
3523.832598663592
0.0
156.03615533272654
0.0
-106.41796751175795
7070.573257399215
0.0
3304.9963793745756
0.0
12982.699729392276
1742.3340872396884
0.0
1402.253046195428
-509.3397096845984
1450.7734804713161
-571.5313187902863
-986.1205608499747
15649.239968540338
-158.08114436985738
5696.40068622579
-158.44952133679692
3741.5330333664133
16905.331622115722
-263.43060146519684
1363.0651004855
832.5468070617096
0.0
10811.21805007395
-400.9427037607327
-920.460375627122
-5684.084189217293
0.0
3926.7517767294303
15756.475413772077
-184.025732387739
2312.6706528620107
0.0
-1870.2279604850146
16540.64994801718
-3785.090728247827
-109.77611372035162
-205.34656966033467
-7990.168953927297
7075.2127304522755
7446.632138982913
1878.149351515016
0.0
-2374.011893305338
-681.6414882074032
20985.43445764241
0.0
-87.81547031661145
-70949.07559356942
8858.283223761453
0.0
0.0
0.0
-408.6130396564125
-151.21686391380138
7127.798954412772
0.0
2633.452906892633
-5893.9658490599095
-9.726848929242465
-2187.1003953705404
2469.9510130011063
1447.747230696079
0.0
0.0
-683.0630959622443
673.2995920609746
0.0
-1793.879969060451
2114.4197684721976
90.82702251338242
5104.776563390889
7679.9920066343275
-357.31730020805094
-6426.979307694458
-677.6703494794149
122.44718855130458
-67084.51417946968
987.6341526601177
8607.498528228416
-443.19188403608524
1574.8440558237387
-4951.611508799263
0.0
4789.407137435526
-5487.840298424087
-6139.829021344521
3567.4525124720712
1746.8353436422813
-262.6274240704737
-956.4255345498623
0.0
927.3052614048797
1873.5412838180105
2431.098222869772
59.7287428420305
1245.0469916520474
-397.88576290922856
2006.2183187409291
-1968.031444341059
328.6761078803819
-94604.38066934656
0.0
0.0
0.0
-3063.562081395486
2619.395484888312
-321.906247370514
1006.112159051148
-411.78671761757323
-6404.545328540512
-508.4627341822282
3250.6178325483843
0.0
1867.018971960652
0.0
-28061.112229096587
3053.3038070108523
-7822.408997758184
984.0517584489655
452.1516838713693
0.0
1553.1356309682487
0.0
-542.881053947273
1076.2522935949105
5383.669983237156
-472.8874676687407
-2759.929301307994
0.0
-3256.191314599525
-41350.009147486766
-2045.6749159364183
2387.538268521884
-9441.119199066849
-3773.35860047706
893.4382299752419
-3322.975068987768
-95.42138551838401
-3919.6368368606145
-244.02782095330974
-334.3007903119516
2887.2061056194966
0.0
395.54326958442493
0.0
4091.1815170320833
100.0
273.90826710705113
7176.853843526597
-526.4730825703988
2421.7954899243828
-51051.28866650302
-2782.523247757287
2461.556107837237
0.0
565.8697168353675
-99.85454822727145
0.0
-394.9258068363563
701.4548772527412
0.0
3436.39176837124
879.2935009492303
-472.5769235858378
3331.0724262559825
0.0
-385.9294093141662
120.95098746097159
39.584050788200926
3223.9547881612853
810.2339245320039
1363.7689573537893
-455.41950785538353
4876.677994628994
-84.16556095763714
4917.759011360378
-479.32480052086123
-162.37376756700834
-455.62111126984473
-1.2282861446291804
116.52436781297786
7577.312579746472
2770.3313469551767
770.0220166562146
-2393.969037101367
0.0
4306.252167582896
3321.216284509572
3824.417272683081
-876.381815691092
0.0
5003.167122520838
2939.0954883138324
984.7414014211186
-20963.416604787264
0.0
3474.54823718292
-395.5088743931923
-2265.057029236558
4994.545716395965
0.0
0.0
0.0
-7619.314747087725
-9261.821237267368
-3224.604089892467
-72.13417134657558
0.0
0.0
48.458126928346445
484.6971985622165
1558.9387245459793
-21.02009375598638
-1038.4188629376845
0.0
0.0
3581.4732188687417
-892.0790261754145
-910.644296830538
1559.892689874589
1365.4591416302899
4255.425496974627
1378.490686369942
-157.6005105942894
466.9975298766519
-287.98203328947227
-153.30091001354566
-260.9017198231914
3116.5059729107265
-828.678690853904
102.7710836747392
0.0
-74.18938294458276
210.30500433536588
8.780269760201747
103.73993223026446
0.0
1510.0793086442154
0.0
575.0361070933184
1214.5699267900595
-516.5767059534826
-354.1987476357504
-405.03824407783156
2950.489818739232
4509.733505771001
1456.3162031189127
6134.317922697004
-768.9512089898351
15108.114208690053
-18.824822409325265
-1714.2024282294615
0.0
3434.5313734464394
-67.36270859809517
382.7474842875064
0.0
-510.61504989498087
-26693.525097990554
-5606.376478653298
3675.3126964382946
-524.4897628808008
0.0
5417.009015405308
-593.728864044529
-9800.060098381742
5001.858401014912
0.0
9023.008220467147
-120.54513702582445
3487.602147943126
1691.0461828289078
-2472.2887361578482
-21148.107969297973
-3710.8001638160367
9515.996915452786
-1196.2982219837113
0.0
0.0
1030.8655017825427
0.0
-473.73286219751856
-2876.2078183754093
0.0
-478.4204615844458
-401.0610322013792
-233.56019738949868
0.0
0.0
11487.428474537544
-1852.3277087589245
3740.7417112427574
-11.675869210943176
-576.0398354534523
4789.804436936954
-14480.867388027538
0.0
-3667.959315485405
-1470.1561416717407
54.154252263410314
0.0
-24891.669771014305
-2161.051141012494
-539.6940630107474
-890.7617269591198
-68.60753145034937
5914.745415307224
5530.83652390995
-8331.221438976627
-7096.92605856833
-2448.2401809131684
0.0
8159.680308085664
0.0
0.0
4334.711924833552
2208.6932054448744
-2641.1372998967454
-421.8696409930158
-5688.2227630313855
-3165.7897305629585
5209.738754064724
1755.1467134729373
3263.141046760106
2722.6919398606333
1431.1507415874594
5279.348109907355
-212.55444263568344
0.0
1036.3067977337876
2719.8411663766046
-88.86360444987885
-1819.8760301473033
-4568.9575146389025
-41.660365515754506
-522.9856817079786
-6679.599950699514
-2386.4764160316026
-98.01409733286106
-179673.4718706592
-8365.500382415352
1589.8052810085535
3399.0957059967827
1306.0750679117216
-4228.17530619
3101.5606243878397
2826.8160940265943
3462.353096718454
-153.25090521607964
-483.1230994113074
-159.23021011701508
-748.8419657051521
-666.1179036328858
-2843.791286271665
0.0
0.0
0.0
3302.8088883405553
-687.3381662078721
-311.05810021005726
1432.6680889511351
-554.2464775182882
4195.019349072839
3733.253094745507
-11091.104726948626
0.0
237.2618406840416
0.0
-128.91611081967386
2678.207841217076
632.4724387790928
4324.899261543553
6253.393973377305
-149.37960689249886
2060.751188327997
-19427.81383630257
748.7828994241289
-2856.6120682497344
1352.9724310377278
1378.4589123687085
-2333.4861961906345
3368.4535119521447
530.2854347163235
2497.453656064693
2274.1806387794613
-21812.36321329125
-1333.403856924479
1962.1712433564794
-269.1690207680805
0.0
-147.285203423101
-1771.8471116078472
-8.973194789161795
4467.0808071845295
0.0
0.0
1231.426087426629
-1291.1462989570477
-196.80350328918936
3577.0371967120873
-299.7215342303026
-214.63696024876995
3839.3466030934073
-7632.0707996691435
1364.087393539804
2695.7314228497517
-460.8177023529432
-229.56438149341193
-406.616265781981
1451.4601798407941
-390.13083618770145
401.34103550283044
163.44215882274187
2802.755624342016
280.6136194828133
0.0
-6970.190472514424
8521.77884327073
1224.1434225701248
0.0
-2484.9382619931557
-1391.5893786490979
2595.1549540733395
-520.8084828614321
-3366.4287459829497
410.5789254108461
0.0
3247.041444578758
-3646.6387665865527
-5127.6141956116935
0.0
0.0
3156.4299875081388
263.24091641436087
1172.4478378476533
-413.3565675514933
-399.1583870542245
0.0
1102.2642663927904
1747.5898646698581
-23.261917160637694
-2010.1300617679058
-329.1706308717414
0.0
-19928.216399530702
-97443.9103688778
1118.388756127969
-57.02733728155752
-6837.418031446415
-98.60791511076283
2138.5230311379414
1191.4628074110956
2359.01452087565
-566.1526311367031
2129.7603581676753
1664.1286669644737
4627.151033330611
3529.5483673702133
-12311.031537366815
2923.4288686236364
3369.3546039080966
2798.598385306403
-623.6761919250007
64.00879866166673
1153.3725151325189
-3517.7859687545247
0.0
2494.2527541490495
-2429.187599508482
0.0
-3651.0152428312126
2214.003689468801
1766.6266192091223
2865.038136942095
-1827.1399558719884
2018.847405612859
1750.121777411497
4379.526295427137
-461.5282502068574
-20965.76782505852
331.3517557652833
-198.07853398606844
-149.19230997748178
0.0
-541.7846114225649
1393.8721187725398
-7939.380344922288
3147.176865908878
9845.736502998423
3035.639932876468
-1989.4612573416161
-382.88822614675064
2918.3698647458914
-752.630932030105
-989.0170922408169
0.0
-2603.9296045352835
0.0
211.4361736901705
2960.5810792424086
2350.676388898077
2815.7643158413625
2984.214257140222
610.1473455262845
4419.03319228623
-492.60597160304496
1907.4429982335555
0.0
-4659.83782496968
-37.43550704222537
0.0
-523.6010470451545
-26973.286917199068
2730.3745755113378
0.0
-477.4479799904475
-101.29988981380832
6151.5638856782625
724.7947658954736
7422.08527540004
0.0
2142.3870814910433
-156.97405476855047
422.1760999258503
-163.008144712359
5438.512222346641
-1390.5683066541353
0.0
-3651.1127437336027
-473.28562191765445
12706.479271474525
0.0
0.0
2776.077496962865
1564.1487996953144
1451.289088610566
0.0
-106.76073732504686
0.0
-646.2341005206727
1429.3183206164629
1937.7589826689382
0.0
1115.2995900380736
-611.1220590924013
0.0
958.1765635792269
-405.4955097345096
-5945.217806065731
622.0680101789848
709.6359230474221
930.0937996650912
-545.2422787420712
339.18214056076295
1253.0826524076908
-738.8488490154353
890.9964058675989
1888.9619097154614
-616.3932154781328
1653.5531586478248
-733.2288811026419
-1124.1691757351934
514.9590843284336
11750.427383192664
5896.087598913761
-5738.875525870493
-473.77168278542405
4885.987021409145
-18959.92816380673
-6400.351034060815
-6710.359935806139
2513.381486294303
2277.8755818348395
483.2818102431054
1151.2541586976
0.0
2475.5837448222883
0.0
-3309.446723022095
-14016.187552090201
0.0
-1558.6431879323318
-182.21177835887386
-594.2827969714917
1089.106215827977
0.0
110.40846433289039
-24187.40876098864
1336.5411159752439
-6364.859255793105
-212.57205078753248
57.567314941076916
0.0
821.6404230940866
186.05220967191872
631.5711040419504
673.4499331489317
-9167.865056944001
-115.50120077895308
0.0
399.0987930665973
0.0
-763.9223241309443
0.0
2262.382983140849
-668.9349028246208
-265.3626944814766
-985.0635135189331
0.0
1606.2399237776915
2430.3080713984027
0.0
594.0391892358864
0.0
1079.964851209979
0.0
2156.7507776216216
-266.7004524983779
-419.32013104419343
1545.305950902136
-1010.575573977309
-383.3400613859404
-550.3901699354656
653.9206863413439
1065.2280120648873
1063.7504951750384
-154.34124693983344
-467.23046605768354
0.0
169.3269060913551
-776.6658090828778
1650.1647600522745
-1649.1314357164704
-458.0211343846031
-1109.446731332845
0.0
0.0
-151.68727592540745
1122.9736694415515
2046.3332740245078
-191.07880170379573
0.0
2342.7380839008665
-939.0802804601764
-24537.319362733248
0.0
-252.349958920283
-448.7318335656132
-1450.7213486083817
-917.5117571121027
0.0
0.0
1313.954071351958
-7318.041912913361
-501.9901015698993
2089.8086390615426
0.0
-402.0247571455482
-182.85342675212647
785.1795362580707
3024.080864599057
-454.94130358070913
1260.4951589593513
-13464.195430107588
-1830.4676905921606
-811.4331217670601
-1750.416821653196
1416.0597189977855
-14731.551376733654
-96890.40297560264
-448.1940818558903
-567.7469614755737
0.0
-2684.9898700592526
421.843146781963
305.4335709451933
-356.5835976576668
430.28982817165615
1802.219532030727
-1371.792694496521
-275.38155451717853
-332.4026966745299
692.5289434782517
469.2445707000493
-61.9441163781303
149.31636549834195
897.3844664700887
0.0
2388.435417006957
-208.9622292980968
-23460.373787207125
357.9323292645861
1717.1001498357778
0.0
253.30353101032637
101.126978303832
635.606091481463
0.0
-52953.094344782134
-544.7313447082042
-591.1443678222981
1237.839147584369
-459.75178792712535
-2696.369797877974
-362.698586382116
431.11856698664485
587.6742077399767
505.7329436296392
1833.2450430699337
790.3142530527883
151.75431566319656
1088.6718787487173
-469.6878968436566
-146.33587178552975
2234.8051219615854
615.5088870086495
-437.07120674375227
-100.60416330834322
-97.33457494195336
-622.7725886838753
258.8370964507844
16.09066717113228
-42.32287594669134
1384.3245919533852
7601.671397748095
468.5772718073763
3005.6876335423703
-562.7897532059003
1188.0123039909408
-603.1543325193775
0.0
-260.1356523309767
2483.778307663205
971.0069553789428
0.0
-478.08751289792116
1791.7699498140025
-496.4351399023917
-537.9756392944364
3394.319767934862
-272.3450714013096
0.0
-385.79627112826506
0.0
661.8733014912742
1126.0634093549324
-488.9792340158055
-57.640494922397295
1129.5799493664658
539.461220361157
-185.59522178691682
138.74501107920435
16471.590654038228
-11227.999302160279
1372.8997154922338
-487.9967796907485
0.0
1177.451631335031
3044.642058795664
-687.5418656764842
-594.5043920092927
-977.6109622867118
11138.968148105172
5128.579533465515
1718.1489895170926
4243.668006507872
-26216.710096481893
-117.01946269447924
7710.9623630505
3620.9621975447617
0.0
1959.4675889453133
3384.9050049224593
-2990.5493394974765
12370.384168408156
-269.3362665020743
3054.096791671464
-2589.435315637907
3513.01816695809
3349.5740612991394
-245.06253325658702
-7320.957965811788
-828.2185155503205
-540.7614972660884
23962.085636504195
1387.670516165345
408.91668535733163
2351.7329531994956
2901.8577894805026
-240.89663528392316
360.8990057447576
708.1000298855986
0.0
436.18612495042044
-562.4636532730439
7715.5752804759
1017.9089365726722
-210.75181089887036
-1307.3288109992006
0.0
-452.75910710572816
3674.6728018692056
-19397.92415063113
-3759.641711330756
100.0
1862.2458781970304
-497.7383254767252
3222.806846465061
0.0
3499.07781037895
2731.4383117058806
1936.8996669286166
3810.789227269049
0.0
2686.2236972746487
-152.52498886814962
-6856.712503871967
-541.5545091619911
639.776491745691
-126595.77402361755
0.0
8811.634089340443
3237.409382080482
3366.4189252441556
0.0
0.0
5522.6451455897095
-1070.610121694627
-792.9383288903714
-690.7283185746105
9454.557486336998
558.1893207957456
0.0
-832.9889860927001
1463.9641602783715
0.0
2001.1984829711514
439.13488385504013
-338.5998408258915
3795.937248537345
5087.80269325392
-1057.3308902811677
-858.3141344233651
2600.289134258011
5190.65013566759
13817.229862722184
-4643.388263741076
8354.56071431042
1027.592650952553
-92.98018312580669
-237954.57208111096
0.0
0.0
2520.8486896269696
-4422.39781013099
25.957826833290426
-1399.5086538020537
1275.975606719117
-143.33083884706815
-2200.4680225349202
1318.6647395346356
952.9316127876698
5286.856375526505
4960.963130572616
-160.3863312642809
-1487.358827367481
1302.6646590034777
912.8651653506467
1560.2298299562774
0.0
9326.583801885889
19756.98780367834
1612.1787457613702
3639.48688626221
-170.92725592313732
-106401.01762400073
-496.32730962404446
-533.3616487455388
1341.7967880600036
1667.7898848749046
-521.6246586996023
3427.8565176534016
19.834816462524316
0.0
-3666.063696194565
0.0
-97.02205902726597
924.3881982030045
984.8971268757894
1585.6249657146486
9437.816416657419
7566.885706991423
100.0
0.0
2188.6835333562735
0.0
4307.94594347376
0.0
-2064.749605637264
5698.643358551786
2822.9213025027043
-156.78923248905772
4151.809096456785
1844.8220412222151
0.0
-96.9302398116709
1888.3020220428803
2296.79432144327
2322.367206222593
-1646.3852074938693
1426.7365845364825
0.0
-783.301655991149
0.0
-4920.244013072089
-22798.33808935901
4485.468652122676
-3718.7272414562144
-1465.2567100824592
1667.2846998946256
101.86971754460546
-154.3193401795703
-1633.324794512665
1834.7915299900774
-917.0960033522626
4308.235025655185
5999.046531231151
-6477.787157078659
-6010.899400010307
-490.5902880586389
6831.845947369872
305.4967346120972
541.7478289343647
1494.6248171161567
-306.8934299394842
-74.08408050678874
-735.6119010260547
4588.113255443349
3054.1243078545585
0.0
1248.3327246080262
2314.7097952533386
0.0
100.0
-155.47212363077523
2009.1350236488825
162.5191907024198
942.3231593532489
2468.381996894678
778.6920796530543
-1162.5659074885825
-2333.9928922372596
-858.7398806404441
0.0
2110.670858763856
830.4126599260071
0.0
637.1699796409137
5486.49383065174
1466.1075143825358
805.3305154088604
654.7341987619701
-548.0698851875603
-7484.138570459559
0.0
-7900.601272382771
2533.0038295814716
2519.727252605183
766.5760830898388
-623.6356885541567
671.4173908993286
-2311.973896581055
-14086.24560293995
1195.776584209219
7276.668542329013
-61.66374384228487
-7695.173726753708
-2076.075105697313
-1489.6788944823238
-1655.072146463317
0.0
2938.396059671613
1006.4873189037326
-1766.260475440949
-1859.0070224270346
0.0
3353.3737593321207
-98.55213301865597
1610.7521066149322
596.481138583938
1161.8045278878815
1004.9460437486291
-138.71275584828462
1604.8503951810585
-550.9675918901278
0.0
1588.4063245107675
0.0
-7979.116428908978
-466.57643204698337
-488.2357560220283
3730.393908173908
1079.3011694442762
-12914.850639291913
-521.2945155089917
-1996.9001055949304
691.8886688788061
-2649.6331783854107
0.0
136.90388648829781
-2099.8717283752467
-2091.4103275655652
1819.8856059313814
4262.632527217274
4366.673280878995
-199.35842440255166
-4849.685638011688
0.0
6018.53843884531
956.8959548250334
-922.4087457888032
-480.94751014327335
1062.2640432417666
868.4211399105184
-689.0901976664034
955.1063489644332
0.0
1763.0027378275422
0.0
-140.09474976502565
24.50374478484028
15.501211600561732
2315.552221622663
0.0
-1246.9025730165954
-217.85765793276192
0.0
-91.28702834581318
-2399.2135206228695
1241.0687355287407
-4022.5782531838336
405.7352263907263
2909.808088092053
-4150.439224686373
-10209.704867182718
0.0
-187.8543320133845
-77.54498968399827
7097.634029663794
-532.2634325430186
-500.59892808655394
-839.2159637062947
5439.54612859446
-1865.2898183175607
0.0
-3151.6761428725304
18220.183644377
0.0
1413.0140767473545
0.0
-2054.048577376866
-97.72294565167128
-231.99602049509448
-295.7554071176222
2478.8677891258603
-2418.7078074180554
-284.67068085115307
1184.0508389305019
-1147.6944097688047
2186.958794585501
-148.7019690244834
1653.3491776244982
7712.738681724743
0.0
4519.129796697235
-3981.9330736795337
-156.63378662862854
8233.044932368102
17471.784576126953
-265.73417316511035
4422.054034968137
2779.524007633534
2364.0646228979817
-2172.478954423507
-4754.14356632465
-272.8195386205876
9966.390945944951
-5561.460947811433
5235.404161144893
-194.12166346754944
4084.133408364215
-6220.9974118241025
-2856.6694390435296
0.0
-262.20709064826326
4590.028549613335
-3194.911747713196
0.0
-5066.41514572511
-2268.3208033159026
3846.876170502029
-35697.59048170906
6721.974509536319
4411.314875442967
3337.3995865890556
0.0
2751.4615638572614
6188.245924297334
80.44038762497917
771.2177903214805
-30.082118602641543
-195.23257186331787
-305.88227626632147
0.0
1492.6431779658667
-2824.914371107302
0.0
0.0
-157.27159247570103
7654.7058005650015
-407.99893473495035
5156.494408456986
0.0
-4408.566807048098
5251.509154955376
713.0752721906325
3357.2536369199242
-6511.239672979271
-147.73822973440693
-12639.789382626434
-4953.591008129884
-3273.1767468911
-245.0845597846063
-3251.786015937143
4532.297540257498
0.0
2192.7573883900504
480.9472827457896
0.0
67.40360542877576
1211.1436135807
-3285.7360130430134
3706.001353872492
8412.65565111966
-12181.541446088897
0.0
4871.2611523681735
0.0
13700.556493377508
384.9931646289924
7085.050817961593
-24081.924244127888
-776.5171744666856
-291.0657079852513
6130.155449785107
6189.290488044251
1226.558851329133
-3565.533619743588
-72.87970388940582
3619.323849896753
-484.1976703633655
1105.4940865468764
847.4106403991241
-13603.844988000277
-5221.021383885192
0.0
1524.5301661239432
0.0
-1505.172003583846
-4480.558946844151
-304.3371072607533
0.0
4861.353546624239
17193.700929395178
4225.748135522112
1757.3123745815099
594.6958002097645
2924.785545818819
0.0
6594.957162287229
1313.1164258593083
4247.457881924465
-303.1791965564869
1896.8876916797926
0.0
0.0
235.25961124777461
-359.7588607026994
1284.9665324200244
-11260.683295991841
-4738.548973111698
0.0
2688.193428063102
-1129.382062967196
2088.8411756661067
1978.2271873187542
-3307.817821700242
0.0
-328.99726953319043
-3346.6047449139764
1527.7907727153402
-2080.999218361881
0.0
2463.1348173138103
3649.392107236928
2417.8704165393624
-674.6633397908098
1270.379142376289
7531.058330728804
-1077.7326779365326
0.0
-2913.5217664317192
610.6677591816522
8796.340215905491
-603.4003006664748
-801.3952289266739
3445.458243563082
0.0
3.1947961698983534
-3077.4340295159122
-21638.620735886154
7289.224498501346
-158.83549256354587
-15342.972575085723
4858.008707900077
-576.2500133561718
0.0
186.05132309753924
44.55163657820492
-475.20324052059414
1893.0310987185685
0.0
-208.98312350154217
5106.570654664389
0.0
3159.7087769296186
4707.1679051999
-918.3313689150036
2966.551372301121
1563.7142067602258
-502.2128090632923
-208.82986594210666
100.0
2805.9315669137227
746.955729026723
8105.43230659095
0.0
2645.994636297896
-8871.232216687587
5945.071556050132
-357.7563468715251
-1230.8953875651716
-110.91888059847317
-2536.5759212432563
4178.203314537752
1680.2085128834021
-488.5200277639894
-764.7269438524568
-417.5882138793414
5484.090227108876
-420.7012898444375
-368.4161049617925
1175.5244754795986
424.2475646014178
0.0
-731.8387044971032
-19156.30211537497
0.0
2652.6380712027185
0.0
-11449.218926056437
1600.2784798530413
10195.246853405915
-540.9261707591577
0.0
3599.91422464447
-229.96529974500396
0.0
3888.787296415115
1814.0317558212594
-4450.938363632227
-380.94584916523365
2082.451820379149
1246.4887997213623
-501.3785443412671
0.0
4224.05883550643
1383.4759286980463
1899.5603088667522
-455.90463473376025
840.2192613708237
-466.57541990024527
10941.600072348787
3999.85995617307
0.0
0.0
-4712.876660700997
-291.34142252986544
1789.082564778268
685.748371533602
538.4370357594476
-99327.95780087996
-4534.751246153136
-5337.862678496147
703.9945857009059
-165.87770356110838
2107.294000132256
1693.5682770533392
-271.6993634923134
-997.9863533603142
-21991.39345749053
-183.22899088705145
449.3661845630912
0.0
-2459.602729146154
200.9796744946878
-9132.23527520445
0.0
0.0
-100.87214068951423
-516.9037140853761
-498.1916572837185
612.4743719257364
3538.7708573744076
915.9000680181673
0.0
-194.01392719866868
833.1793273580433
-4952.631549876897
0.0
-715.5028033706042
-2429.705370782059
1103.12421955325
1247.191713798856
1614.0574268816943
0.0
-3659.3740623308577
0.0
-417.6776943866422
-1928.588586050431
-627.5789801524411
1150.9492501921043
0.0
-6688.860459832719
2404.275119469803
2331.211675363179
1112.29581435435
926.8098999804226
-408.3972607724993
263.7469535752657
1581.8292780002328
-81.73225941308779
181.222806963182
281.05362440024487
3173.255442830815
5428.9048606059705
-6760.786004375227
4218.558029136564
386.66866726813544
-547.3426078876932
0.0
-1859.6317046446998
1944.8075240958397
-363.27520365283056
0.0
-429.1824850593891
-361.665428602869
-824.6108971248008
926.8318388064972
8732.66239356208
0.0
-416.4000695946296
-3267.2792729885923
-1144.3902926434935
-558.8920428630065
3054.005681132617
3572.268328765474
-467.19197684179966
-1595.674792657086
0.0
-2419.776292557422
-475.6967809476385
55.303880787291035
69.92019209979992
6351.667386261736
-3322.944228039501
-545.8433088964443
393.29881613716395
-148.19862163372406
585.4971530435282
-549.3245484233896
-216.12518218160895
-2856.231464082093
-217.10122774515884
1565.5535665811915
1927.493483290983
-388.2517694430392
-106188.55330068967
-569.448613784656
-2033.6751575932726
-284.5849968233069
-5225.954954810244
0.0
1698.7630384294412
-164.02735293148217
0.0
5620.125547433544
2189.211771812994
344.0267013280578
-316.86410781919705
-564.4315442607651
-8679.170511561651
-281.51858942264334
2010.3082916291364
1669.3295896897
3057.8070123739226
0.0
5646.6258710906095
-393.74428125937936
99.13520798648369
3948.4548642249947
-559.6436591768493
5219.923548127814
1107.4633319548889
-355.23776727726397
4733.999449660265
-469.81237085165264
2319.8198521162262
-655.1523401285832
4330.576307734356
1726.2328688989812
-476.4859712825503
-504.78173008894714
2239.136326743673
2417.827848471378
1720.0549001117859
-108.34138030806618
1641.8276089472038
355.2032115519921
364.17817603569677
-6464.447083644835
-73.08175935599897
-155.26307066720926
-161.32700021303853
0.0
2520.598714637565
7897.748285029876
-469.1338397625552
990.9836046892187
-445.4798354618299
-492.0468568133119
3698.839276186134
0.0
-813.6551683977269
0.0
-6548.616431674331
-926.4669116630153
-559.8807018448692
-873.3289894249452
-3496.4789320785576
42.69137695223844
-2010.659451543004
-3311.9289006032736
-451.43389748619256
2474.623207122691
993.76326804766
2588.035717438192
75.73275324962651
0.0
10818.34083006025
4271.308014968249
417.44287000721556
0.0
5243.247536935744
0.0
4856.918261231634
-479.63915673270213
1314.6110801707068
3520.9686260690432
5075.040405976798
4444.515518392584
2065.496945372086
0.0
4101.401342871442
-1385.3124011045234
-506.30771566851416
-530.94401733434
0.0
4163.97077552715
-5695.707012452757
0.0
-454.2652738199481
-1340.3721564817824
2830.8845386349412
3421.6404294397853
-1737.37063426757
1200.287447972351
0.0
1083.6878081906473
-6940.67851710607
-63.57506867925056
-96.53911859262345
-531.3651405955145
-101.557523920321
4839.339021804007
0.0
1788.5737518647938
-1028.1231846965966
1579.3298578683682
-517.0856132334845
-253.81081415974506
3623.657352478817
538.529717616689
1751.7088635953362
2668.6481065934677
-3611.323887131687
-446.5548231524789
4253.9674054049565
-3555.6096175001176
2393.8326836913725
-333.1190889936325
4355.185733981684
4083.8323499266107
1991.988564172755
-834.1474212543868
184.0732829502395
5140.380222902308
4365.916915654661
1434.5243105572808
0.0
1522.8284814584665
2497.497231584066
916.0975178565939
1578.0641409588586
-2192.5945174809613
-470.5411621180538
343.8000559444404
-1684.8542034970205
-518.2558652638093
4952.670755547119
-638.1278043780092
7627.510505824416
-1030.240718449515
-838.5575168391522
-199.68112148893374
0.0
298.17906601840826
-892.8266050187952
2045.6905677469094
1718.0800955977068
-462.8946884137524
-2510.3182630673564
-491.6265005602354
0.0
0.0
0.0
407.919348201507
17426.08539635525
2979.7034159921473
0.0
2905.023145323087
3023.7422752186767
1174.0721519490362
-461.10346153824105
0.0
-16647.03043012008
999.10893952278
2600.2653451918736
-640.8326534439998
-470.3352698792081
0.0
2974.7171041605225
-1286.7748899340434
-869.1494034520374
0.0
0.0
-9000.978809491186
3011.5841767315364
1250.388183942913
1674.4135624222718
1463.6294128571203
847.25700850875
1697.5193459759087
0.0
2802.726588348165
0.0
826.8516090807668
964.5501215605736
857.17918213435
2311.8706840552145
761.4055413991183
-1068.6369895018424
5007.320310119605
0.0
-14272.67999663811
1996.7310250739597
1475.2201061330468
444.9563921642996
294.0689537481635
353.87259452138983
-7355.173838564873
-495.23059527952483
0.0
1067.1133811662962
-5088.338889382354
273.19096629885695
-6151.428199366232
-379.8274162101645
985.4923454454283
1063.4799086420994
0.0
1727.9176382315673
1357.8842910305966
0.0
1210.079306332566
0.0
-7101.030416004531
210.24889102564424
2316.47482123517
1899.8320381024946
-1073.2554088239704
-1004.5688791062786
-324.1043255055657
-789.7432966689706
1852.676822026056
-2121.590712899773
-5338.396515253011
-518.8809624854291
2743.8279166011275
810.9257439990004
0.0
-3984.3065672490698
-7757.38378578701
-1791.4409359517686
-475.49455093751016
1488.5956403826235
1606.9929377960477
-489.06226675770426
-5703.921203638996
2744.049528355395
-446.3719048853948
-509.4671264621323
1459.5143156781912
4821.939724832153
-5291.654680587584
1383.8648253975348
482.317317196615
-2274.590381355953
-395.66038500681873
-1123.6996337581697
1556.6160967594335
-414.9628118094038
-109.86517168064411
-652.2036880706978
-435.82081391200165
4514.964191563986
480.5400861247483
-6506.604500454957
2326.223742010542
-761.7053876357539
-544.0067068765991
0.0
-108.59504954699442
-569.7902305440668
1606.8920891893138
2999.430068992372
0.0
0.0
4700.8142995895705
-2122.281345215128
100.41022448392937
807.1922832275718
0.0
-1109.3125768654254
3477.000751141998
1750.1157754966446
2125.2049146515224
5679.3061356751095
-1066.171639417992
9437.016840346769
-1411.5631028319128
1603.056167782256
-24.34347094614367
-3951.8085582573553
1191.7041714400814
923.0430102870812
301.9093779687433
1256.279719477559
-4220.798406278163
9734.01210166632
-5981.247098305324
-154.89448918721843
-487.4796605608047
-4526.537540681776
0.0
-171.6186062383394
3050.519933131206
0.0
-4614.304510542496
3028.718817766527
4966.713291744471
1687.837665194577
-10195.726862747168
-475.9355782275698
170.4633311119165
-63.757662027843566
1253.0615849073683
2340.149244751824
0.0
1625.1153331554544
1355.715696967369
-181.8421437767623
0.0
-484.27313665635575
-549.4642202633196
-136.58095788750853
-1158.5055465674322
-910.976605046497
-10770.279953172858
-437.83890473668146
2991.3777369253266
1852.876402069534
1724.668132084388
0.0
2259.360713271403
3134.0869276681938
429.2581535803703
2074.256670560577
441.03258733463576
1672.5024440982947
-460.06619099211395
-873.6353352780025
0.0
-61.03693779845807
621.2210449654688
4080.277263070775
2122.5785390110022
-4300.653999839484
-6318.850792583312
78.03617357275527
-477.9328303325368
1486.4943802907337
-556.1467114799168
2146.5095342001678
2023.271081163044
1705.76963895561
1956.6641214623537
-473.28593310414675
1094.0299497481403
0.0
799.6691100065722
-34779.022347047016
0.0
-1203.8029542948802
1762.8988906048562
-4560.6710261432045
-914.3375440057978
0.0
-4594.645337415813
3256.704581555015
-100.58622377027505
4699.867953391966
-1558.4919865633562
1271.9601259738774
1940.3023375204334
0.0
-357.52015158211145
1802.0234447251655
2101.044900853774
132.80312489371698
-3045.2599722743594
0.0
-3021.45467098875
-494.886910027673
-298.644508088227
0.0
-672.2954679368939
3077.3713887968574
-454.2019871135075
1546.9763636420246
2812.2823528839485
0.0
4333.34712741721
-3961.206509095353
491.215211325164
0.0
1171.3102482007987
0.0
0.0
2229.4440462694215
1423.6250489707925
-10756.694475921224
-3640.801900547714
4756.971646244542
55.600345451338
6072.7310329235515
-2456.11441223803
-212.5857631845805
-476.2835745804874
-428.33550580896303
2316.062051534551
2976.7833644647667
-915.7091781503876
-8762.036103613504
4520.507520047003
537.5075001595613
-3138.333750777179
-4466.008041981619
4647.00140197024
3816.3658323931704
3279.3679995830407
-520.3365862324597
11139.577929961202
-7171.675595590249
135.0748579726884
0.0
3065.8062909898704
4776.884510701443
820.6170233671027
-400.00012033667736
5334.714388270243
0.0
1763.2206119815694
903.670704108483
2064.4872362857427
-20626.663214137832
-8926.532857600774
-8769.245823873809
-30091.251812086797
1638.684401043037
912.7014238221707
-631.4388106034417
2096.9855215939047
-1535.122882212254
0.0
-998.588985864923
-26.057012587793025
-859.2227272257905
-366.76307429417915
5131.783110645472
-441.3333079638594
-11327.600682613203
-149.66833926697836
2089.8729304042313
280.052443263922
0.0
2829.7579029500207
-1122.4607645583178
1284.5929788916571
0.0
1221.664848714392
0.0
2091.5320654806187
2066.1516599816264
-464.463738913528
-12945.668029303502
-539.06300212737
1733.6199000423453
996.9875993494011
-388.70538146377385
-865.7624275613938
210.03239076762475
-20972.309327677725
-1164.2551337712266
-7615.059315732073
1694.5873167218667
520.6492050821126
1180.3440226466057
0.0
594.5946094043566
1211.519020082
2361.2573763841465
-639.0011653522607
-1544.4991233244023
1328.0339694550112
1270.6807533561291
-152.678620356384
-975.8178095993402
-158.68077925601165
-2135.794766825519
1171.592517677351
-52.390369650420155
1359.868341810063
-463.54711943427344
1275.8327133021792
0.0
2407.088600246773
-2240.7032271672633
0.0
-25452.854284134963
800.8188169301486
1144.2118480694626
-173.59991883108893
1264.5790320374792
-169.7475085263256
-4477.69259619269
1748.1749203091072
-354.77977065722314
2275.5936530474632
1303.9944980111952
2038.0648480511404
3024.2098437028912
-8729.62022376222
1595.5483260288622
-2399.787601418865
0.0
-6611.0702355676185
-73.10748638775027
-10625.345296027741
1824.2764966564894
-983.4115015861713
0.0
-7818.86998022536
-897.0300415492392
2831.6920694616488
-613.5911326585317
0.0
-3159.7459906174076
4028.1522480505
-187.8720875451344
-230.252777267195
-1482.7565959842955
1651.2975375909643
851.4723067046168
-341.4473748269387
-419.69454699990996
1717.8969284782488
-1768.5812460145073
578.0716357770702
-168.8013342967746
257.7535787445077
0.0
1102.5790141658701
3853.5651429966424
-3038.027199623011
0.0
0.0
100.0
-425.5365740353923
0.0
-552.2391410017101
-242.77436875624164
-11640.666485894197
1728.3068246366079
-95.93820987290593
2363.177062849063
-13875.289261578053
-892.0659455271451
238.46289228768956
2600.4054788905905
0.0
2297.30789931481
-4476.435621357349
-3726.1208885774054
0.0
0.0
-218.17606622480488
-836.7197234658419
1862.0527527466488
-476.7591378251611
-342.77231375982103
2775.6721942693734
-232.90097871547238
1133.019070399125
2728.8814531522107
4856.192357599246
294.43851238367154
-4808.400465144602
1305.011113105517
-514.7379824175005
-9931.85377619954
-10624.649089164375
1846.9286682421289
3334.2118380382262
2209.8815253999915
-400.09749714257686
-537.6414967137989
-581.9616368573445
2005.0854281493748
-68.86681450717703
3920.005314804088
-1691.9036678641282
342.02932235449885
-143.71150824224432
100.0
2407.690920644958
1603.804157003199
370.157266632488
1170.9251973002729
464.38529434122574
-7667.035584387967
1137.239082968671
-493.84855316347966
-188.97322088103488
556.5975152804991
-826.407525089578
0.0
1568.069530123904
8135.745023151514
3122.4740050787673
-427.61977218059883
3978.983432997542
4383.90146097975
-461.0638084491594
4310.198441824642
0.0
-1502.8427267452296
0.0
-3347.948669246627
0.0
-300.0220726557868
-463.4190203331756
1833.6431306761963
-480.5493150275138
-736.3874526715974
-8066.190455182077
1972.8892195255344
-456.82052983360575
4031.180065027851
4130.233241504038
-2032.1736911017806
-75.19526860440403
1145.9003952652884
4312.743420674229
2453.784334569431
-7463.132202676998
-2402.0487083217304
696.4248016647282
3796.3985690479635
3529.8052505848614
1797.1033522025527
-109.08265844919497
-436.33398132940414
0.0
3043.0440656626347
2711.373966628875
1417.6219509217815
-1441.2434982992108
0.0
710.8406278931608
1378.876477971293
-433.6723544124909
6891.427923238185
-6847.571987536697
2746.1383032389813
0.0
-4548.083582852157
6231.312788297699
-19331.92113627857
-199.3571300345282
0.0
-267.3927808544672
4.696476930310155
2268.0669344088537
156.0239854558368
-493.8602264268165
-89.75840332941476
-499.6294044830378
-269.15309252105385
0.0
-101.0104349106879
-1672.6958354443989
464.31960591452673
0.0
-161.5514056331334
0.0
-1959.7182214829545
0.0
100.26869689995567
1340.4558280771582
78.61598855955003
1622.044536098099
-2974.1468906404994
1453.7876213054083
-492.09476966173975
-136.5008311016934
423.3265364177188
-18507.356944993808
0.0
-78.99728782032267
134.02767856690014
0.0
808.0264756244356
-59.6371378479181
-2425.5246643808446
-1231.0630158355445
0.0
4364.395433301105
0.0
0.0
0.0
1687.8883219832114
-159.11625230935755
1115.5800642189924
-1868.397938367243
3496.5663131224997
1190.698979640025
-2128.3294970072184
-158.953596587723
705.3988175733937
-7546.679909605375
-79.7974903554484
438.8257158272663
1238.3142568413352
2816.5306848964187
1100.2950510367498
0.0
2434.236486174989
0.0
1449.166173331457
2602.4141663177
3200.9213875214787
2515.1875301535933
2187.7277017152087
13070.72392406391
3409.6148474438055
-462.21971460748523
-105.97518345758166
-429.6594887674511
-464.8573684841329
10.529150178528454
5318.643074822273
0.0
-487.44979918459006
3480.296869595132
4289.488079975793
2618.4820478048487
-457.46390623112126
1753.9364281178805
0.0
770.6351566154283
-11018.787220905444
1232.009981844541
0.0
-40839.03186639937
-943.6140928862848
-469.69374828964317
-419.0446435487555
-460.996258815069
-272.20011199881077
0.0
-1430.5312037257904
-2129.4469480209013
37.62800598462789
-507.06624528561167
4773.749266030485
-3175.3761490517327
-3106.440012614791
-4238.570112161709
-3603.089268768638
0.0
-434.43349287367823
476.24189498133967
4861.929374477023
733.4753280922688
-94650.09481173447
-455.51090127643187
-160.9513987270818
-2384.067823197566
4741.36291110267
-553.8700957074041
3298.3512162106463
109.85984904385776
-481.0555899438235
0.0
-4667.37349662979
-85.36029053267596
2015.5054202013744
-449.0224508586424
4262.2470344046405
-489.99471562886424
-452.7638530092167
-410.57673049047696
-494.23548744697223
-251.17997441751348
6726.074358400193
4030.193579109321
2336.511664493746
146.98454534103718
111.40859565516098
377.2173773888878
2086.1056147410277
2794.226694569664
2083.172367335354
-561.8933735958956
1480.9104108013375
8854.552397845531
1096.3442395527522
100.0
4168.447000604827
0.0
-691.4778670398425
-499.97553719509057
2913.528794240505
3725.4917717201897
5726.906776344308
6200.6195498116995
-465.8776857803761
-711.8575413552219
-457.4244402715943
3565.792890382332
0.0
2142.1629246381535
-3359.6153290826337
-692.0986598134309
2179.6349165360634
0.0
3799.3482471646726
-533.5888017263454
-253.2564015352739
0.0
0.0
-622.1362826016478
-5926.252973183035
8769.716256189982
1756.0966321280998
-588.6542219670282
-99.46817585454302
1947.686702319219
2041.940638384695
-616.7479773390281
10018.21955408054
-496.46134037764045
1387.5010985397057
12.236566673451676
3502.773569117562
-515.9338961972803
0.0
2618.305198737538
1080.0209038756816
-2426.0025321270878
0.0
2078.356031171026
3937.3452554142814
-320.9750094516802
0.0
-153.462828049174
-4166.961378749391
6078.790844531731
4711.560327124445
10350.466830122075
-161.33981145402123
0.0
0.0
5097.594809277179
4357.757739300136
14477.149172048988
11365.217146506502
198.29843874366395
-12671.1360038517
-4194.376288833711
-3948.5056542478396
0.0
-201169.83261379643
-905.807145030915
0.0
-18121.571736388058
6087.133053771551
4564.10690773982
302.2956003618152
-469.9240247859767
-3615.6002201723068
-515.409973222755
647.3219059425309
-445.3902400418479
3750.725486496481
-506.07505767564646
2891.259606842071
2146.0398926503854
0.0
-480.36386757060086
0.0
-4691.11493908207
1413.2892775334467
3812.5771128336446
-942.9965835378973
-277932.79682319675
0.0
-476.6711159216396
0.0
-392.2635359078604
2367.1965221147548
-1381.2423292053616
-195.42084157744657
-389.36212061721096
-3310.5192658100405
-26799.43535752009
3353.479652033423
265.33366333324466
-465.1245937863257
-750.6367222833162
7354.971748545607
-104.44662874466826
1850.857086084999
-3443.793641301121
-10061.520800642978
-4212.638975378739
-14460.337939716752
0.0
1430.489228376076
137.7125531862352
-2538.5644533395985
-1494.481453582779
0.0
0.0
1134.4470170633292
3671.81310859987
-2344.429495740943
-156.88128794731608
0.0
725.0680941269594
3172.380419718416
1556.791498154283
-472.0771376603999
1984.7577416432396
521.6871400001995
2892.668737286775
-483.4236193855253
-182.4609999608123
0.0
2444.795564857464
6977.204406675293
1457.0361401914909
0.0
-443.88104041465294
-527.2881735176262
1412.2492904910494
1789.9122212212915
1962.2719484594004
-21565.897686667926
1489.6669538473861
1807.2683009918446
1310.6765306463258
2755.2033409073147
933.3810954555258
562.3044340563973
0.0
3376.0723732485676
-467.8013282879035
0.0
0.0
1486.5470685428115
650.5254399657705
5014.009502117218
3246.1328497320915
-1436.4876014153594
0.0
4408.729016715811
0.0
1153.1528901806744
-2302.2664153374712
2285.8126811904963
3404.7870564414775
-753.9524487554843
-4504.84824218475
-445.0696673936669
-2679.4378118584286
2580.7186975745144
1571.2952511625936
92.75838400461942
2131.3490957341996
-279.0005455087234
0.0
2514.4827233134683
-646.8579663661292
0.0
-6058.524915535829
5009.255151139793
-5249.125846110565
0.0
7361.566816432029
-6035.065874054026
-496.757601050775
-187.2466774561048
64.54707909254682
4598.016168930733
-703.347345491409
-719.5028466912032
1418.656483543938
0.0
-96.50484453347256
-1451.141630850084
2953.46525434787
-539.5246432105132
3237.5287363261673
4480.27372555107
2167.2280154573814
-523.9503299812186
-3198.379659620225
-386.59386941203843
0.0
-251.17000086878582
-6953.525097849412
6045.960161820965
-468.62451011182327
-1226.8447860405613
-786.6731391018063
-5344.900414429717
2850.868270235797
-18012.151597433778
2927.801727949811
-405.60796376351595
-475.0346119898548
4702.366675371593
-839.2117809277182
-673.4317148751828
1955.8831021094597
0.0
0.0
-1712.3984386030063
773.6229966162822
-718.6223951133436
932.56991449937
0.0
2115.2543108930645
3371.974647130146
25.747229160311463
1501.9117306924554
-2729.130364902414
0.0
1525.953261564227
-1325.5773638610442
1855.109327110335
1581.7239568394616
639.6593792052447
2554.6824204008108
-409.99743750345624
-452.10193619823457
1535.7316207806427
742.3967588104497
-99.5858259748141
-718.4277357554051
-1048.7273205129432
-4039.160214992874
-509.18187143333193
-460.2224677391008
0.0
1340.9431184045009
-300.1555810946526
1594.356928596675
0.0
-516.1304445846863
-3990.5031015118125
-1917.4870068012933
-749.0989453238498
-5390.67894677646
1208.5070658187917
-3176.415856925796
-657.1098110801637
-703.0893573689373
-1934.5985931592204
4241.533778759513
-1352.1134657581454
2736.2238981640257
943.9701464975583
-5915.753384973018
-6397.961363314639
-562.8527507030228
4831.322028925389
-5621.217004459842
-1813.9848408309647
-473.1533493700555
126.95905533319342
-8338.423669945165
726.1257417150882
3207.546699778646
-417.3462387187943
-3985.6688843248794
2749.6741169539114
1721.9106680132709
2603.428838738915
0.0
-81.73544588020287
-649.3734490733702
-207.2098207950211
-838.9724601757256
2347.9499814604987
2602.681418728346
564.585705485282
988.6359048805252
-470.2651664068306
-248.31106819568896
1500.690925836518
-183.76273799252579
1447.7928156516543
0.0
-3950.6339877308983
-2385.444168965072
1448.4664164696233
-468.73420280186645
3724.4160242556613
-297.03908720107586
2636.045426886398
139.97562487167863
57.032566588136376
-541.8900805311764
-2237.493149606828
-162.66723869549875
-299.7523758740447
-3118.7500097295588
1283.7804783817828
-481.9604839940812
3432.87310130034
-10995.127723441374
-15581.185587450691
994.0335234076795
-23.7961919916404
3733.7208159030006
187.3894752250863
1797.580954868226
-6810.284211024672
-1367.3937821546222
1685.3727203369763
-459.6257227322495
-1562.5378439116955
-2792.4597378442327
-387.9511087736397
-2572.9713977245183
-480.14727179680216
-3942.7151016108496
-1616.1784387256093
0.0
-551.5962621930192
-892.8751438194859
1037.967032978746
1108.385275159169
-454.691192492499
1137.0034076263637
-455.8917295376085
-5220.530575342894
-546.2836963759548
-261.99559389357387
-100.06554553762561
2292.755575519747
-1563.263720309654
1049.9887858092611
-11098.565150855515
-164.21149395672762
1840.2086046853597
-560.9476083089762
1309.0186054034427
787.9357353108375
1174.055455052901
1494.0580340027823
906.3381629140943
1211.692303795955
722.8833473084029
-6058.2825118461715
710.2963281923905
0.0
-185.9500615404596
-261.8319152745591
0.0
1484.5709651026084
0.0
1413.5640283656012
-393.6483754206836
1349.3458716743946
654.7628748762584
58.93898806507519
-935.6203336874354
1062.2966673628584
920.2589894057983
1829.9980986431608
0.0
-4212.890134077282
-13585.915189334912
1227.1821193633593
1624.7709042747388
0.0
1316.776836095861
0.0
-8.361917938389354
-6915.534119268073
0.0
-2797.11742640259
-85.6899832737267
-13091.039515134202
1648.488377493525
-10003.663123337685
1089.411813671595
-2006.6226462632605
997.0362581195773
1247.489451565002
-349.3357649520846
-2937.4681055716983
1445.3716981823557
1996.4445556559522
0.0
-155.26016608211705
0.0
-286.70086515492727
-305.27235324121335
204.0622064397777
354.4917966752264
0.0
2494.125434682848
-16.727604093498257
1309.5705624890447
-473.82475207590795
1414.304887897094
401.8293860865896
830.9928402645787
1000.8575002467016
-413.44918712853564
42.186010990052296
111.20844820516226
-563.8288247687298
-108.36967607700122
393.94457943340376
-872.5335089499039
-101.1887676800653
29.485021500934238
-85.2059965257019
-3078.09262246135
33.23190910166966
1390.6137129411306
1032.656683317251
-82.51158666480347
846.8705681404247
-482.1679568382235
-1164.417754915589
1717.026315702691
-4588.49097703366
253.84571836636223
-3809.351617897147
792.5974450661902
-3282.6286180363163
31.29447637505308
-81.74576600078211
-7724.845053644196
-100.27444528293303
-449.00108018859186
-17.719144132151598
0.0
-120.68817399982187
-4719.187145969559
-100.24194840418767
123.67864617932815
829.3260405684848
-7196.288800120957
100.0
-33.14503563904489
51.239968384397315
-195.15898743812988
0.0
-614.2581524035398
-297.65936711021516
0.0
-254.97678797484966
-1766.3904708159016
-2218.9672515062502
-401.0714883554565
1157.1620436059993
0.0
-159.82339790485497
48.68581599465179
1170.0450533498836
341.87926394739554
-457.3945531480937
1905.6236772886891
-1507.9442511306777
0.0
-1271.792212075969
-4653.455982979159
-220.47031019245327
458.5151526325278
-201.45129343008168
-96.8198864595239
-1857.9669733450553
1326.6441211628353
60.617867554388
1785.7005695681
-2988.1842832962657
700.4503944599626
-813.9502065693555
1421.3173798071596
1411.3718970846376
0.0
-40328.304086885066
-5201.89124135366
-486.4397258332706
-20835.452053316025
0.0
-10.740964405106013
0.0
25.78778330003783
1118.5167241463653
567.3048820358847
-874.9769031375401
0.0
1406.7455735655496
1029.9170470724027
-5775.582943255672
-2570.5743167524433
-2733.3193939830235
1154.1039498257678
-2362.598497745968
-32872.73613334143
-98.56872457258115
-22296.622434277244
0.0
-467.04695317447096
-3747.658968521672
1295.4881943547887
-1500.8520005965302
0.0
0.0
-880.4379815546906
1648.2207504994049
-767.209634828077
-819.218459276666
1492.3478583166775
1350.2122657112043
1298.7671282025156
0.0
-2277.257854443845
1392.5744152033783
2115.680826815712
-96.1124907101928
-131.90762950271093
982.8304119509121
2037.0376141301986
17.831725077533065
-495.52349378659653
2071.288395022821
0.0
-4729.2328957331865
-138.08488057146803
1488.0444576837078
0.0
0.0
0.0
0.0
1880.374990274278
1431.0388979174722
1474.2076233197079
-1177.7188773444743
-1489.398680095358
0.0
0.0
1629.7914557602762
0.0
-2.328979293516255
0.0
0.0
-5988.903697782616
752.2832408740885
0.0
106.22468415277314
0.0
-5560.770540637102
107.48124207858933
1906.629363370328
-5264.123597989926
2672.7422651690913
0.0
1828.7133063461654
-463.6299395596939
-44154.762532743734
-431.2965797929168
322.3547057150646
887.9402811046239
-280.6681596492735
-1858.5929250234467
-237.75201175363537
564.6232998885652
2903.608767602535
0.0
3000.8359918982305
0.0
2133.680703303956
-813.19055794835
-6331.275327715577
1428.832591842527
-4087.51233924873
-32820.90500940393
-4070.5685888248113
1633.1444061512877
1607.3177222926097
0.0
-1049.0321744290281
-481.04804336728375
-1125.6402651648395
-524.6639236654764
-544.6687939482475
-1071.3803792684664
-475.8996638307398
4486.496178431075
3389.8659380086333
-3412.1724722616445
-1302.2428591103553
469.3458545006281
-9420.596025846853
-15141.50452916694
1458.0946749937577
-4377.050262677772
-162.6099343553693
1595.0638395525784
1601.2158912323814
2542.765505148579
2343.1146861722264
-484.04676359653115
-484.9868599903453
0.0
0.0
-131.81367930073117
2984.221986288974
1503.0253418011619
4204.894330555136
12.741168189088171
-83.29414516391552
1905.1683361704495
0.0
5100.387442235203
-187.9456569298127
3822.1088788433876
1586.2873277812241
1380.4661730495811
2108.792989665407
0.0
2244.758214747342
4342.360325608256
0.0
1191.6032627534055
-467.769061573231
3667.6674128639434
-7528.437309860686
-398.1237125167305
0.0
5702.6104910442855
1674.412762888683
-315.63359491549636
5166.179759600141
9788.285008875842
1803.4502610113618
-104337.22387505588
-420.9558593181328
-11710.413002489307
36.07072956735985
205.94311001954333
0.0
288.1489647349501
0.0
-565.1310475976214
2966.978033089585
-6597.741292279143
0.0
140.26069600513898
-301.7257067502456
1246.4228541604946
-474.94234496554685
348.44292780449916
0.0
-228.62392697111162
-464.1534143433653
-475.823591852126
-411.43206372506006
-407.4533873122808
1842.785691934328
1083.454235397874
2198.413122282424
6710.517325681177
-374.1748286660095
0.0
-35283.438805008635
19.012567947409423
1195.8766416191338
0.0
2422.837521119461
1563.1064861781374
-251.37116908362523
-1259.0403897051362
-306.3811906345975
-436.33997902248785
1940.8137108102
1321.9853676280754
872.7484363432836
1708.0233967308095
2375.0692918763625
1821.8612424532307
0.0
-499.54454245777816
545.4544206222607
-182.2437094750512
-185.2345955898475
5806.083700262806
0.0
-516.7522629413309
0.0
-462.36379919555134
151.4624125557865
255.22460176774814
-955.398156968653
0.0
0.0
-107.56046751354917
-1757.5316280354239
-293.0833141201964
-4866.251172681163
-3416.1240094733557
455.53925716869287
3214.0491948282324
2053.5241386241164
-212.61724334981758
-78.30597442513475
-646.6423676842824
-786.2547998153166
-389.34857595375786
-2063.697019838126
-871.2506129108839
3002.971071666676
-4064.8197944023927
0.0
-94.32401533090379
984.9503274950034
4481.443556568552
7152.451461285774
-493.8878444636264
-414.2760840007048
-290.4286426727638
158.45286348018982
-496.79072804029363
3705.1154481713065
-252.36921027562246
0.0
13225.020867408599
821.4426522090105
12477.166639868701
1455.461891545318
-105.73373649877979
-1312.4782129322812
0.0
-1146.4163031608282
-477.22334387840436
-48.94289860696833
1101.0241527705602
-171.47404328067148
-4182.531953165539
0.0
-368.1275134510767
-4211.7353744246975
-152.14134752106938
-682.9616702714611
-3774.496679538681
0.0
-70.17122167462568
-475.4693295933878
-4040.17241954321
-476.8789313738626
182.49186518759774
517.0122312439881
-6679.414505090299
6610.592950550898
-331.23109216316055
-3327.7106317206044
-233.9996410313778
1812.6495348344017
-100.5601835126416
0.0
-484.46449028264794
1039.5277858527263
1352.7329407268749
304.83059095614277
-508.9868692139671
-497.9195341405153
1010.5313130131619
-91.05999497261112
-92.60588763233098
248.08910973873105
-448.17189626030864
410.55191422562973
-104.16554879396053
0.0
-181.924697986271
-88.18125308079212
-101.51097883144291
-105.18387089062217
-453.56613316396044
0.0
-50257.24578155727
-138.55181631362632
0.0
1229.504633988602
188.1784815121497
1480.096445599888
-237.63091282637285
3069.5994426383304
-479.65450426184685
-540.6700684010325
107.87906225128518
8216.262528689469
0.0
-419.2806448169446
5697.277604338772
-613.4635869960257
0.0
1084.002901078948
600.5935547391379
830.9295552604392
824.2765714410605
271.07675969550746
959.5545015821742
-106.88036645893239
844.8582765593917
-190.0328930925461
1185.1515139253836
0.0
323.85290193002595
-563.7610253121622
-93.3158113162933
-794.0462688968713
-511.3657479562704
-214.2880808362549
1497.3459219862482
6437.489653760989
-281.38213400657565
0.0
14.704446859558118
3918.502836035813
2129.161494576162
1030.4486247569748
-237.52374543377744
265.05814348605156
70.5399313417521
2220.3468008332266
-14063.204885318815
2431.115546459839
2657.1797801206994
-483.99779053499276
-6812.387243214232
-173.94595578272396
5469.380787539971
-2142.230796107543
0.0
1432.5854559521645
0.0
0.0
4213.14452477609
0.0
-43.71757798638723
-439.74792555945356
0.0
-120.00609789335363
-586.4833589776049
-485.3684225148679
2743.351613907443
-1685.2652437044223
1520.5713637853892
-367.85190738063073
2446.3287509612323
-7351.003904009074
-169.2085302281697
-564.8107917554194
-145.76765426707212
-96.88666997394411
1031.8401633286878
-343.77103630490706
2741.4972910867505
-454.0387746685276
-119.03387141995711
2136.96678511213
-3357.634201016066
0.0
0.0
6942.915068546755
-1629.609095528316
-244.69530430595324
0.0
1708.5274780217064
-356.07667221237216
866.9114611335483
0.0
1944.6995452675492
-464.78440330574
-407.1626628973395
1205.4604525030802
-521.7571198257001
0.0
-147.62369960767467
-10500.20933603567
-186.24760766387524
0.0
0.0
1276.4562121032277
1565.3137124106347
-550.1827822174723
-6440.717288644737
-352.7929513595716
1269.201896516157
-1473.94400762643
4.795944627025534
1236.2059602599325
608.2469769117199
0.0
1344.565849324252
-498.6486977540663
-989.7867329720588
2501.101338719772
-389.82618539319463
-36723.307413440205
-119.8009824741477
-9743.796808122384
4109.408587044311
-464.1011711164354
-602.9286864065372
0.0
-4407.033319223137
0.0
0.0
-460.2890781190126
23.39358613672124
2867.2088175139143
0.0
-462.4598970947372
830.1105483403894
0.0
-184.3496412942592
-1926.8956596529222
-586.8103175256597
-304.2961957044245
23.14724179858169
610.5340467926037
432.03047608547433
-113.49383174807731
-449.3514053732074
-207.21064188052546
1666.8480285569665
1165.3153382282055
236.0384518469313
-540.3774956320817
-450.7239618466027
2488.8979805732397
-470.48186649502713
1437.3260147653793
1772.4801194157894
-100.80552648531553
958.6420332484699
3088.6983286967566
3442.39934461987
-485.18105545855127
1870.6766624213847
2090.919942759973
-266.7056021169491
-190.38843935338838
47.34103140557255
0.0
-330.95947739385474
-182.4240196140473
0.0
3261.893328837744
-505.3825785739681
1696.8733732472265
340.80201046365517
3230.8129912058816
-1285.350819798546
0.0
2778.407732766093
-5.106636413291483
-35193.56445591853
2237.2784457009666
-335.7745593635052
1121.1603953061167
0.0
676.7197345324525
-237.6141215318575
537.037713198458
1963.2089774187507
5.990365214142372
0.0
2552.1739464302714
393.6805972895054
1040.0520806140357
3842.1785304719624
2390.5466253889585
825.9120111153777
-498.9296046625098
0.0
2371.415093577302
0.0
0.0
0.0
0.0
-19467.448144549533
-324.0380053454528
-9032.429097024908
7633.867227424724
-605.3702275122278
0.0
-42.32357150896419
-94.20704916038129
136.33667935361325
2531.020397384719
-232.04345352732545
2686.177316627023
260.9699138073941
0.0
2391.2740044442353
2786.8742339141963
-21645.108492041094
1895.143213824007
1138.3229996423454
-187.1760954514819
0.0
-111.40905698075626
1329.699921418661
429.5742612773786
5976.372142596754
0.0
57.529014036610874
1414.3309075550126
0.0
0.0
-535.2176867876365
2575.481436406768
-454.40514687173453
-1418.402939468431
-538.3495282015856
-31677.610319639614
4386.124812516669
-1165.8956263856694
3099.9573524984517
956.0111646261582
0.0
-173.79956915140784
0.0
-34269.81440146769
0.0
113.34712970408111
-460.80876732478623
-4485.675545403768
-542.9638265062797
798.5419730174278
1901.1771368967393
-183.69814925332815
0.0
1384.9935043658127
-447.5402423873165
-694.582573702799
-453.45438407241556
4547.366291616292
2578.206184413235
-375.9312366460856
-189.33115024250577
0.0
2855.4823841864936
-1603.5655200633616
2057.7885320734513
-486.0734482541239
-444.67210357006854
-404.4879467239018
-350.3830606818083
0.0
2109.6534116655916
-162.2762265537606
0.0
-542.051007229654
-479.67569007566357
-115.81461577939227
-296.3991624498099
-2897.5482629917474
1008.7543374993884
-510.76000634626246
-353.0092098195472
-1746.5542199978443
-94.70006408785348
-162.42424174224303
3673.485336304782
-2418.2412706048394
272.7239307933326
0.0
1429.5966462923711
0.0
-426.7735607131686
0.0
-153.58591373935312
0.0
-426.18569046073344
0.0
0.0
49.098133555095444
2286.365510489019
-472.1574111119108
-398.95935600363555
-240.8948742226545
4545.988895901135
-684.5606049163468
932.964177105903
-910.8708549695947
-1198.2153625289443
-118.49632831930427
2032.1805049855984
-2233.341003177241
2241.9441605467637
4039.480163162233
-476.9599799144135
-397.7396255858263
2380.9185120861957
-465.08287892024043
3018.82444503474
0.0
1974.2280880385679
-1336.5814394147726
1489.2392910021197
-448.4699195902838
-879.4088667426887
2007.162895359067
-529.9789355079392
2320.4269106396887
1510.0119841138242
0.0
0.0
1231.5482419542616
578.1120799197708
-4257.891613244445
-637.5651944031213
-4286.18579279265
-560.5713032746033
-704.1827742216257
0.0
0.0
-402.65206055593524
667.0808702332041
1732.12647679763
-2495.749419703649
-373.38782174638163
0.0
5786.757647158745
-2334.285981629816
0.0
-154.71663386100184
-3921.823454977047
-478.4465267851911
1332.694282299121
704.202842041238
1288.7774492899857
2262.771405751986
2468.584262004497
-471.8460852086554
2657.5050181637826
599.8115680158882
-326.80626515702863
-183.64144212003765
994.5501161624109
831.7373373690978
2138.98482626496
-198.47981826888528
-149.60020971179134
-471.2496238682066
-587.0844370417702
1113.3750199296662
878.6384778498273
-645.258257614128
0.0
445.5248121057598
-489.1356302761898
-114.07428186496763
0.0
-101.81242552037548
-1438.8158235691014
-529.8084872835321
-129.38822711755648
-185.41953921314104
0.0
-156.226187208691
-452.6218259683363
39.609520482002836
-93.71083156931371
-89.53718246452064
-562.9442826756251
-943.1929713193392
-97.3017351183296
-1200.6977260742437
-457.8912397617271
0.0
-158.145858225352
0.0
1199.201530961588
1712.8364139548473
5372.038318189362
3550.5083247422376
-641.6304098754673
394.9158667892209
1662.1482785917399
2976.5255150074795
-473.16389683064017
454.7813914168653
-1048.3302159620587
-83.4307789767857
-152.51242748469875
-227.21770855335382
-9192.506285448617
3872.3893452427355
-111.34236766713222
0.0
435.50380568221163
0.0
0.0
4998.927403876893
0.0
-473.3056117408555
-2955.3008101203923
0.0
-2173.928183322902
-157.69401742131384
929.1900089206131
3888.590445116334
-827.3200017791063
2513.4998575394043
-160.1879642617847
-459.2735082402317
-161.0975280483057
3119.9669334282466
3338.7865591935933
2226.520851265116
223.40819520427067
-408.3251081742494
1244.1583592684763
-451.9009588979475
3883.5483205471473
-537.4326148270475
-94.77152497288307
-5447.219055289915
-198.76899642978566
0.0
2875.1423088703937
-157.8612551600341
5562.669996456567
125.91220832905765
5414.2363594568915
-481.69722507562847
6503.965927802964
-475.1400995861694
1229.044350265468
0.0
40.75575588737186
0.0
1799.325533434805
-486.118368102085
2350.0435464947814
1270.6873961970598
0.0
0.0
0.0
-439.8159623925068
861.7015146376941
724.3322767849826
-105.87144916685486
-451.54935699617306
-480.21840784709286
0.0
3360.9670910838363
0.0
-485.00770585794515
1024.315762979504
2060.1568334518847
1651.5989710584997
1326.664889693993
976.1289523249964
1171.805299926645
-422.0445025647578
-528.5281051018078
1371.5010922090585
823.1088836726408
871.0320887422004
-108.54863418077251
939.4824647205344
0.0
1354.4896194485593
2339.5651644345207
1368.5993063807555
-434.2377795193617
2768.509367248374
-466.05620564465994
-515.8709632171644
1712.939979401435
838.7058178372836
2805.1980510341373
-475.3689029017028
2219.8720337857844
-290.7374204838645
1028.4782387340956
106.57803307328896
-482.43067801376384
-1193.1561922309888
-249.9706494357752
2468.3185752663753
2303.629887062772
2704.4291097429777
0.0
0.0
1698.5359600667655
1650.6031569473896
0.0
-160.84843961927217
0.0
2908.571850896207
0.0
7055.9933648882225
0.0
3493.2777757507783
-31184.28288832172
-21078.415954762913
0.0
-505.80011120587386
-370.5278577964639
1732.4873347868397
4577.900021843026
5141.502900173617
-289.19110876798317
-482.33121019206743
2663.221941935625
7196.061021282892
3459.0834323280014
0.0
-454.76993621520046
0.0
-578.6003136113568
1303.5598152028404
-644.9739096359849
4143.763923761812
1119.4239812039345
9770.76907730081
0.0
-471.9258123698218
4331.088600890407
-246.44536518975065
-549.0755338765532
1349.541160510892
1892.7644899778074
10659.517919654194
2455.661568134381
1510.9227535648217
2825.478313167884
1631.7195746899754
-79.92123281565928
1798.0569318095133
4033.4405698182045
4336.641695119558
1668.1949010187225
-1536.027102305268
2727.154556967125
573.8997451558351
-968.513107407912
-720.6522160048893
-18385.365165400064
4298.4600095622345
0.0
-474.6178158025853
2129.4533704992314
0.0
2718.7679086489384
1724.5211845588306
0.0
0.0
2500.493947797183
-6237.837228508906
297.2797235121208
411.26150046248995
-473.96976743827383
0.0
72.01738664260813
-332.45004649465125
-464.54554954960366
-529.4135680194872
-513.3946703695996
-72.57389451409003
-78.87748506469477
-411.38999415493964
-411.5060204030843
-130.4888566243778
-292.0554771963446
327.8462198541158
0.0
-386.83283546165177
-2044.5042226665005
-485.43829549422253
912.9351240681453
208.00221459603313
1426.0586529457503
-480.3990584046897
458.09791641691777
-5021.0191230567
0.0
853.7930307989684
367.0302834200297
-1978.8137064663456
-393.4161177544755
762.0662507476591
-185.87053922685254
0.0
239.805172338671
957.7803277370401
501.19934012763895
-3122.606179526928
-230.10369940789366
-2943.268503625482
1585.4020295009873
-5024.582663207327
1288.2693677153163
3054.690774392214
83.92860472347706
2404.443119558063
2242.4994545672116
723.0137261315995
-245.41844182178076
3355.1186060450177
-8570.235748041106
1060.611967570143
-157.5869768933964
-1363.177486655528
-461.5291248419984
0.0
-159.50496905361075
0.0
0.0
3193.501035469307
-7783.762155945658
-1996.0101791265586
0.0
-3477.5879708055268
-5486.502257120112
-5275.729227157512
-93.65190177705577
-185.47114589219473
-3559.124179943299
1101.2983430110974
1262.1467569754395
1503.046714247124
1208.6231887744132
0.0
942.1881486624663
0.0
3769.269229826662
2090.9391349966418
7122.141235945308
-285.36875156481733
-12982.27378372969
1447.0104269051044
0.0
1866.2990329069835
46.72776109698228
-116938.433697936
0.0
-457.5614535914428
808.0123907263295
-495.52547817122047
-422.42862171960803
-515.3965067203528
0.0
764.8193635188762
-465.29868928209106
0.0
7060.307253389797
-73.19414753119732
-1685.5608994771505
2211.259955843593
3044.3948530270513
-199.3609498235402
1680.4150431565151
0.0
3599.6492887280115
1219.423163674027
2191.287649633945
3683.8998513890174
-450.3273434653909
-250.77975067381658
-3092.956794420482
638.7670162295971
516.0188987979906
620.4605490016795
-596.7804180923516
0.0
-9783.580884399229
-442.4627899484498
-415.9666036422674
2799.714600828074
0.0
-457.45245120933345
-156.39108656100507
-263.0316440520332
-491.9100091042581
-5096.807799112512
-97.4245687399719
-3399.6163032407703
559.1539930343988
626.08189742664
569.0093510160762
463.13815615284807
-193.7811774471312
240.91839148543266
-193.99104546100827
562.9820650044202
0.0
-16.72435368000083
-158.14380244891834
573.6364002820179
0.0
239.3878637453463
0.0
226.87916489512747
599.0914759698329
397.8110276134521
527.2390819454433
489.23565437422735
0.0
-426.8042762013757
-52.57273446084781
-62.75864699910818
-1087.4004557290389
495.9718861806965
663.3107273476338
-455.7232305732955
221.21868824649482
226.85679788488545
0.0
-247.13216871223432
-148.57753293481065
0.0
-8258.05784931136
-470.82394687904304
667.6559116129226
-598.7655434427265
-145.29406266720173
-4261.887418349402
-301.3195132597343
-184.2828000229177
788.6142605154147
0.0
-454.12058939113456
2690.41842435867
485.62268182908406
0.0
517.2369919321662
0.0
0.0
-577.7140941226212
482.05515640421106
-2248.566902974023
-165.57565180086067
0.0
-362.95069027515524
0.0
0.0
-4959.2958726884635
810.9779564668567
-3588.730684364383
-2178.0618120672807
-489.6790682474197
1390.5638110910943
-569.11545102121
-451.88647203366196
143.58214110507691
1101.457416116541
-1676.6270213730318
-1958.3066605316126
2179.1650137939005
0.0
-1646.3234435656063
-469.9878469751125
1209.477605159875
-471.281018031883
805.9274081988491
-184.81037611805309
-4713.677344350916
-712.8340483890305
1402.3805035107048
-96.13877878085177
-346.3772409316381
-557.6150044075949
0.0
-148.7467987800793
-1333.6153697517816
939.1592851891587
-8588.707601250035
-183.5284057188024
-3547.0894451941363
-3256.0240671341016
-319.73971747399503
0.0
874.693375935422
1163.4123215516904
2984.34610377476
99.95169923021035
-12791.94285732957
119.71587493013664
-3584.3900457166
-2286.937800942243
0.0
1113.6340255614052
919.1129252034186
715.1941385770283
-1364.3499328744167
2539.7739335101164
1670.843345263561
-488.75261724220616
-228.00730344380037
2425.063483903902
-555.6161847761753
-2224.054229436561
-2088.9401225185975
0.0
0.0
548.8911509639603
-943.4137190386205
-2054.4261028857536
-31893.10399805063
-114.06474620032553
-98.84152861699346
0.0
95.0533574506095
-1205.0078636508247
-97.64620505733035
-411.0664280960058
-87.80502646090277
-161.12645519344645
717.7671537873979
-555.8917575801191
-101.34861710252936
-102.62678978404013
-107.67470134999527
-102.38549877705185
0.0
203.11968146907958
0.0
-23316.245309084632
2461.4397339545853
-117.63634740907038
8293.905918905572
-160.98805889269872
793.0109537426896
-152.74486298484328
-466.30808292376133
-162.10515299428073
1233.4550171787296
676.4237749083087
1162.9252616759302
-518.7678811404348
-479.36459402399277
-50459.758933805126
0.0
5078.355208595904
260.948218732339
2246.9978258895076
-4784.971631388963
1131.1446806596805
1110.943604671647
0.0
4480.521549629937
-525.8101740678534
0.0
2179.3880706679415
250.99382124893532
-5766.084855652396
-481.39172589997077
-496.198289914232
13018.248441083084
-471.49367976179974
2170.352560797886
2566.0097026393605
-1860.3276149725123
-82.90265660114164
0.0
674.4040129068422
-212.9145210519727
-200.0
2766.6251012511316
-812.9590284757727
-385.83936293427695
1338.6818841626075
-404.3964836881464
1637.6107806814957
2872.2382863723938
892.9282995401031
1225.934488711525
0.0
214.90344946989177
195.08570965970677
7169.47534608095
2833.6237066789477
3564.5666230099537
767.4923379387294
2965.860656149604
0.0
2185.225166951424
4129.559074390265
-8073.606605582974
-1618.0785078952997
-445.1131098084053
-455.37160629830754
2934.5843457099227
1528.7023006676684
-415.1447491051897
1538.6248176868924
661.4232136940038
-50.443552809418975
0.0
1763.8781336044717
-16144.170279626658
1531.9716299726804
1118.5431362369688
-1556.5464374658468
296.95842920146606
-129.31480981233273
-390.62229811608944
2250.827139685484
2496.9229778762924
288.5162986400959
649.1729903658962
-186.54763259649567
246.65203942316822
-464.1684584504541
1502.5722608493586
4116.552094930671
2329.924537223598
4036.1731668465954
-1825.8883224862823
11338.580680897683
-3504.264620949536
1424.3271527063284
-445.2881674104208
3355.9610241812857
0.0
0.0
1459.3238443086407
-648.1498549414628
8030.026962521493
0.0
1178.4141518532288
4400.784719881752
-116.87826428577019
5252.986519390854
-145.20148490767392
2589.2645521070617
4414.9789598336765
0.0
-1220.8020870415487
-474.89088748221565
-12382.165405087282
-529.1750373799066
889.8964880215578
2363.458166809648
1979.1853123251562
1978.0906590739369
2530.367669908342
2068.87539820493
0.0
3223.9587530056974
1543.2191101433914
3853.9703073490896
0.0
-104.70602730796816
1767.8779110067821
1282.021288933022
-368.7676694096209
-6830.556232605837
5027.465463121744
232.8430471846562
0.0
-521.4679909966387
0.0
785.5118307193552
-101.09148116151276
-484.1995528007108
236.14173282725847
-199.36098988704603
42.33240300583327
-170.71078322610586
376.97499987646677
0.0
554.274996826969
-469.3567316836971
477.18375333108884
0.0
-400.6637144928584
-465.82988603025353
-196.82605494053166
-573.4186117524649
-9549.480251426068
0.0
-194.47119134251994
632.2320180591371
-1195.0663964906944
253.87631733004173
-467.94091974791286
458.51150237375
-38.59171725199269
-126.44994604811214
-985.581241811175
-173.3678976634862
488.6032245931002
256.98061677812143
0.0
0.0
-372.3226800144588
381.1663468067969
2260.0399113252715
-8561.447252515934
892.650301476664
932.6144529180924
231.8262042924303
198.17431630668437
0.0
131.81866286181258
-98.60841142497331
-484.5744329188148
0.0
-98.96149233805095
-103.72693556415669
-2975.8454191916544
895.4618281125431
1128.1996412149776
-517.509869344573
-276.7256157427526
973.0988857669136
571.9414025456616
577.5419402827132
0.0
0.0
-510.73159073727794
-479.3384095255275
-704.8116935719574
343.87617994603
-285.8502414643849
-462.56411396842026
47.48159929388285
0.0
-2750.051370584071
-517.3655283600626
493.44109382037925
1167.723962806731
517.7824352069554
-460.01020782854283
-58.182648872134905
484.2092021408871
0.0
649.1012503623562
637.772346138694
1871.4680972640444
1468.706368977164
-146.6081766532356
0.0
-314.9025938171064
2191.051937962396
1193.884456399445
-486.65992154006295
70.46155362774039
2098.118941660389
0.0
-4542.4660906810295
-136.4819857725133
1394.2750680178183
71.42263583616364
102.64901903785744
-84.89987798169393
576.1478902851784
0.0
1294.9042489686303
-794.8771377377734
-471.836427556515
1864.374497477299
87.69785486384046
-315.7471003965626
1217.3166449010746
680.0393095498404
-5285.084894484334
-371.67282997999195
0.0
0.0
407.2569571800219
505.8078001445292
-611.6464359183699
550.6546905008155
-502.98774903678174
-480.01012857249594
-28282.039078456182
1146.0671101508017
1172.9413709623163
-367.65520321178053
0.0
-1281.3348376615752
1330.1471853487792
538.9368900260868
0.0
100.0
-5215.245090876568
-462.35532078083025
184.9383968723683
-296.2982773027942
275.8835504492373
-195.31921208631744
714.6582122384342
1126.8300442204888
-39.91821591504254
1374.3103309050066
-283.2222263385732
798.0950967993012
-476.40359578535794
1205.2245286288146
1177.2107743561508
-45.62289514920684
0.0
1437.4748848185454
18.52989930405164
-7612.229741626408
-451.6455589783195
-93.23094458310543
575.0407953552346
-5955.251457363748
-498.15510983716456
824.2174913749063
-381.76485623917984
0.0
-104.06955069172493
-499.8020237275802
1372.0257836037626
630.1181336803207
1430.6336449365247
892.2097688048163
719.7077974344704
0.0
-12309.368873562706
-199.36285182193006
869.027047447744
-6443.759279059687
1238.013441425987
389.2925515175267
-244.5479245770565
422.76090642067356
-3920.9341956836133
1407.7176175276904
0.0
1189.7065120404675
-89.64018048089707
521.5054465306995
1095.773973209308
-127.94517979268589
-395.81898239011514
-159.80505029195237
1092.3620539550714
1705.5355009215828
1405.0051228039383
0.0
123.70280530766803
812.6787095217626
332.122932594713
0.0
1558.558705358785
0.0
0.0
0.0
-113.51691242403473
1176.7479631097574
1280.9983186626953
1597.3343686863827
-395.5936228976749
-201.82871036628868
-13.118385207284149
-4107.349537333525
958.1470010028818
-4254.962885157529
-171.85120537967362
-1228.8914377432918
1436.5894477573975
-428.4700530110615
-5315.679940953366
1166.1083380180753
1515.8373433951783
-456.8480539799999
1895.958696041419
-299.08184990100654
-269.2916026956428
-55247.33369014811
1638.2964251697972
246.0975888218847
-480.82158852918644
-105.05446434788519
-239.3076679123563
647.1766693075768
0.0
-45.046992391367326
519.7068452125529
-425.19754198681983
-988.9886394046151
1569.9410950980114
0.0
1120.060767651475
10.220290710962331
1095.0978870693023
1048.3410398155231
-594.0360842065456
1341.8138832999648
-234.39283194114813
0.0
0.0
2791.890528418908
-1146.6933998209925
1930.567861725498
-723.432455379768
2300.975278089449
-95.93743263998195
-84.83787807436838
848.8803238970102
-464.83530587084215
-567.6940511341485
-7104.617142384116
1412.432522947631
2540.833458750881
0.0
1968.163639742927
0.0
2281.35686176664
1829.7612316974348
-448.06584468196286
-172.68187885879237
0.0
1679.969022095371
0.0
0.0
908.8686022194318
-146.09535427734713
-336.9652090664796
2529.1371062384087
-472.5490769273409
0.0
695.9136726450307
3902.259934694849
2856.992919215874
0.0
1582.7122801177804
1260.3143359951423
2987.7774700286
161.70973191641235
-164.00773188641003
1203.5759901787803
-26736.378693461364
1342.9001435563464
1040.6553249753397
-37796.91525252033
4046.2185191997405
84.47948142360366
-489.39033526211136
1200.0098203848834
0.0
0.0
1518.6421620923563
-471.5204743940837
568.5710454467563
-183.9009708928071
1279.6433258082097
3446.85965025475
-29040.637206375686
-1348.3546653420906
-644.6886669885528
-7324.419244836197
-798.0056210784368
3111.2704772048637
488.33376346164175
2283.057400960103
-1468.3269344430971
301.9101836503752
-6266.677553745933
2459.2365292467
0.0
-688.9856582944349
463.0731429281534
-2648.971152704831
0.0
-563.4804317185911
888.3571257093454
410.2293983742693
-382.4230078822825
-1299.8248295038088
-448.81481108105635
0.0
0.0
-52122.64256868835
2156.3022201648528
0.0
1231.081141487327
634.4857952731396
-2982.3053779642
-509.5270837358756
0.0
1415.5923031520351
-585.3432625045198
3039.002646800632
-116.91019653476596
3443.849417747958
-690.0229678270595
0.0
0.0
-533.1422192352629
-492.7142659976438
158.98642736764043
-336.57590673665
2144.6165411899588
1710.7926175179598
-3963.2054470801486
0.0
1265.3105438334906
1597.7575582855472
-1175.156180934197
3436.8362071629317
0.0
0.0
-9253.657439809474
0.0
-3587.7919812028554
2007.485331569308
0.0
4961.108557782006
-472.1904502964323
0.0
123.68571185106299
-3863.6448326572017
1613.1999569079758
0.0
-489.67717478876625
3752.9313025655715
401.4871524972996
88.80752798113696
0.0
2754.1781064008383
-6252.549097155186
572.0647909525267
1222.5861268791173
-217.73909857635044
2782.4900744155443
1942.3460053041704
2286.7396069747
2763.104255505874
3540.1234644763617
3868.4928434797166
-3385.008843753006
1360.9972717784046
2498.949025996071
3923.1662055346287
2793.9964780728737
-120.33295225661081
128.3908845485496
486.3276892139836
408.6889251923561
0.0
2066.5140312229637
0.0
1465.9185373713951
1354.8621510898656
94.26661651001552
1437.2332100329468
158.0782721584373
-293.3465206789383
-471.84198657217024
-181.04508885141988
-422.4787834002915
1981.4185563513392
1634.5218685794405
-523.9706650790513
140.11058063436167
-190.28440725245704
-391.0974796255617
2045.807312975261
1218.332998006682
-387.00189490662547
86.65213895526966
-388605.4736322956
-568.2340893193004
-201549.69880460057
0.0
-73.90810352295915
-593.3575643735769
0.0
0.0
0.0
-452.40010624572784
168.77666784220634
0.0
-179.93292088042966
378.5442352458856
-168.38208735201795
394.07428589590563
306.32137193263554
-1081.5372737161574
361.7653775207266
2171.154249963605
-197.53472186591583
-473.03965114446993
1963.3504393922904
2454.342230254344
1618.6373879116693
-5220.677653067428
852.5986645605612
1321.6224739931965
-107.24553719221366
-454.4366517248279
1271.4140889377222
5638.636437967925
725.3097236100529
644.9951330808138
386.2253989415707
575.0793004518243
37.13236951633115
-161.03560369394904
-1312.1096371294095
-344.2443312211
0.0
1166.132958412359
0.0
100.0
793.8660568784949
-247.61037307607964
155.54524350815825
-83571.51945869534
-2711.093193492992
4068.6682251066422
1912.657636985034
-471.5413307553847
159.86044027415517
1387.0299629484798
-820.8762487231486
1194.198183535336
-33023.04124187301
-480.2110670550916
-1203.7658764292892
0.0
-435.0955462950259
1071.4401325574001
-6833.990479718415
260.97864374601124
-18.48551297472781
-407.6782611284633
-448.3954487379172
0.0
-458.62331992157095
324.4946311208805
706.158387533069
4012.4682890312715
598.6102392626751
387.7915915684216
804.0064721072456
-178.24549728848
1070.2450052602694
765.4139500129071
112.3329387782228
-47.446230550874304
-646.1265595306453
-451.81764040692474
-60.00464537843476
79.68499847618784
-9221.452271918002
197.54305424181075
0.0
-548.9951622371993
0.0
1083.5467647064415
-46590.557184627934
707.7048108991337
-25363.076366111778
282.81849088464764
0.0
-468.110108906696
-3204.886939076039
-160.6164033272201
0.0
-8422.034988841318
-281.5093839812919
2791.5524791632038
-27.427302177876186
-410.49689290437215
-597.9613218986788
0.0
-446.8774752912425
1248.1516219373718
-88.82035878699321
271.2862879574283
16.94110750508389
1072.7861408695937
-203.64727422255072
-99.46116727042006
277.1505982373625
-513.9914511610389
211.29513018137033
-2773.0478799544417
-192.67217651964486
-503.63149410985636
-1269.3701606849174
-176.87825613265304
0.0
351.05114484243836
-8835.980285736456
0.0
0.0
-11641.578821710767
-0.5735858672525467
-155.1659248176426
0.0
-348.1010190348321
504.34937198810223
22.052553087353743
54.264554239416185
-118.43106897550246
-1025.7111200842696
-49.14100239570473
-94.286932535364
-599.6905267471768
-3501.5841167827407
-2688.7951483544475
0.0
-493.6106226619837
171.59586412101407
105.6069825234066
51.3786011218169
-829.1105361704288
31.482805968253672
0.0
0.0
95.06997097356094
596.3986648355651
0.0
-865.9608050714154
357.8049277521826
-1995.6552228251737
76.51450839121605
0.0
80.2963515917873
87.5989903524785
-171.1692334633838
55.8554424836845
0.0
293.83064622266664
-771.7557317770622
-2353.5558708085437
-656.4715956605204
-3148.6597202520643
110.39568994890288
304.42710321307806
0.0
102.84048655970224
308.9508732181174
-197.59221103333158
327.58214441479277
240.35751833056366
243.89287926234306
-188.5781198531394
0.0
87.77841816025011
50.63901959913147
0.0
0.0
333.09019795128154
367.9838328108875
-596.9068937716363
-252.63887824717438
0.0
-4311.717434618289
-885.4353797636666
269.0069998064555
-2052.4889967546883
-141.4782037648405
-66.36492150011892
-2060.5313343603157
0.0
-440.5880881383313
823.2898948630722
403.1096525804227
370.7897050613158
0.0
532.8927859328494
189.3811178769409
-382.79098685528675
694.5826029954051
-166.67284702703267
-9677.11547249127
1456.8831976066742
1841.645164696562
1694.8759335592333
-164.29370214876522
596.2931819851013
-466.3435633905298
3369.761145683903
696.5890264743724
1169.5933059346976
1355.5786421495634
3667.3931152536084
3353.8564525033385
272.42329194721606
-9973.76034821937
506.26863247569565
-105.11582734911887
2667.1801263073444
155.72505127683684
1872.1162137028186
0.0
550.7036001158514
0.0
1681.496413316624
-354.0317171685796
1271.0957133484917
3084.40790989029
1781.7612312190852
-483.6403799418857
730.6399258188754
-1297.8629511684155
-34177.526232059805
-738.0694176464893
-554.7670934353773
-928.8207819714308
-555.6103529013528
0.0
884.0454393163909
2249.9224971471053
1888.0011339454709
1812.029284086853
-5481.461501836446
830.1727235178851
1559.8483557153932
4008.9079666776806
175.7099029413297
-198.72363074594733
-190.13576906452232
-29413.377126862135
-575.1019457183575
-1016.44141439729
-362.4502295229157
-1571.4103057831019
786.0885379100455
0.0
4578.683872976111
10806.48100806488
-299.08256311745686
-4.824009148695978
1318.406055521793
3478.5689068687057
2482.456045418807
2736.179290150626
100.0
-2414.7804000104848
3623.0921340605205
1081.162480431513
0.0
-166.0768269727718
-271.3986698595322
0.0
-2573.9687685449894
5216.286510970393
0.0
-162.53477200899584
665.189743543484
1348.0954075101408
1724.6096189529621
-1840.329959185937
-249.95502213453761
1806.1139290363697
2539.072311819192
-1704.169169852098
1910.017695455128
1249.0609998538785
-200.0
-393.2147679985904
-3842.70904645884
0.0
0.0
-262.0655737608505
-19502.150804047495
2705.569398290532
2962.1647185462534
-219.6450806732824
3606.470410082954
-627.4486850669605
3070.4338506302242
119.70347948669911
194.6841892854635
155.1371155772489
-750.5254889314266
-226.38516786674163
26.09983457614166
792.9448464861448
0.0
3094.954408168699
6422.028777720492
2627.3636619775393
2868.164685180877
-3790.0841402746646
573.9583176489186
1291.9089959097962
9067.329259569882
6382.968445487307
-258.7468611667256
4883.892335009065
2988.513663655797
0.0
14917.354945272376
2224.367932890009
-472.9744405552151
217.19393451251892
2789.4571115272583
685.4239477876737
-712.9213088210871
-11594.73795654564
-1631.360861699086
6031.815015222577
-3986.1600215598996
-203.64612843216176
3583.3769059791402
-857.3407797587931
1741.417908442351
-1739.5456201356044
-611.5044859604423
0.0
932.6692893805944
253.11055316922938
-306.21806892645213
5050.340743946062
0.0
-8837.778267759311
2250.761043542736
639.8867230908485
0.0
-460.76904129607664
-277.67267407690235
-2864.505409470269
-101.89674772386206
-12189.117972129588
-477.8526478429343
0.0
-166.96797400650698
825.3727785828742
-10.778169205358637
-105.90748538631019
-42.02212587432905
0.0
-14673.244172622019
-857.7195168360826
-725.9224920360583
-187.75738371761238
-378.67892439182816
-1802.948964024153
-123.38546414468692
-570.6594889688001
-86.884988767719
0.0
-564.6890685599519
-7859.573771657558
-104.60591862289824
-112.30143820091052
-96.88324702382609
0.0
0.0
-7542.665682772629
-199.361198605226
-108.262274814416
-574.5103507686313
-4538.464189924392
-6472.875863239458
-101.6946910012694
-589.8365539561714
-96.74891165284329
-124.65326482788586
0.0
-111.9615220420039
0.0
0.0
-113.25510928792109
-73.3016797505926
-125.23542342399433
-41630.42297926037
-1212.3884294317681
0.0
-1120.2585910480764
-749.7451274521275
-19788.64700797696
-19259.273110336206
-588.9878043666426
-13891.717476655687
-1789.5280351034571
59.545483889219554
-729.0683616383341
44.7172511787158
-2875.1813739044146
0.0
-775.1952719670624
-100.88489872019245
-25.243539805456948
-346.2119829696039
202.73234412757228
-134748.74584799178
-173.82594769315435
-419.91666938932616
-3947.9186226292973
-124.97115503963299
-94.58152588225029
145.71027467695677
-104.55162318432691
322.23701218693463
0.0
-607.3105648529811
-98.0585423492197
-1865.3793610149542
-484.25398906069853
-100.2188436896432
-128.13330864474358
0.0
-1447.0492741180897
-3707.544374191501
-108.19834704356225
-13348.272017372983
-202.14802374128368
-89.20640191312458
-23856.720397386387
0.0
-16723.269151769247
0.0
-137.46989521567886
-552.4458646743991
18.457714011973337
320.7915257753076
0.0
-352.29675558974577
0.0
-391.780505350137
1696.652419482281
742.2073433465512
0.0
-22.384845603317444
81.58170425304638
-336.02344512048126
-108.49881256210662
-1194.9558531861112
2701.1311256010795
-27165.92200358695
411.5001336726599
1238.3426100781562
-430.2509180731256
921.0381359093906
1110.8129329348824
3494.602915916105
-2175.859613087692
3157.4113681678205
-2384.558390645187
3825.591930678621
2492.8704243878065
-492.81120497621595
0.0
2510.5424420068757
314.61836021674014
1223.3414366623215
0.0
1762.387814821134
0.0
409.0641478639749
0.0
-533.5856943992201
872.7712993415778
1461.0204961522297
-267.16438510967237
270.4147831985244
-94.13938440372627
-2331.4536651631624
812.7104163712731
2150.0743482850767
0.0
-1784.460489439045
1590.9468654098603
767.0776037431981
-5537.827594728638
1220.1274007113223
-3800.6801466367706
2173.616284216331
1986.1337012199556
-5628.238354018933
746.8311185405182
-1255.4196558100657
0.0
1989.1998511998104
-515.2269818195581
-3713.6610216075064
-399.6166649906192
3863.189937840443
4919.11668607509
-3042.3793016905292
546.0114884110768
3503.7572645531877
-519.5803924221249
2395.8028990628977
-1535.228285182866
2273.209534571339
2369.720307249812
633.5685193778818
-562.7786681657174
1526.8615012454238
-478.55823768060577
-539.4318044598756
1544.95885119488
-2476.5590169582138
2170.5114541298267
0.0
-23002.676108512074
-474.1568279348928
1696.4577484940708
-577.6217030030689
-573.8618719016481
0.0
1353.4885085612304
-463.3823379710837
2043.5640211147065
1902.543587670828
1587.7981153066917
0.0
-1053.3220993826314
0.0
-240.78844173954653
2337.1478400615197
1273.6578285256523
100.0
-10297.992108496454
0.0
2845.3462030629785
4488.067725622033
1756.4713489512208
2136.881039783361
-39238.91849451677
0.0
1284.0675038058719
-969.6429485671431
-203.6402649900001
-2621.6734737974375
286.36486339655596
-592.3407248965366
0.0
-761.3663315731613
243.1230792368388
0.0
27.989215990055158
-51828.108337021156
-143.08735541797142
-3479.76851698072
0.0
0.0
0.0
0.0
-14826.689078696574
-147.9403603865354
239.42102090401949
235.52369675907852
-730.9448357805059
0.0
-3454.5546112582215
-10074.87581202565
-1017.2025305751297
754.9628034239913
-4694.574998192874
-108.3607627279085
1319.7510079845072
0.0
407.2812785363999
1321.450497498842
2087.1488922459803
2042.803094234298
682.3766083503231
0.0
909.3188556521238
1766.0799096305218
-10772.207268601738
-19168.239955574096
1309.2868159236484
-15754.61491326188
-190.9807949436601
-2032.6272935284396
-3506.977010507691
-4866.403328434266
223.5470759972211
2019.387118214283
2999.799851192764
-528.5871267101384
-653.2923221267529
929.8402695743
813.534097463091
-565.7089302938712
3.5387563677560365
0.0
-716.6334468115775
-3449.6777247198706
-5115.425933501724
270.1339546482993
244.5988486558599
0.0
-190.08392467731346
-214.29791641397168
-738.2033789882756
457.59515146173624
240.08158315939744
-5598.911681624956
-882.5696823868922
-710.0070014977141
-283.4061995060597
645.2985485231285
746.6281182544019
0.0
533.7273016570331
597.0139226213915
0.0
211.0819473777707
1997.6318712038455
409.32341646992086
-24437.49396150259
431.806835743257
194.22161264862507
-949.0614787469201
0.0
-395.90575064988786
742.5342004091171
782.2128026449752
831.4456914920809
0.0
-686.0965553929217
-205.41947560873575
799.174416879301
-114.50936295263698
41.90345188801609
0.0
945.5229104478153
0.0
-162.63943561789938
-596.41721710603
1248.9176127238145
666.0178346231679
-5323.850896394226
-153.0137786565083
0.0
266.0587258680219
814.1338984714578
565.6199748720813
983.8487407903565
826.2968252147273
-30678.866594350682
63.60744049984288
483.4506522360962
-397.3573219899765
0.0
695.6013744992741
1102.8553557624239
2594.869532437264
1223.5238325544406
-2766.219856778675
775.2687653988082
1161.7653724928293
-160.25046412665282
-1652.6623962843698
0.0
-183.54315164919186
992.6702832053031
-525.9890751022137
587.7434396560246
0.0
9.036346526795484
1566.1039160288092
-636.1830584335553
1186.8983676705807
1190.1603677142368
1240.0167913149614
-385.8859224279681
1428.92121589948
-1127.8706297297708
1806.2280548290291
0.0
-19375.238146410815
1191.2684940602608
-184.93632602585902
-644.3657534955794
-2864.541519360264
-500.85487864319623
0.0
173.44943801398853
188.17965855613414
95.13090826517623
-574.0618597800001
188.92917831535567
0.0
114.48206553604126
-381.4969539287549
197.35383525181356
408.1022770607285
0.0
-759.1631074443565
213.64372524780094
145.19825268167375
0.0
145.95639017833025
0.0
233.29119555170053
189.69460845301666
0.0
846.8898338863087
170.11410085394454
171.02390929174646
0.25548769656214176
-1908.6932380518338
-357.27677788744523
-1326.460430193253
0.0
0.0
743.11080597583
0.0
-261.32425358918823
-163.47727827413576
427.3915177951603
-33.432295428405695
-483.10111817511785
-269.69877684921397
313.2271402361565
-353.99438051066136
485.31640131930124
-911.1578624289688
0.0
73.28002900777341
-607.0378656761866
63.4570086783437
-746.1456654296563
320.18779191006433
-528.9388388621849
153.44500581359898
90.53191889436408
0.0
-49133.4881342911
392.68061998793803
892.4287927479247
77.2424593837257
309.1151736012875
0.0
0.0
360.39093748874166
191.6234966549569
0.0
265.2300917776748
87.29332495937484
0.0
-105.64879184584292
-1100.463358692074
-183.3820207953252
0.0
474.47069097663007
-8187.7151240115445
-1120.4453899709356
-894.0524487109162
861.4590280236714
1431.5802433839092
0.0
1843.8747417308273
2509.732955866042
-8906.575320117909
0.0
1010.715859216072
170.72497512388412
170.18810228200277
2646.898628143652
0.0
1030.375497359594
737.8605405561241
1409.894810668105
238.95023626315998
60.99095028344391
0.0
-572.9230250909618
0.0
0.0
0.0
415.8268772268269
96.0872317117504
-2727.7852268442734
114.83034770304147
0.0
303.3305250807709
0.0
729.467204184176
-182.49240172218975
1811.4870808312578
64.66840902532181
0.0
235.85695367384739
-152.89831830426834
402.19639182399817
-160.45846487348064
313.87609234498575
-16500.54468856521
-162.16225740068376
-427.67002579294797
-54.497824015291826
-891.8520035639974
361.094861107424
-2730.0891086980287
-19669.387442287447
0.0
-505.59958480359444
-569.0604716043418
-68.58269381807759
-258.5914514381923
0.0
-617.1816620343416
426.25854743312095
378.28415656707523
-515.2981844464709
279.3663218464721
-1407.5174452469405
1910.5536677541609
0.0
-3567.3787266486793
0.0
0.0
393.055110865611
-570.1673673153846
0.0
-462.45252316378793
-288.5966246170119
333.6064586944608
0.0
-6384.165457603669
0.0
386.6425757621954
397.48500409963947
-164.81458694481347
-1011.8854624819688
-5041.852040471002
-611.7179770094403
420.67438748504196
0.0
-801.5305735256684
295.465542948951
-3.177211777006022
-2279.756435901171
391.01636807478803
690.0213752694287
470.2079887771737
729.7905055533233
401.68331787535396
797.4623475182593
103.60367873796883
104.24271100508815
0.0
411.9776361281821
0.0
348.4947392269662
307.38575106794934
-752.8897801272589
-4138.718812852922
89.47859475979709
0.0
-80.61622497071131
365.63287979157417
-8333.524263705809
-1054.8040261508959
0.0
-75685.29655802452
-4800.228659125991
0.0
-831.5501856479559
-70.83253328624946
-41.59227939500468
729.480770517375
0.0
0.0
-61.98759781649909
-88.76614902294395
0.0
76.18713219477951
399.01473881729896
-316.45891801716164
-277.46482450720873
-177.96304042964906
-613.4303130127307
0.0
-95.13904899855198
-103.3309223927343
-11057.996406173219
-479.50895486001224
-364.0855135840627
0.0
-776.8586032158656
-34683.59841444034
-95.14038159928481
-13174.32931242618
-480.09919288546524
0.0
-14687.37948031736
-385.8393505183974
-187.4168236270915
-148.57237415800358
-111.41916006680964
-98.43959303099822
-108.44093643466992
-66332.3727327549
-72.30001267110411
-4818.647149518491
0.0
0.0
-171.7056627331531
-52.15688036348138
0.0
-102.11697020763458
-543.1560198131801
-203.64965213227987
-814.3615350326498
-552.7970224404394
-7333.3572109747
-194.12751428725622
-13.471899829012159
1201.0800119260127
-449.69688159188655
106.02662328335515
-154.00573160960647
-2605.1957059616107
-107.47811903410431
-194.28373493200792
-885.9454332372404
-6824.256850552802
-23780.321283818066
-522.6220166528835
-150.50909503760627
0.0
161.7253676001182
-104.97344171923565
0.0
-98.02834242189948
-464.75482020453416
-1632.5969363352658
-164.99457037794537
-161.56646984335845
